2,,0380000,,,,X,Xs,ȉɌfڂȂꍇ
2,,0300846,,,,X,Xs,t
2,,0300811,,,,X,Xs,
2,,0300956,,,,X,Xs,ԍ
2,,0300851,,,,X,Xs,
2,,0393501,,,,X,Xs,
2,,0380056,,,,X,Xs,
2,,0380059,,,,X,Xs,
2,,0300111,,,,X,Xs,r
2,,0380003,,,,X,Xs,΍]
2,,0300922,,,,X,Xs,
2,,0380043,,,,X,Xs,n
2,,0300136,,,,X,Xs,
2,,0301262,,,,X,Xs,㊃
2,,0300932,,,,X,Xs,
2,,0380051,,,,X,Xs,^
2,,0300842,,,,X,Xs,Y
2,,0300141,,,,X,Xs,
2,,0300155,,,,X,Xs,J
2,,0300852,,,,X,Xs,
2,,0300144,,,,X,Xs,ʓ
2,,0300123,,,,X,Xs,
2,,0300914,,,,X,Xs,
2,,0380041,,,,X,Xs,
2,,0380002,,,,X,Xs,
2,,0380054,,,,X,Xs,
2,,0300841,,,,X,Xs,
2,,0300143,,,,X,Xs,
2,,0300137,,,,X,Xs,
2,,0300821,,,,X,Xs,c
2,,0300902,,,,X,Xs,Y
2,,0300844,,,,X,Xs,j
2,,0300853,,,,X,Xs,
2,,0300145,,,,X,Xs,l
2,,0300855,,,,X,Xs,k
2,,0393502,,,,X,Xs,vI
2,,0380013,,,,X,Xs,v{u
2,,0300935,,,,X,Xs,K
2,,0300918,,,,X,Xs,₫
2,,0300134,,,,X,Xs,q
2,,0300943,,,,X,Xs,K
2,,0300153,,,,X,Xs,
2,,0301272,,,,X,Xs,
2,,0300954,,,,X,Xs,ij
2,,0300953,,,,X,Xs,iuj
2,,0300955,,,,X,Xs,ȋj
2,,0300915,,,,X,Xs,
2,,0300903,,,,X,Xs,h
2,,0300945,,,,X,Xs,
2,,0380032,,,,X,Xs,
2,,0300942,,,,X,Xs,R
2,,0380031,,,,X,Xs,O
2,,0393506,,,,X,Xs,O{
2,,0301261,,,,X,Xs,lˋ
2,,0380011,,,,X,Xs,c
2,,0380052,,,,X,Xs,
2,,0300941,,,,X,Xs,RPu
2,,0380042,,,,X,Xs,V
2,,0300801,,,,X,Xs,V
2,,0300135,,,,X,Xs,V
2,,0300933,,,,X,Xs,zK
2,,0380055,,,,X,Xs,ˎq
2,,0380015,,,,X,Xs,犠
2,,0300854,,,,X,Xs,x
2,,0300113,,,,X,Xs,≮
2,,0300931,,,,X,Xs,Vc
2,,0300151,,,,X,Xs,c
2,,0300924,,,,X,Xs,i쌴PXO|Pj
2,,0393524,,,,X,Xs,ȋj
2,,0300124,,,,X,Xs,cΖؖ
2,,0300916,,,,X,Xs,c~
2,,0300904,,,,X,Xs,
2,,0300822,,,,X,Xs,
2,,0300925,,,,X,Xs,z؊
2,,0300958,,,,X,Xs,
2,,0300962,,,,X,Xs,
2,,0300911,,,,X,Xs,
2,,0300944,,,,X,Xs,
2,,0300812,,,,X,Xs,璬
2,,0380045,,,,X,Xs,߃P
2,,0380046,,,,X,Xs,˖
2,,0300934,,,,X,Xs,ˍ
2,,0380004,,,,X,Xs,xc
2,,0300952,,,,X,Xs,ˎRiԍj
2,,0300951,,,,X,Xs,ˎRȋj
2,,0300131,,,,X,Xs,≮
2,,0300861,,,,X,Xs,
2,,0300963,,,,X,Xs,
2,,0300961,,,,X,Xs,Q
2,,0381321,,,,X,Xs,Q
2,,0381313,,,,X,Xs,Q]
2,,0381325,,,,X,Xs,Qk
2,,0381324,,,,X,Xs,Qg
2,,0381343,,,,X,Xs,QRO
2,,0381312,,,,X,Xs,Qܖ{
2,,0381345,,,,X,Xs,Qΐ
2,,0381332,,,,X,Xs,Q\
2,,0381341,,,,X,Xs,Q
2,,0381305,,,,X,Xs,Q
2,,0381301,,,,X,Xs,Q߉
2,,0381304,,,,X,Xs,Q~
2,,0381342,,,,X,Xs,QM
2,,0381303,,,,X,Xs,Qˎq
2,,0381302,,,,X,Xs,Q
2,,0381311,,,,X,Xs,QQ
2,,0381306,,,,X,Xs,Qc
2,,0381322,,,,X,Xs,Qז
2,,0381323,,,,X,Xs,Q{
2,,0381333,,,,X,Xs,Q
2,,0381331,,,,X,Xs,Q
2,,0381344,,,,X,Xs,Qgc
2,,0380022,,,,X,Xs,Q
2,,0380024,,,,X,Xs,QّOc
2,,0300856,,,,X,Xs,
2,,0300948,,,,X,Xs,Pu
2,,0380014,,,,X,Xs,
2,,0380057,,,,X,Xs,c
2,,0380001,,,,X,Xs,Vc
2,,0300154,,,,X,Xs,
2,,0300142,,,,X,Xs,
2,,0300152,,,,X,Xs,
2,,0300122,,,,X,Xs,K
2,,0393503,,,,X,Xs,
2,,0300823,,,,X,Xs,{
2,,0380058,,,,X,Xs,H
2,,0300966,,,,X,Xs,ԉ
2,,0300843,,,,X,Xs,lc
2,,0300947,,,,X,Xs,l
2,,0300919,,,,X,Xs,͂܂Ȃ
2,,0300921,,,,X,Xs,
2,,0300847,,,,X,Xs,
2,,0300913,,,,X,Xs,
2,,0301273,,,,X,Xs,
2,,0300862,,,,X,Xs,Ð
2,,0300946,,,,X,Xs,Ê
2,,0380023,,,,X,Xs,׉z
2,,0300957,,,,X,Xs,u
2,,0300802,,,,X,Xs,{
2,,0380053,,,,X,Xs,Oc
2,,0380044,,,,X,Xs,
2,,0300813,,,,X,Xs,
2,,0300965,,,,X,Xs,X
2,,0393507,,,,X,Xs,nK
2,,0300845,,,,X,Xs,
2,,0300901,,,,X,Xs,`
2,,0300964,,,,X,Xs,
2,,0393505,,,,X,Xs,{c
2,,0300121,,,,X,Xs,
2,,0380006,,,,X,Xs,OD
2,,0300937,,,,X,Xs,{
2,,0300133,,,,X,Xs,_J
2,,0300912,,,,X,Xs,dc
2,,0300917,,,,X,Xs,
2,,0300803,,,,X,Xs,
2,,0380021,,,,X,Xs,c
2,,0393504,,,,X,Xs,c
2,,0300936,,,,X,Xs,cO
2,,0300112,,,,X,Xs,c
2,,0380012,,,,X,Xs,
2,,0300923,,,,X,Xs,
2,,0300132,,,,X,Xs,
2,,0300125,,,,X,Xs,lc
2,,0301271,,,,X,Xs,Z
2,,0360000,,,,X,OOs,ȉɌfڂȂꍇ
2,,0361516,,,,X,OOs,
2,,0368246,,,,X,OOs,
2,,0383615,,,,X,OOs,q
2,,0368062,,,,X,OOs,R
2,,0368279,,,,X,OOs,
2,,0368264,,,,X,OOs,
2,,0368252,,,,X,OOs,Pu
2,,0361302,,,,X,OOs,
2,,0368364,,,,X,OOs,V
2,,0368124,,,,X,OOs,ΐ
2,,0368316,,,,X,OOs,Γn
2,,0368164,,,,X,OOs,
2,,0368134,,,,X,OOs,n
2,,0368201,,,,X,OOs,Ԓ
2,,0361325,,,,X,OOs,꒬c
2,,0368097,,,,X,OOs,c
2,,0368073,,,,X,OOs,
2,,0368023,,,,X,OOs,Ac
2,,0368002,,,,X,OOs,wO
2,,0368003,,,,X,OOs,wO
2,,0368132,,,,X,OOs,TX
2,,0368104,,,,X,OOs,
2,,0368346,,,,X,OOs,Y
2,,0368311,,,,X,OOs,
2,,0368071,,,,X,OOs,v
2,,0368125,,,,X,OOs,
2,,0368161,,,,X,OOs,吴
2,,0361513,,,,X,OOs,叕
2,,0368175,,,,X,OOs,x
2,,0368242,,,,X,OOs,匴
2,,0368247,,,,X,OOs,J
2,,0368004,,,,X,OOs,咬
2,,0361203,,,,X,OOs,X
2,,0368133,,,,X,OOs,a
2,,0368034,,,,X,OOs,k
2,,0368033,,,,X,OOs,k[
2,,0368197,,,,X,OOs,
2,,0383613,,,,X,OOs,F
2,,0361205,,,,X,OOs,S
2,,0368096,,,,X,OOs,\
2,,0368191,,,,X,OOs,e
2,,0368383,,,,X,OOs,܊}
2,,0361204,,,,X,OOs,L
2,,0368152,,,,X,OOs,w
2,,0368204,,,,X,OOs,o咬
2,,0368192,,,,X,OOs,b蒬
2,,0368335,,,,X,OOs,t
2,,0368052,,,,X,OOs,c
2,,0368111,,,,X,OOs,O
2,,0361332,,,,X,OOs,
2,,0368013,,,,X,OOs,㊢P
2,,0368354,,,,X,OOs,t
2,,0368207,,,,X,OOs,㔒⒬
2,,0361504,,,,X,OOs,
2,,0368221,,,,X,OOs,
2,,0368332,,,,X,OOs,Tb
2,,0368022,,,,X,OOs,
2,,0368114,,,,X,OOs,썇
2,,0368103,,,,X,OOs,
2,,0368277,,,,X,OOs,͌
2,,0368226,,,,X,OOs,
2,,0368061,,,,X,OOs,_c
2,,0368227,,,,X,OOs,j[
2,,0368194,,,,X,OOs,k[
2,,0368012,,,,X,OOs,kP
2,,0368213,,,,X,OOs,kV
2,,0368151,,,,X,OOs,k
2,,0368031,,,,X,OOs,k
2,,0368046,,,,X,OOs,k
2,,0368251,,,,X,OOs,x
2,,0368163,,,,X,OOs,
2,,0368245,,,,X,OOs,
2,,0361303,,,,X,OOs,
2,,0361433,,,,X,OOs,g
2,,0361321,,,,X,OOs,F
2,,0368345,,,,X,OOs,咬
2,,0361502,,,,X,OOs,
2,,0361434,,,,X,OOs,y
2,,0368005,,,,X,OOs,
2,,0361431,,,,X,OOs,
2,,0368123,,,,X,OOs,
2,,0368127,,,,X,OOs,IR
2,,0368243,,,,X,OOs,
2,,0368362,,,,X,OOs,܏\Β
2,,0361503,,,,X,OOs,܏
2,,0361331,,,,X,OOs,ܑ
2,,0368331,,,,X,OOs,l
2,,0361322,,,,X,OOs,z
2,,0368366,,,,X,OOs,z
2,,0368361,,,,X,OOs,
2,,0368216,,,,X,OOs,ݕ{
2,,0368076,,,,X,OOs,
2,,0361511,,,,X,OOs,s
2,,0368336,,,,X,OOs,h
2,,0368244,,,,X,OOs,⌳
2,,0368016,,,,X,OOs,{
2,,0368211,,,,X,OOs,ǒ
2,,0368241,,,,X,OOs,Pu
2,,0361441,,,,X,OOs,
2,,0368222,,,,X,OOs,ђ
2,,0383612,,,,X,OOs,
2,,0368342,,,,X,OOs,X
2,,0361514,,,,X,OOs,c
2,,0368312,,,,X,OOs,O
2,,0368341,,,,X,OOs,R
2,,0368102,,,,X,OOs,
2,,0368206,,,,X,OOs,
2,,0368261,,,,X,OOs,ΐXV
2,,0368217,,,,X,OOs,ΐX
2,,0368183,,,,X,OOs,i쒬
2,,0368254,,,,X,OOs,
2,,0368262,,,,X,OOs,xc
2,,0368113,,,,X,OOs,X
2,,0368353,,,,X,OOs,t
2,,0368356,,,,X,OOs,⒬
2,,0368265,,,,X,OOs,
2,,0368266,,,,X,OOs,RPu
2,,0368228,,,,X,OOs,
2,,0368275,,,,X,OOs,鐼
2,,0368095,,,,X,OOs,铌
2,,0368093,,,,X,OOs,铌
2,,0368092,,,,X,OOs,铌k
2,,0368232,,,,X,OOs,
2,,0368193,,,,X,OOs,Vb蒬
2,,0368214,,,,X,OOs,V
2,,0368215,,,,X,OOs,VV
2,,0361342,,,,X,OOs,V@t
2,,0368085,,,,X,OOs,L
2,,0361506,,,,X,OOs,
2,,0368187,,,,X,OOs,Zg
2,,0368072,,,,X,OOs,
2,,0361515,,,,X,OOs,n
2,,0368001,,,,X,OOs,㊯
2,,0361344,,,,X,OOs,
2,,0368091,,,,X,OOs,
2,,0368271,,,,X,OOs,鏠
2,,0368302,,,,X,OOs,
2,,0368084,,,,X,OOs,c
2,,0361312,,,,X,OOs,
2,,0368018,,,,X,OOs,c㒬
2,,0361324,,,,X,OOs,m
2,,0361432,,,,X,OOs,ٌ
2,,0368234,,,,X,OOs,ٖ
2,,0383614,,,,X,OOs,s
2,,0368054,,,,X,OOs,c
2,,0368055,,,,X,OOs,cΖؒ
2,,0368041,,,,X,OOs,U
2,,0368131,,,,X,OOs,N
2,,0368044,,,,X,OOs,
2,,0368074,,,,X,OOs,Éimj
2,,0383874,,,,X,OOs,Éȋj
2,,0368374,,,,X,OOs,y
2,,0368036,,,,X,OOs,SC
2,,0368086,,,,X,OOs,c
2,,0368319,,,,X,OOs,
2,,0368196,,,,X,OOs,
2,,0368263,,,,X,OOs,Ս
2,,0361345,,,,X,OOs,Ֆ
2,,0368032,,,,X,OOs,c
2,,0361201,,,,X,OOs,\
2,,0368381,,,,X,OOs,ƌ
2,,0361202,,,,X,OOs,\ʑ
2,,0368182,,,,X,OOs,y蒬
2,,0368094,,,,X,OOs,O
2,,0368317,,,,X,OOs,O
2,,0368382,,,,X,OOs,xh
2,,0368186,,,,X,OOs,xc
2,,0368173,,,,X,OOs,xc
2,,0368174,,,,X,OOs,x쒬
2,,0368101,,,,X,OOs,Lc
2,,0368154,,,,X,OOs,L
2,,0368171,,,,X,OOs,
2,,0361333,,,,X,OOs,
2,,0368075,,,,X,OOs,q
2,,0368015,,,,X,OOs,P
2,,0368313,,,,X,OOs,
2,,0368155,,,,X,OOs,iځj
2,,0361451,,,,X,OOs,ȋj
2,,0361452,,,,X,OOs,
2,,0368385,,,,X,OOs,ʏ
2,,0368344,,,,X,OOs,⒬
2,,0361206,,,,X,OOs,
2,,0368212,,,,X,OOs,쓄
2,,0361304,,,,X,OOs,V
2,,0368083,,,,X,OOs,V
2,,0368017,,,,X,OOs,ݒ
2,,0368225,,,,X,OOs,Pu
2,,0368273,,,,X,OOs,ΐX
2,,0368065,,,,X,OOs,k
2,,0368365,,,,X,OOs,H
2,,0368122,,,,X,OOs,
2,,0361334,,,,X,OOs,@
2,,0368301,,,,X,OOs,f
2,,0368056,,,,X,OOs,HX
2,,0368045,,,,X,OOs,c
2,,0368334,,,,X,OOs,n
2,,0368057,,,,X,OOs,
2,,0361301,,,,X,OOs,@a
2,,0368323,,,,X,OOs,l̒
2,,0368324,,,,X,OOs,l̒
2,,0368325,,,,X,OOs,l̒k
2,,0368144,,,,X,OOs,P
2,,0361453,,,,X,OOs,Ԋ
2,,0368064,,,,X,OOs,k
2,,0368343,,,,X,OOs,
2,,0368043,,,,X,OOs,a
2,,0368278,,,,X,OOs,̌
2,,0368276,,,,X,OOs,̌
2,,0361343,,,,X,OOs,S
2,,0368035,,,,X,OOs,SΒ
2,,0368351,,,,X,OOs,SΒH
2,,0368367,,,,X,OOs,
2,,0361442,,,,X,OOs,R
2,,0368115,,,,X,OOs,L
2,,0368081,,,,X,OOs,c
2,,0368082,,,,X,OOs,
2,,0368363,,,,X,OOs,ܒ
2,,0361512,,,,X,OOs,
2,,0368373,,,,X,OOs,
2,,0368326,,,,X,OOs,
2,,0368143,,,,X,OOs,xm
2,,0368223,,,,X,OOs,xm
2,,0368315,,,,X,OOs,D
2,,0368224,,,,X,OOs,
2,,0368375,,,,X,OOs,׉z
2,,0368112,,,,X,OOs,xz
2,,0368203,,,,X,OOs,{
2,,0368303,,,,X,OOs,O
2,,0368371,,,,X,OOs,c
2,,0368314,,,,X,OOs,c
2,,0368042,,,,X,OOs,P}
2,,0368126,,,,X,OOs,ؕ
2,,0361323,,,,X,OOs,^y
2,,0368141,,,,X,OOs,
2,,0368142,,,,X,OOs,
2,,0368184,,,,X,OOs,X
2,,0368357,,,,X,OOs,n
2,,0361505,,,,X,OOs,؍݉
2,,0368153,,,,X,OOs,Ox
2,,0368253,,,,X,OOs,΃Pu
2,,0368024,,,,X,OOs,Β
2,,0368006,,,,X,OOs,咬
2,,0368195,,,,X,OOs,[
2,,0368014,,,,X,OOs,슢P
2,,0368274,,,,X,OOs,鐼
2,,0368172,,,,X,OOs,xc
2,,0368272,,,,X,OOs,ܒ
2,,0368025,,,,X,OOs,
2,,0368026,,,,X,OOs,쉡
2,,0368231,,,,X,OOs,
2,,0368051,,,,X,OOs,{
2,,0361341,,,,X,OOs,{n
2,,0368063,,,,X,OOs,{
2,,0368384,,,,X,OOs,{
2,,0368185,,,,X,OOs,K
2,,0383611,,,,X,OOs,Oa
2,,0368066,,,,X,OOs,O
2,,0368202,,,,X,OOs,H
2,,0368355,,,,X,OOs,
2,,0368352,,,,X,OOs,H
2,,0368198,,,,X,OOs,
2,,0368372,,,,X,OOs,t
2,,0383821,,,,X,OOs,Sc
2,,0368205,,,,X,OOs,X
2,,0368121,,,,X,OOs,t
2,,0368318,,,,X,OOs,㒬
2,,0368162,,,,X,OOs,
2,,0368321,,,,X,OOs,˒
2,,0368233,,,,X,OOs,R
2,,0368011,,,,X,OOs,R
2,,0368181,,,,X,OOs,R
2,,0361361,,,,X,OOs,퐶
2,,0361314,,,,X,OOs,
2,,0361501,,,,X,OOs,
2,,0361311,,,,X,OOs,
2,,0361435,,,,X,OOs,g
2,,0361313,,,,X,OOs,c
2,,0368188,,,,X,OOs,g쒬
2,,0361443,,,,X,OOs,ăP
2,,0368053,,,,X,OOs,a
2,,0368333,,,,X,OOs,}
2,,0368255,,,,X,OOs,t
2,,0368087,,,,X,OOs,c
2,,0368368,,,,X,OOs,ac
2,,0368021,,,,X,OOs,a
2,,0310000,,,,X,ˎs,ȉɌfڂȂꍇ
2,,0310804,,,,X,ˎs,t
2,,0310824,,,,X,ˎs,Pu
2,,0310055,,,,X,ˎs,r
2,,0310013,,,,X,ˎs,Ύ
2,,0391165,,,,X,ˎs,Γ
2,,0392241,,,,X,ˎs,s쒬
2,,0391102,,,,X,ˎs,Ԓ
2,,0310054,,,,X,ˎs,ג
2,,0310088,,,,X,ˎs,
2,,0310075,,,,X,ˎs,
2,,0310073,,,,X,ˎs,s
2,,0391108,,,,X,ˎs,
2,,0310833,,,,X,ˎs,v
2,,0391121,,,,X,ˎs,Z^[
2,,0310081,,,,X,ˎs,
2,,0310053,,,,X,ˎs,km
2,,0310037,,,,X,ˎs,b蒬
2,,0310843,,,,X,ˎs,l
2,,0310057,,,,X,ˎs,km
2,,0310058,,,,X,ˎs,g
2,,0391161,,,,X,ˎs,͌
2,,0392246,,,,X,ˎs,j[Hƒcn
2,,0392245,,,,X,ˎs,kC^[Hƒcn
2,,0391114,,,,X,ˎs,kR
2,,0310007,,,,X,ˎs,iyj
2,,0391107,,,,X,ˎs,ȋj
2,,0310083,,,,X,ˎs,E
2,,0310801,,,,X,ˎs,]z
2,,0391160,,,,X,ˎs,c
2,,0310802,,,,X,ˎs,
2,,0310023,,,,X,ˎs,
2,,0391106,,,,X,ˎs,⋍
2,,0310834,,,,X,ˎs,Pu
2,,0310841,,,,X,ˎs,L
2,,0391167,,,,X,ˎs,
2,,0391164,,,,X,ˎs,
2,,0310085,,,,X,ˎs,\
2,,0310042,,,,X,ˎs,\O
2,,0310043,,,,X,ˎs,\Z
2,,0310084,,,,X,ˎs,\
2,,0310082,,,,X,ˎs,C
2,,0310047,,,,X,ˎs,Ԓ
2,,0391101,,,,X,ˎs,K
2,,0310821,,,,X,ˎs,
2,,0310832,,,,X,ˎs,
2,,0310822,,,,X,ˎs,⒬
2,,0310072,,,,X,ˎs,鉺
2,,0310056,,,,X,ˎs,Vr
2,,0310811,,,,X,ˎs,V
2,,0310803,,,,X,ˎs,zK
2,,0310036,,,,X,ˎs,H
2,,0310034,,,,X,ˎs,鏠H
2,,0391163,,,,X,ˎs,B
2,,0392242,,,,X,ˎs,
2,,0310011,,,,X,ˎs,c
2,,0391104,,,,X,ˎs,cʖ
2,,0310831,,,,X,ˎs,z`X
2,,0310021,,,,X,ˎs,
2,,0310087,,,,X,ˎs,
2,,0310051,,,,X,ˎs,璬
2,,0310035,,,,X,ˎs,
2,,0310012,,,,X,ˎs,\s
2,,0310039,,,,X,ˎs,
2,,0391109,,,,X,ˎs,L蒬
2,,0391162,,,,X,ˎs,LF
2,,0310002,,,,X,ˎs,
2,,0391103,,,,X,ˎs,c
2,,0310077,,,,X,ˎs,
2,,0310089,,,,X,ˎs,
2,,0310115,,,,X,ˎs,싽D
2,,0310113,,,,X,ˎs,싽򐴐
2,,0310111,,,,X,ˎs,싽s
2,,0310112,,,,X,ˎs,싽X
2,,0310201,,,,X,ˎs,싽捠
2,,0310202,,,,X,ˎs,싽擇
2,,0310114,,,,X,ˎs,싽撆
2,,0310813,,,,X,ˎs,Vc
2,,0310816,,,,X,ˎs,Vc
2,,0391113,,,,X,ˎs,R
2,,0310041,,,,X,ˎs,O
2,,0310044,,,,X,ˎs,Z
2,,0310022,,,,X,ˎs,f
2,,0310071,,,,X,ˎs,
2,,0391166,,,,X,ˎs,
2,,0391168,,,,X,ˎs,Y
2,,0310074,,,,X,ˎs,n꒬
2,,0310031,,,,X,ˎs,Ԓ
2,,0391111,,,,X,ˎs,R
2,,0391169,,,,X,ˎs,v
2,,0310003,,,,X,ˎs,
2,,0310076,,,,X,ˎs,x[
2,,0310046,,,,X,ˎs,g
2,,0392243,,,,X,ˎs,Pu
2,,0310815,,,,X,ˎs,
2,,0310842,,,,X,ˎs,
2,,0310032,,,,X,ˎs,O
2,,0310823,,,,X,ˎs,
2,,0310812,,,,X,ˎs,
2,,0391112,,,,X,ˎs,씒R
2,,0310004,,,,X,ˎs,މ
2,,0310844,,,,X,ˎs,ۖ
2,,0310814,,,,X,ˎs,
2,,0310033,,,,X,ˎs,Z
2,,0310052,,,,X,ˎs,{km
2,,0310045,,,,X,ˎs,{b蒬
2,,0310038,,,,X,ˎs,RH
2,,0391105,,,,X,ˎs,
2,,0310086,,,,X,ˎs,
2,,0310001,,,,X,ˎs,މ
2,,0360300,,,,X,Ύs,ȉɌfڂȂꍇ
2,,0360516,,,,X,Ύs,
2,,0360325,,,,X,Ύs,R
2,,0360537,,,,X,Ύs,ԍ
2,,0360321,,,,X,Ύs,ڂ̒
2,,0360376,,,,X,Ύs,
2,,0360373,,,,X,Ύs,
2,,0360343,,,,X,Ύs,󐣐
2,,0360302,,,,X,Ύs,
2,,0360342,,,,X,Ύs,Ζ
2,,0360374,,,,X,Ύs,
2,,0360404,,,,X,Ύs,
2,,0360307,,,,X,Ύs,sm
2,,0360301,,,,X,Ύs,Ԓ
2,,0360318,,,,X,Ύs,ؒ
2,,0360354,,,,X,Ύs,H
2,,0360306,,,,X,Ύs,
2,,0360366,,,,X,Ύs,Y
2,,0360385,,,,X,Ύs,
2,,0360401,,,,X,Ύs,쌴
2,,0360384,,,,X,Ύs,咬
2,,0360402,,,,X,Ύs,Y
2,,0360357,,,,X,Ύs,ǎq
2,,0360353,,,,X,Ύs,H
2,,0360305,,,,X,Ύs,q
2,,0360337,,,,X,Ύs,pc
2,,0360363,,,,X,Ύs,b
2,,0360338,,,,X,Ύs,t
2,,0360323,,,,X,Ύs,\
2,,0360538,,,,X,Ύs,ړV
2,,0360415,,,,X,Ύs,R`
2,,0360386,,,,X,Ύs,㒬
2,,0360523,,,,X,Ύs,kc
2,,0360541,,,,X,Ύs,k
2,,0360362,,,,X,Ύs,
2,,0360316,,,,X,Ύs,݂̖
2,,0360381,,,,X,Ύs,[
2,,0360303,,,,X,Ύs,[؉
2,,0360351,,,,X,Ύs,
2,,0360352,,,,X,Ύs,bH
2,,0360304,,,,X,Ύs,bq
2,,0360344,,,,X,Ύs,
2,,0360315,,,,X,Ύs,
2,,0360511,,,,X,Ύs,~
2,,0360513,,,,X,Ύs,~
2,,0360512,,,,X,Ύs,~
2,,0360335,,,,X,Ύs,K
2,,0360389,,,,X,Ύs,
2,,0360333,,,,X,Ύs,m
2,,0360382,,,,X,Ύs,꒬
2,,0360336,,,,X,Ύs,ؒ
2,,0360539,,,,X,Ύs,ړV
2,,0360414,,,,X,Ύs,R`
2,,0360312,,,,X,Ύs,a
2,,0360521,,,,X,Ύs,L
2,,0360317,,,,X,Ύs,Zg
2,,0360535,,,,X,Ύs,
2,,0360322,,,,X,Ύs,|c
2,,0360534,,,,X,Ύs,|@
2,,0360522,,,,X,Ύs,c
2,,0360356,,,,X,Ύs,Ƃ
2,,0360308,,,,X,Ύs,H
2,,0360531,,,,X,Ύs,
2,,0360532,,,,X,Ύs,k
2,,0360514,,,,X,Ύs,xc
2,,0360341,,,,X,Ύs,L
2,,0360345,,,,X,Ύs,
2,,0360377,,,,X,Ύs,
2,,0360365,,,,X,Ύs,
2,,0360388,,,,X,Ύs,Pu
2,,0360372,,,,X,Ύs,ђ
2,,0360507,,,,X,Ύs,nK
2,,0360403,,,,X,Ύs,񏯓
2,,0360533,,,,X,Ύs,oq
2,,0360411,,,,X,Ύs,
2,,0360542,,,,X,Ύs,
2,,0360326,,,,X,Ύs,Y
2,,0360331,,,,X,Ύs,b
2,,0360371,,,,X,Ύs,ԉ
2,,0360413,,,,X,Ύs,Ԋ
2,,0360503,,,,X,Ύs,nK
2,,0360504,,,,X,Ύs,nK
2,,0360506,,,,X,Ύs,nK
2,,0360505,,,,X,Ύs,nK
2,,0360502,,,,X,Ύs,nKk
2,,0360378,,,,X,Ύs,l
2,,0360334,,,,X,Ύs,V
2,,0360324,,,,X,Ύs,Y
2,,0360501,,,,X,Ύs,nK
2,,0360412,,,,X,Ύs,
2,,0360355,,,,X,Ύs,܈
2,,0360515,,,,X,Ύs,xm
2,,0360332,,,,X,Ύs,O
2,,0360367,,,,X,Ύs,O
2,,0360313,,,,X,Ύs,t
2,,0360517,,,,X,Ύs,
2,,0360536,,,,X,Ύs,O
2,,0360314,,,,X,Ύs,k
2,,0360524,,,,X,Ύs,΃Pu
2,,0360383,,,,X,Ύs,Β
2,,0360405,,,,X,Ύs,쒆
2,,0360339,,,,X,Ύs,
2,,0360387,,,,X,Ύs,
2,,0360364,,,,X,Ύs,R`
2,,0360361,,,,X,Ύs,퐶
2,,0360368,,,,X,Ύs,
2,,0360311,,,,X,Ύs,gT
2,,0360375,,,,X,Ύs,t
2,,0370000,,,,X,܏쌴s,ȉɌfڂȂꍇ
2,,0370401,,,,X,܏쌴s,
2,,0370613,,,,X,܏쌴s,
2,,0370062,,,,X,܏쌴s,
2,,0370052,,,,X,܏쌴s,
2,,0370002,,,,X,܏쌴s,ыl
2,,0370057,,,,X,܏쌴s,
2,,0370065,,,,X,܏쌴s,X
2,,0370005,,,,X,܏쌴s,Ή
2,,0370404,,,,X,܏쌴s,鏼
2,,0370093,,,,X,܏쌴s,
2,,0370014,,,,X,܏쌴s,
2,,0370074,,,,X,܏쌴s,ؒ
2,,0370042,,,,X,܏쌴s,sZ
2,,0370015,,,,X,܏쌴s,W
2,,0370022,,,,X,܏쌴s,~c
2,,0370017,,,,X,܏쌴s,
2,,0370402,,,,X,܏쌴s,c
2,,0370063,,,,X,܏쌴s,咬
2,,0370092,,,,X,܏쌴s,ыl
2,,0370055,,,,X,܏쌴s,
2,,0370202,,,,X,܏쌴s,ؒ
2,,0370204,,,,X,܏쌴s,ؒÐ
2,,0370201,,,,X,܏쌴s,ؒq
2,,0370206,,,,X,܏쌴s,ؒ_
2,,0370203,,,,X,܏쌴s,ؒǎs
2,,0370205,,,,X,܏쌴s,ؒ
2,,0370208,,,,X,܏쌴s,ؒ}
2,,0370207,,,,X,܏쌴s,ؒc
2,,0370011,,,,X,܏쌴s,R
2,,0370033,,,,X,܏쌴s,J
2,,0370054,,,,X,܏쌴s,㕽䒬
2,,0370611,,,,X,܏쌴s,_R
2,,0370004,,,,X,܏쌴s,}
2,,0370032,,,,X,܏쌴s,GX
2,,0370072,,,,X,܏쌴s,[
2,,0370094,,,,X,܏쌴s,R
2,,0370632,,,,X,܏쌴s,
2,,0370076,,,,X,܏쌴s,
2,,0370046,,,,X,܏쌴s,h
2,,0370095,,,,X,܏쌴s,c
2,,0370067,,,,X,܏쌴s,~
2,,0370001,,,,X,܏쌴s,
2,,0370064,,,,X,܏쌴s,䒬
2,,0370403,,,,X,܏쌴s,\O
2,,0370045,,,,X,܏쌴s,V
2,,0370081,,,,X,܏쌴s,V{
2,,0370083,,,,X,܏쌴s,V{
2,,0370056,,,,X,܏쌴s,L
2,,0370084,,,,X,܏쌴s,hS
2,,0370087,,,,X,܏쌴s,
2,,0370086,,,,X,܏쌴s,c
2,,0370091,,,,X,܏쌴s,
2,,0370082,,,,X,܏쌴s,
2,,0370041,,,,X,܏쌴s,c
2,,0370623,,,,X,܏쌴s,U
2,,0370036,,,,X,܏쌴s,
2,,0370088,,,,X,܏쌴s,߃P
2,,0370075,,,,X,܏쌴s,
2,,0370601,,,,X,܏쌴s,ˑ
2,,0370621,,,,X,܏쌴s,L
2,,0370021,,,,X,܏쌴s,
2,,0370066,,,,X,܏쌴s,䒬
2,,0370097,,,,X,܏쌴s,x
2,,0370068,,,,X,܏쌴s,
2,,0370025,,,,X,܏쌴s,c
2,,0370058,,,,X,܏쌴s,ђ
2,,0370053,,,,X,܏쌴s,z
2,,0370614,,,,X,܏쌴s,엢
2,,0370085,,,,X,܏쌴s,m
2,,0370043,,,,X,܏쌴s,@
2,,0370641,,,,X,܏쌴s,Hؑ
2,,0370622,,,,X,܏쌴s,q
2,,0370096,,,,X,܏쌴s,
2,,0370016,,,,X,܏쌴s,cJ
2,,0370061,,,,X,܏쌴s,c
2,,0370023,,,,X,܏쌴s,Lc
2,,0370003,,,,X,܏쌴s,
2,,0370612,,,,X,܏쌴s,R
2,,0370071,,,,X,܏쌴s,{
2,,0370631,,,,X,܏쌴s,Oc
2,,0370006,,,,X,܏쌴s,
2,,0370602,,,,X,܏쌴s,
2,,0370012,,,,X,܏쌴s,
2,,0370024,,,,X,܏쌴s,݂ǂ蒬
2,,0370035,,,,X,܏쌴s,
2,,0370089,,,,X,܏쌴s,
2,,0370642,,,,X,܏쌴s,q
2,,0370044,,,,X,܏쌴s,
2,,0370034,,,,X,܏쌴s,de
2,,0370073,,,,X,܏쌴s,
2,,0370051,,,,X,܏쌴s,퐶
2,,0370013,,,,X,܏쌴s,ēc
2,,0370069,,,,X,܏쌴s,t
2,,0370405,,,,X,܏쌴s,e
2,,0340000,,,,X,\acs,ȉɌfڂȂꍇ
2,,0340071,,,,X,\acs,ԏ
2,,0340005,,,,X,\acs,{ؑ
2,,0340011,,,,X,\acs,
2,,0340101,,,,X,\acs,n
2,,0340041,,,,X,\acs,
2,,0340102,,,,X,\acs,c
2,,0340211,,,,X,\acs,s
2,,0185501,,,,X,\acs,iA΁A\acA\acΔȉFMA\acΔȎqmA
2,,0185501,,,,X,\acs,\acΔȋxj
2,,0340301,,,,X,\acs,ȋj
2,,0340061,,,,X,\acs,ؓc
2,,0340302,,,,X,\acs,c
2,,0340001,,,,X,\acs,O{
2,,0340213,,,,X,\acs,
2,,0340103,,,,X,\acs,
2,,0340051,,,,X,\acs,`@
2,,0340104,,,,X,\acs,LP
2,,0340092,,,,X,\acs,Ԓ
2,,0340082,,,,X,\acs,Ԓ
2,,0340083,,,,X,\acs,OԒ
2,,0340084,,,,X,\acs,lԒ
2,,0340085,,,,X,\acs,ܔԒ
2,,0340038,,,,X,\acs,ZԒ
2,,0340091,,,,X,\acs,\Ԓ
2,,0340093,,,,X,\acs,\Ԓ
2,,0340081,,,,X,\acs,\OԒ
2,,0340088,,,,X,\acs,\lԒ
2,,0340087,,,,X,\acs,\ܔԒ
2,,0340086,,,,X,\acs,\ZԒ
2,,0340095,,,,X,\acs,\Ԓ
2,,0340094,,,,X,\acs,\Ԓ
2,,0340089,,,,X,\acs,\OԒ
2,,0340105,,,,X,\acs,l
2,,0340012,,,,X,\acs,Ԓ
2,,0340017,,,,X,\acs,Ԓ
2,,0340031,,,,X,\acs,OԒ
2,,0340032,,,,X,\acs,lԒ
2,,0340033,,,,X,\acs,ܔԒ
2,,0340036,,,,X,\acs,ZԒ
2,,0340013,,,,X,\acs,\Ԓ
2,,0340016,,,,X,\acs,\Ԓ
2,,0340023,,,,X,\acs,\OԒ
2,,0340024,,,,X,\acs,\lԒ
2,,0340034,,,,X,\acs,\ܔԒ
2,,0340035,,,,X,\acs,\ZԒ
2,,0340014,,,,X,\acs,\Ԓ
2,,0340015,,,,X,\acs,\Ԓ
2,,0340021,,,,X,\acs,\OԒ
2,,0340022,,,,X,\acs,\lԒ
2,,0340004,,,,X,\acs,Ђ
2,,0340106,,,,X,\acs,[
2,,0340052,,,,X,\acs,
2,,0340303,,,,X,\acs,@
2,,0340037,,,,X,\acs,
2,,0340107,,,,X,\acs,
2,,0340212,,,,X,\acs,ēc
2,,0340002,,,,X,\acs,
2,,0340003,,,,X,\acs,
2,,0330000,,,,X,Os,ȉɌfڂȂꍇ
2,,0330166,,,,X,Os,
2,,0330101,,,,X,Os,VPX
2,,0330153,,,,X,Os,
2,,0330131,,,,X,Os,ܐ
2,,0330134,,,,X,Os,
2,,0330041,,,,X,Os,咬
2,,0330021,,,,X,Os,O
2,,0330104,,,,X,Os,D}
2,,0330053,,,,X,Os,t
2,,0330063,,,,X,Os,v
2,,0330162,,,,X,Os,z
2,,0330011,,,,X,Os,K
2,,0330042,,,,X,Os,h
2,,0330031,,,,X,Os,
2,,0330155,,,,X,Os,u
2,,0330113,,,,X,Os,ґ
2,,0330103,,,,X,Os,
2,,0330133,,,,X,Os,
2,,0330023,,,,X,Os,v
2,,0330062,,,,X,Os,V
2,,0330105,,,,X,Os,VX
2,,0330102,,,,X,Os,X
2,,0330165,,,,X,Os,
2,,0330001,,,,X,Os,
2,,0330043,,,,X,Os,c
2,,0330163,,,,X,Os,x
2,,0330167,,,,X,Os,
2,,0330061,,,,X,Os,ԉ
2,,0330024,,,,X,Os,O
2,,0330034,,,,X,Os,
2,,0330154,,,,X,Os,̏o
2,,0330012,,,,X,Os,
2,,0330152,,,,X,Os,[J
2,,0330051,,,,X,Os,ÊԖ
2,,0330044,,,,X,Os,ÊԖ؎R
2,,0330112,,,,X,Os,גJ
2,,0330123,,,,X,Os,x
2,,0330052,,,,X,Os,{
2,,0330143,,,,X,Os,O
2,,0330037,,,,X,Os,
2,,0330035,,,,X,Os,
2,,0330142,,,,X,Os,O
2,,0330022,,,,X,Os,O
2,,0330032,,,,X,Os,Β
2,,0330141,,,,X,Os,`
2,,0330036,,,,X,Os,쒬
2,,0330151,,,,X,Os,R
2,,0330033,,,,X,Os,쌴
2,,0330111,,,,X,Os,Z
2,,0330045,,,,X,Os,t
2,,0330164,,,,X,Os,Jn
2,,0330161,,,,X,Os,
2,,0330132,,,,X,Os,l
2,,0350000,,,,X,ނs,ȉɌfڂȂꍇ
2,,0350044,,,,X,ނs,Ԑ쒬
2,,0350076,,,,X,ނs,
2,,0350079,,,,X,ނs,r쒬
2,,0350092,,,,X,ނs,Fc
2,,0350054,,,,X,ނs,CV쒬
2,,0350074,,,,X,ނs,啽
2,,0350083,,,,X,ނs,啽
2,,0394401,,,,X,ނs,唨
2,,0394402,,,,X,ނs,唨Ð
2,,0350042,,,,X,ނs,
2,,0350096,,,,X,ނs,喩
2,,0350086,,,,X,ނs,喩㒬
2,,0350084,,,,X,ނs,喩V
2,,0350085,,,,X,ނs,喩l
2,,0350093,,,,X,ނs,喩
2,,0350011,,,,X,ނs,
2,,0350041,,,,X,ނs,
2,,0350072,,,,X,ނs,J
2,,0350032,,,,X,ނs,쒬
2,,0395204,,,,X,ނs,aȋj
2,,0395304,,,,X,ނs,aiEGj
2,,0395203,,,,X,ނs,h암
2,,0395202,,,,X,ނs,O
2,,0394701,,,,X,ނs,iƌˁA약AYRj
2,,0395201,,,,X,ނs,ȋj
2,,0350091,,,,X,ނs,璬
2,,0350036,,,,X,ނs,IR
2,,0350071,,,,X,ނs,쒬
2,,0350094,,,,X,ނs,ؒ
2,,0350061,,,,X,ނs,k
2,,0350067,,,,X,ނs,\
2,,0350095,,,,X,ނs,P
2,,0350052,,,,X,ނs,a
2,,0350051,,,,X,ނs,V
2,,0350022,,,,X,ނs,֍
2,,0350021,,,,X,ނs,c
2,,0350034,,,,X,ނs,c
2,,0350073,,,,X,ނs,
2,,0350055,,,,X,ނs,ϐ
2,,0350012,,,,X,ނs,
2,,0350062,,,,X,ނs,
2,,0350081,,,,X,ނs,쒬
2,,0350082,,,,X,ނs,
2,,0350035,,,,X,ނs,{
2,,0350075,,,,X,ނs,^
2,,0350045,,,,X,ނs,
2,,0350078,,,,X,ނs,X
2,,0350065,,,,X,ނs,R
2,,0350068,,,,X,ނs,
2,,0350066,,,,X,ނs,΃u
2,,0350053,,,,X,ނs,Β
2,,0350064,,,,X,ނs,`
2,,0350043,,,,X,ނs,Ԑ쒬
2,,0350046,,,,X,ނs,쒬
2,,0350031,,,,X,ނs,
2,,0350077,,,,X,ނs,Rc
2,,0350033,,,,X,ނs,}
2,,0350063,,,,X,ނs,ᏼ
2,,0395345,,,,X,ނs,eԍ
2,,0395344,,,,X,ނs,e
2,,0395326,,,,X,ނs,ej
2,,0395335,,,,X,ނs,eQ
2,,0395337,,,,X,ނs,ez
2,,0395346,,,,X,ނs,eL
2,,0395333,,,,X,ނs,e򍕊
2,,0395321,,,,X,ނs,e򌹓
2,,0395343,,,,X,ނs,e򏬃T
2,,0395342,,,,X,ނs,e򏬑
2,,0395341,,,,X,ނs,e򎭊ԕ
2,,0395323,,,,X,ނs,e򎵈
2,,0395332,,,,X,ނs,e򐣖
2,,0395322,,,,X,ނs,eR
2,,0395336,,,,X,ނs,ec
2,,0395325,,,,X,ނs,eC
2,,0395324,,,,X,ނs,ecm
2,,0395334,,,,X,ނs,eVc
2,,0395327,,,,X,ނs,e{
2,,0395331,,,,X,ނs,en
2,,0383100,,,,X,s,ȉɌfڂȂꍇ
2,,0370102,,,,X,s,_ɓc
2,,0370101,,,,X,s,_ɓc
2,,0370109,,,,X,s,_N
2,,0370104,,,,X,s,_L
2,,0370106,,,,X,s,_
2,,0370107,,,,X,s,_
2,,0370105,,,,X,s,_x
2,,0370103,,,,X,s,_
2,,0370108,,,,X,s,_go
2,,0383305,,,,X,s,
2,,0383107,,,,X,s,
2,,0383103,,,,X,s,Ð
2,,0383104,,,,X,s,Kؓc
2,,0383101,,,,X,s,
2,,0383102,,,,X,s,Ð
2,,0383106,,,,X,s,ʐ
2,,0383105,,,,X,s,L{
2,,0383142,,,,X,s,ؑԍ
2,,0383144,,,,X,s,ؑ
2,,0383124,,,,X,s,ؑ
2,,0383113,,,,X,s,ؑ
2,,0383273,,,,X,s,ؑo엢
2,,0383141,,,,X,s,ؑ
2,,0383135,,,,X,s,ؑLy
2,,0383162,,,,X,s,ؑYD
2,,0383122,,,,X,s,ؑǍL
2,,0383277,,,,X,s,ؑ唨
2,,0383285,,,,X,s,ؑ哒
2,,0383272,,,,X,s,ؑ
2,,0383284,,,,X,s,ؑTP
2,,0383112,,,,X,s,ؑ쏜
2,,0383165,,,,X,s,ؑe
2,,0382806,,,,X,s,ؑz
2,,0382807,,,,X,s,ؑc
2,,0383286,,,,X,s,ؑԒ
2,,0383159,,,,X,s,ؑ
2,,0383146,,,,X,s,ؑ
2,,0383164,,,,X,s,ؑēc
2,,0383132,,,,X,s,ؑ
2,,0383287,,,,X,s,ؑR
2,,0382803,,,,X,s,ؑ
2,,0383133,,,,X,s,ؑL
2,,0383283,,,,X,s,ؑى
2,,0383134,,,,X,s,ؑ
2,,0383131,,,,X,s,ؑN
2,,0383167,,,,X,s,ؑc
2,,0383145,,,,X,s,ؑ㒬
2,,0383278,,,,X,s,ؑy
2,,0383125,,,,X,s,ؑߔ
2,,0383288,,,,X,s,ؑo
2,,0383154,,,,X,s,ؑƓ
2,,0383282,,,,X,s,ؑ؍
2,,0383111,,,,X,s,ؑLc
2,,0383275,,,,X,s,ؑic
2,,0383163,,,,X,s,ؑ
2,,0383114,,,,X,s,ؑc
2,,0383161,,,,X,s,ؑ
2,,0383153,,,,X,s,ؑ{
2,,0383139,,,,X,s,ؑ
2,,0383136,,,,X,s,ؑ
2,,0383115,,,,X,s,ؑ@
2,,0383276,,,,X,s,ؑ
2,,0383121,,,,X,s,ؑc
2,,0383143,,,,X,s,ؑ
2,,0383281,,,,X,s,ؑ
2,,0382805,,,,X,s,ؑL
2,,0382808,,,,X,s,ؑ
2,,0383166,,,,X,s,ؑ
2,,0383158,,,,X,s,ؑ[
2,,0383152,,,,X,s,ؑ
2,,0383123,,,,X,s,ؑc
2,,0383155,,,,X,s,ؑc
2,,0382801,,,,X,s,ؑێR
2,,0382804,,,,X,s,ؑOc
2,,0383156,,,,X,s,ؑ{
2,,0383157,,,,X,s,ؑ{
2,,0383126,,,,X,s,ؑX
2,,0383128,,,,X,s,ؑX{
2,,0383127,,,,X,s,ؑXR
2,,0383271,,,,X,s,ؑP
2,,0383274,,,,X,s,ؑ@ԓc
2,,0383151,,,,X,s,ؑ|
2,,0383138,,,,X,s,ؑ
2,,0383137,,,,X,s,ؑ{
2,,0383304,,,,X,s,ԗ͒
2,,0383306,,,,X,s,
2,,0383303,,,,X,s,ԗ͒
2,,0383301,,,,X,s,x˒
2,,0383302,,,,X,s,Lx
2,,0382818,,,,X,s,Xc
2,,0382811,,,,X,s,Xc㑊
2,,0382812,,,,X,s,Xc
2,,0382817,,,,X,s,Xc
2,,0382814,,,,X,s,Xcc
2,,0382813,,,,X,s,Xc
2,,0382816,,,,X,s,XcXc
2,,0382815,,,,X,s,XcRc
2,,0360100,,,,X,s,ȉɌfڂȂꍇ
2,,0360112,,,,X,s,rcc
2,,0360112,,,,X,s,rck
2,,0360112,,,,X,s,rck
2,,0360112,,,,X,s,rcc
2,,0360112,,,,X,s,rc
2,,0360112,,,,X,s,rc쉪
2,,0360121,,,,X,s,V
2,,0360121,,,,X,s,Vc
2,,0360121,,,,X,s,Vh
2,,0360121,,,,X,s,V̑
2,,0360121,,,,X,s,VxR
2,,0360121,,,,X,s,V
2,,0360121,,,,X,s,V
2,,0360121,,,,X,s,V
2,,0360121,,,,X,s,VR
2,,0360213,,,,X,s,Vc
2,,0360213,,,,X,s,VkG
2,,0360213,,,,X,s,Vc
2,,0360213,,,,X,s,Vc
2,,0360213,,,,X,s,V
2,,0360213,,,,X,s,V
2,,0360213,,,,X,s,Vv
2,,0360213,,,,X,s,Vm
2,,0360213,,,,X,s,VG
2,,0360213,,,,X,s,V
2,,0380101,,,,X,s,P
2,,0380101,,,,X,s,P֑
2,,0380101,,,,X,s,Pֈ
2,,0380101,,,,X,s,P֗
2,,0380101,,,,X,s,P֒
2,,0380101,,,,X,s,P֊
2,,0380101,,,,X,s,P֑t
2,,0380101,,,,X,s,P֑嗎O
2,,0380101,,,,X,s,P֐܋
2,,0380101,,,,X,s,P֌~X
2,,0380101,,,,X,s,P֏O
2,,0380101,,,,X,s,P֎R_
2,,0380101,,,,X,s,P֔
2,,0380101,,,,X,s,P֐zK
2,,0380101,,,,X,s,P֊O
2,,0380101,,,,X,s,P֍c
2,,0380101,,,,X,s,P֔P
2,,0380101,,,,X,s,P֐P֎R
2,,0380101,,,,X,s,P֓P֎R
2,,0380101,,,,X,s,P֔m
2,,0380101,,,,X,s,P֑D
2,,0380101,,,,X,s,P֓c
2,,0380101,,,,X,s,P֎O}R
2,,0380101,,,,X,s,P֐
2,,0380101,,,,X,s,P֓Y
2,,0380101,,,,X,s,P։
2,,0380102,,,,X,s,P֌ÌX
2,,0380102,,,,X,s,P֌Ìc
2,,0380102,,,,X,s,P֌ÌP
2,,0380102,,,,X,s,P֌Ìm
2,,0380102,,,,X,s,P֌Ì
2,,0380102,,,,X,s,P֌Ìs
2,,0380102,,,,X,s,P֌Ìs
2,,0380102,,,,X,s,P֌Ìs
2,,0380102,,,,X,s,P֌Ìs
2,,0380102,,,,X,s,P֌Ìs
2,,0380102,,,,X,s,P֌Ìc
2,,0380102,,,,X,s,P֌ÌO
2,,0380102,,,,X,s,P֌ÌO
2,,0380102,,,,X,s,P֌Ìc
2,,0380103,,,,X,s,P֋vgPP
2,,0380103,,,,X,s,P֋vgmn
2,,0380103,,,,X,s,P֋vgR
2,,0360151,,,,X,s,΋
2,,0360151,,,,X,s,΋
2,,0360151,,,,X,s,΋c
2,,0360152,,,,X,s,Δ
2,,0360145,,,,X,s,ْc
2,,0360145,,,,X,s,ى菼
2,,0360145,,,,X,s,ٓ
2,,0360145,,,,X,s,ّ
2,,0360145,,,,X,s,َR̈
2,,0360141,,,,X,s,ْc
2,,0360141,,,,X,s,ّc
2,,0360141,,,,X,s,ٍc
2,,0360141,,,,X,s,ىic
2,,0360141,,,,X,s,ِc
2,,0360141,,,,X,s,ٔR
2,,0360141,,,,X,s,ً{
2,,0360141,,,,X,s,ٌ
2,,0360141,,,,X,s,٘ac
2,,0360171,,,,X,s,󐣐ΎR
2,,0360171,,,,X,s,
2,,0360171,,,,X,s,쌴c
2,,0360171,,,,X,s,[
2,,0360171,,,,X,s,R
2,,0360122,,,,X,s,
2,,0360122,,,,X,s,
2,,0360122,,,,X,s,艪c
2,,0360122,,,,X,s,썇
2,,0360122,,,,X,s,،ˌ
2,,0360122,,,,X,s,藢
2,,0360122,,,,X,s,
2,,0360122,,,,X,s,蕽R
2,,0360122,,,,X,s,c
2,,0360222,,,,X,s,cc
2,,0360222,,,,X,s,cc
2,,0360222,,,,X,s,c
2,,0360222,,,,X,s,c
2,,0360212,,,,X,s,h
2,,0360104,,,,X,s,ؒc
2,,0360104,,,,X,s,ؒLc
2,,0360104,,,,X,s,ؒR
2,,0360104,,,,X,s,ؒc
2,,0360202,,,,X,s,㏼
2,,0360202,,,,X,s,㑁c
2,,0360202,,,,X,s,
2,,0360202,,,,X,s,c
2,,0360202,,,,X,s,
2,,0360202,,,,X,s,c
2,,0360202,,,,X,s,
2,,0360232,,,,X,s,c{
2,,0360232,,,,X,s,cʓc
2,,0360232,,,,X,s,cLc
2,,0360232,,,,X,s,cLx
2,,0360232,,,,X,s,cO
2,,0360232,,,,X,s,c{
2,,0360132,,,,X,s,|ё
2,,0360132,,,,X,s,|h
2,,0360132,,,,X,s,|
2,,0360132,,,,X,s,|䕌
2,,0360132,,,,X,s,|쌴c
2,,0360132,,,,X,s,|X
2,,0360132,,,,X,s,|
2,,0360132,,,,X,s,|c
2,,0360132,,,,X,s,|R
2,,0360132,,,,X,s,|x
2,,0360132,,,,X,s,|
2,,0360132,,,,X,s,|쌴c
2,,0360132,,,,X,s,|t
2,,0360173,,,,X,s,ؖ󐣐ΎR
2,,0360173,,,,X,s,ؖ
2,,0360173,,,,X,s,ؖ_c@
2,,0360173,,,,X,s,ؖ{
2,,0360173,,,,X,s,ؖ̐X
2,,0360173,,,,X,s,ؖ
2,,0360173,,,,X,s,ؖÍX
2,,0360173,,,,X,s,ؖ
2,,0360173,,,,X,s,ؖX
2,,0360173,,,,X,s,ؖ壑
2,,0360173,,,,X,s,ؖR
2,,0360172,,,,X,s,󐣐ΎR
2,,0360172,,,,X,s,{ؕ
2,,0360172,,,,X,s,Y
2,,0360172,,,,X,s,܌
2,,0360172,,,,X,s,̕
2,,0360172,,,,X,s,쓂약
2,,0360172,,,,X,s,슋
2,,0360172,,,,X,s,슋약
2,,0360172,,,,X,s,슋o
2,,0360172,,,,X,s,іX
2,,0360172,,,,X,s,썻q
2,,0360172,,,,X,s,c̑
2,,0360172,,,,X,s,쒷
2,,0360172,,,,X,s,약Z
2,,0360172,,,,X,s,약Z
2,,0360172,,,,X,s,Ɗ
2,,0360102,,,,X,s,
2,,0360153,,,,X,s,
2,,0360153,,,,X,s,c
2,,0360153,,,,X,s,
2,,0360153,,,,X,s,|
2,,0360153,,,,X,s,c
2,,0360111,,,,X,s,aXc
2,,0360111,,,,X,s,aX㕽c
2,,0360111,,,,X,s,aX㏼
2,,0360111,,,,X,s,aXc
2,,0360111,,,,X,s,aXc
2,,0360111,,,,X,s,aX
2,,0360111,,,,X,s,aX
2,,0360111,,,,X,s,aX
2,,0360111,,,,X,s,aXc
2,,0360111,,,,X,s,aX
2,,0360111,,,,X,s,aX
2,,0360242,,,,X,s,
2,,0360242,,,,X,s,c
2,,0360242,,,,X,s,r
2,,0360242,,,,X,s,rc
2,,0360242,,,,X,s,Η
2,,0360242,,,,X,s,㉪
2,,0360242,,,,X,s,
2,,0360242,,,,X,s,ꉺ
2,,0360242,,,,X,s,ꉺ
2,,0360242,,,,X,s,ꉺ
2,,0360242,,,,X,s,ꉓ
2,,0360242,,,,X,s,x
2,,0360242,,,,X,s,ꕽ
2,,0360242,,,,X,s,ꏼ}
2,,0360242,,,,X,s,c
2,,0360242,,,,X,s,
2,,0360242,,,,X,s,ꖾ
2,,0360242,,,,X,s,
2,,0360242,,,,X,s,c
2,,0360161,,,,X,s,ّꌳ
2,,0360161,,,,X,s,ُ
2,,0360161,,,,X,s,ً{
2,,0360201,,,,X,s,
2,,0360201,,,,X,s,R
2,,0360201,,,,X,s,kLc
2,,0360201,,,,X,s,
2,,0360201,,,,X,s,Lc
2,,0360201,,,,X,s,R
2,,0360201,,,,X,s,ac
2,,0360201,,,,X,s,Lc
2,,0360201,,,,X,s,ac
2,,0360201,,,,X,s,Lc
2,,0360101,,,,X,s,{
2,,0360101,,,,X,s,ꑺ
2,,0360101,,,,X,s,ꑁc
2,,0360101,,,,X,s,c
2,,0360101,,,,X,s,
2,,0360101,,,,X,s,쌴c
2,,0360101,,,,X,s,O{
2,,0360101,,,,X,s,O
2,,0360101,,,,X,s,Oc
2,,0360101,,,,X,s,߉ތ
2,,0360101,,,,X,s,R
2,,0360101,,,,X,s,팳
2,,0360101,,,,X,s,
2,,0360101,,,,X,s,{
2,,0360101,,,,X,s,񑺈
2,,0360101,,,,X,s,񑁈c
2,,0360101,,,,X,s,l{
2,,0360146,,,,X,s,V|
2,,0360146,,,,X,s,V|
2,,0360146,,,,X,s,Vc
2,,0360146,,,,X,s,VOc
2,,0360211,,,,X,s,؉
2,,0360211,,,,X,s,؉c
2,,0360211,,,,X,s,؉
2,,0360211,,,,X,s,ؖL
2,,0360211,,,,X,s,ؖLc
2,,0360211,,,,X,s,،c
2,,0360211,,,,X,s,،x
2,,0360211,,,,X,s,؏
2,,0360142,,,,X,s,F
2,,0360142,,,,X,s,c
2,,0360142,,,,X,s,Oc
2,,0360155,,,,X,s,ٓc
2,,0360155,,,,X,s,ٓcOc
2,,0360155,,,,X,s,ٓc쌴c
2,,0360155,,,,X,s,ٓcac
2,,0360155,,,,X,s,ٓc
2,,0360155,,,,X,s,ٓcOc
2,,0360155,,,,X,s,ٓcac
2,,0360155,,,,X,s,ٓcOc
2,,0360155,,,,X,s,ٓc쌴c
2,,0360155,,,,X,s,ٓc쌴c
2,,0360155,,,,X,s,ٓc
2,,0360162,,,,X,s,َR
2,,0360162,,,,X,s,َRc
2,,0360162,,,,X,s,َRT
2,,0360162,,,,X,s,َR썇
2,,0360162,,,,X,s,َRc
2,,0360162,,,,X,s,َRT
2,,0360162,,,,X,s,َROc
2,,0360221,,,,X,s,nΓc
2,,0360221,,,,X,s,nc
2,,0360221,,,,X,s,nOc
2,,0360221,,,,X,s,nc
2,,0360221,,,,X,s,n
2,,0360163,,,,X,s,c{
2,,0360163,,,,X,s,c㓌c
2,,0360163,,,,X,s,c
2,,0360163,,,,X,s,c쌴c
2,,0360163,,,,X,s,cc
2,,0360163,,,,X,s,cc
2,,0360115,,,,X,s,Vٌ
2,,0360115,,,,X,s,Vٔ
2,,0360115,,,,X,s,Vً
2,,0360115,,,,X,s,Vٓ
2,,0360115,,,,X,s,Vؘٖa
2,,0360115,,,,X,s,VٓR
2,,0360115,,,,X,s,Vٓ
2,,0360115,,,,X,s,VٓR
2,,0360223,,,,X,s,]]
2,,0360223,,,,X,s,]]
2,,0360223,,,,X,s,]]Lc
2,,0360231,,,,X,s,VR
2,,0360231,,,,X,s,VR
2,,0360231,,,,X,s,VR
2,,0360231,,,,X,s,VRc
2,,0360231,,,,X,s,VRc
2,,0360243,,,,X,s,
2,,0360243,,,,X,s,㌴
2,,0360243,,,,X,s,k
2,,0360144,,,,X,s,c
2,,0360144,,,,X,s,c
2,,0360144,,,,X,s,cc
2,,0360144,,,,X,s,c
2,,0360233,,,,X,s,{
2,,0360233,,,,X,s,͌c
2,,0360233,,,,X,s,쌴
2,,0360233,,,,X,s,
2,,0360233,,,,X,s,c
2,,0360233,,,,X,s,c
2,,0360233,,,,X,s,ˉz
2,,0360233,,,,X,s,c
2,,0360233,,,,X,s,xc
2,,0360233,,,,X,s,xx
2,,0360113,,,,X,s,cX
2,,0360113,,,,X,s,cX{{
2,,0360113,,,,X,s,cX{{
2,,0360113,,,,X,s,cXOc
2,,0360113,,,,X,s,cXᏼ
2,,0360131,,,,X,s,LDL
2,,0360131,,,,X,s,LDc
2,,0360131,,,,X,s,LDR
2,,0360143,,,,X,s,㍂c
2,,0360143,,,,X,s,㕽
2,,0360143,,,,X,s,c
2,,0360114,,,,X,s,
2,,0360114,,,,X,s,
2,,0360114,,,,X,s,c
2,,0360114,,,,X,s,c
2,,0360114,,,,X,s,R
2,,0360114,,,,X,s,R
2,,0360114,,,,X,s,R
2,,0360164,,,,X,s,T
2,,0360164,,,,X,s,萼c
2,,0360165,,,,X,s,ِ
2,,0360165,,,,X,s,وm
2,,0360165,,,,X,s,ِ
2,,0360165,,,,X,s,ِ쌴c
2,,0360165,,,,X,s,ٓ
2,,0360165,,,,X,s,ٓ쌴c
2,,0360165,,,,X,s,ُ
2,,0360203,,,,X,s,ckь
2,,0360203,,,,X,s,ck
2,,0360203,,,,X,s,ckדc
2,,0360203,,,,X,s,ck
2,,0360203,,,,X,s,c
2,,0360203,,,,X,s,cь
2,,0360203,,,,X,s,c
2,,0360203,,,,X,s,cь
2,,0360203,,,,X,s,cь
2,,0360203,,,,X,s,c
2,,0360103,,,,X,s,{kc
2,,0360103,,,,X,s,{x
2,,0360103,,,,X,s,{{
2,,0360103,,,,X,s,{
2,,0360103,,,,X,s,{c
2,,0360103,,,,X,s,{
2,,0360241,,,,X,s,荂
2,,0360241,,,,X,s,荂
2,,0360241,,,,X,s,{
2,,0360241,,,,X,s,菼}
2,,0360241,,,,X,s,菼
2,,0360241,,,,X,s,{c
2,,0360241,,,,X,s,{{
2,,0360241,,,,X,s,{{
2,,0360154,,,,X,s,lcTc
2,,0393300,,,,X,ÌyS,ȉɌfڂȂꍇ
2,,0393312,,,,X,ÌyS,
2,,0393364,,,,X,ÌyS,
2,,0393382,,,,X,ÌyS,
2,,0393352,,,,X,ÌyS,q
2,,0393343,,,,X,ÌyS,
2,,0393342,,,,X,ÌyS,L
2,,0393321,,,,X,ÌyS,
2,,0393332,,,,X,ÌyS,
2,,0393302,,,,X,ÌyS,
2,,0393351,,,,X,ÌyS,Oq
2,,0393353,,,,X,ÌyS,cΖ
2,,0393372,,,,X,ÌyS,y
2,,0393371,,,,X,ÌyS,
2,,0393373,,,,X,ÌyS,Q
2,,0393313,,,,X,ÌyS,
2,,0393331,,,,X,ÌyS,lq
2,,0393303,,,,X,ÌyS,
2,,0393301,,,,X,ÌyS,c
2,,0393315,,,,X,ÌyS,
2,,0393311,,,,X,ÌyS,
2,,0393361,,,,X,ÌyS,
2,,0393362,,,,X,ÌyS,c
2,,0393333,,,,X,ÌyS,
2,,0393381,,,,X,ÌyS,ΉY
2,,0393314,,,,X,ÌyS,c
2,,0393341,,,,X,ÌyS,t
2,,0393363,,,,X,ÌyS,R
2,,0301500,,,,X,ÌySʒ,ȉɌfڂȂꍇ
2,,0301502,,,,X,ÌySʒ,
2,,0301505,,,,X,ÌySʒ,약
2,,0301512,,,,X,ÌySʒ,唑
2,,0301515,,,,X,ÌySʒ,
2,,0301514,,,,X,ÌySʒ,PX
2,,0301504,,,,X,ÌySʒ,c
2,,0301501,,,,X,ÌySʒ,l
2,,0301513,,,,X,ÌySʒ,܌
2,,0301503,,,,X,ÌySʒ,
2,,0301511,,,,X,ÌySʒ,R
2,,0301200,,,,X,ÌySHc,ȉɌfڂȂꍇ
2,,0301212,,,,X,ÌySHc,ɐ
2,,0301203,,,,X,ÌySHc,
2,,0301202,,,,X,ÌySHc,Ӓn
2,,0301214,,,,X,ÌySHc,
2,,0301213,,,,X,ÌySHc,
2,,0301201,,,,X,ÌySHc,L
2,,0301211,,,,X,ÌySHc,Hc
2,,0301400,,,,X,ÌySOl,ȉɌfڂȂꍇ
2,,0301309,,,,X,ÌySOl,Ic
2,,0301303,,,,X,ÌySOl,Ic
2,,0301301,,,,X,ÌySOl,IcΕl
2,,0301307,,,,X,ÌySOl,Ic啽
2,,0301305,,,,X,ÌySOl,Ic
2,,0301311,,,,X,ÌySOl,Icz
2,,0301302,,,,X,ÌySOl,Ict
2,,0301304,,,,X,ÌySOl,Ic
2,,0301306,,,,X,ÌySOl,IcR{
2,,0301308,,,,X,ÌySOl,Ic
2,,0301402,,,,X,ÌySOl,
2,,0301405,,,,X,ÌySOl,ڐ΍
2,,0301416,,,,X,ÌySOl,ڈR
2,,0301413,,,,X,ÌySOl,ڍ
2,,0301411,,,,X,ÌySOl,ڍ
2,,0301412,,,,X,ÌySOl,ږc
2,,0301415,,,,X,ÌySOl,ڏM
2,,0301403,,,,X,ÌySOl,ڌFc
2,,0301404,,,,X,ÌySOl,ږ푠
2,,0301732,,,,X,ÌySOl,OXƃm
2,,0301719,,,,X,ÌySOl,OXFSR
2,,0301724,,,,X,ÌySOl,OXV
2,,0301722,,,,X,ÌySOl,OXFS
2,,0301717,,,,X,ÌySOl,OX쒌
2,,0301712,,,,X,ÌySOl,OXؗ
2,,0301711,,,,X,ÌySOl,OXq
2,,0301727,,,,X,ÌySOl,OXZpt
2,,0301720,,,,X,ÌySOl,OXl
2,,0301729,,,,X,ÌySOl,OX
2,,0301716,,,,X,ÌySOl,OXK_
2,,0301733,,,,X,ÌySOl,OXV
2,,0301711,,,,X,ÌySOl,OXl
2,,0301728,,,,X,ÌySOl,OXl
2,,0301718,,,,X,ÌySOl,OXm؊
2,,0301715,,,,X,ÌySOl,OX_
2,,0301737,,,,X,ÌySOl,OX
2,,0301714,,,,X,ÌySOl,OXP
2,,0301725,,,,X,ÌySOl,OX
2,,0301731,,,,X,ÌySOl,OX{
2,,0301721,,,,X,ÌySOl,OX_
2,,0301734,,,,X,ÌySOl,OX
2,,0301735,,,,X,ÌySOl,OX΃Pu
2,,0301723,,,,X,ÌySOl,OXFS
2,,0301736,,,,X,ÌySOl,OXPu
2,,0301713,,,,X,ÌySOl,OXZ
2,,0301726,,,,X,ÌySOl,OXZ
2,,0382700,,,,X,ÌyS˃,ȉɌfڂȂꍇ
2,,0382731,,,,X,ÌyS˃,ԐΒ
2,,0382714,,,,X,ÌyS˃,˒
2,,0382742,,,,X,ÌyS˃,V
2,,0382735,,,,X,ÌyS˃,Wܒ
2,,0382724,,,,X,ÌyS˃,Sܒ
2,,0382701,,,,X,ÌyS˃,kc
2,,0382754,,,,X,ÌyS˃,Ē
2,,0382722,,,,X,ÌyS˃,X
2,,0382703,,,,X,ÌyS˃,~
2,,0382745,,,,X,ÌyS˃,Vn
2,,0382702,,,,X,ÌyS˃,Β
2,,0382733,,,,X,ÌyS˃,ّO
2,,0382751,,,,X,ÌyS˃,c
2,,0382725,,,,X,ÌyS˃,헢
2,,0382743,,,,X,ÌyS˃,ޒ
2,,0382711,,,,X,ÌyS˃,
2,,0382712,,,,X,ÌyS˃,
2,,0382752,,,,X,ÌyS˃,cΒ
2,,0382741,,,,X,ÌyS˃,l
2,,0382715,,,,X,ÌyS˃,l
2,,0382732,,,,X,ÌyS˃,Ɠc
2,,0382723,,,,X,ÌyS˃,cX
2,,0382721,,,,X,ÌyS˃,[J
2,,0382746,,,,X,ÌyS˃,x
2,,0382753,,,,X,ÌyS˃,{
2,,0382761,,,,X,ÌyS˃,˒
2,,0382713,,,,X,ÌyS˃,㒬
2,,0382705,,,,X,ÌyS˃,앂c
2,,0382734,,,,X,ÌyS˃,
2,,0382704,,,,X,ÌyS˃,M
2,,0382747,,,,X,ÌyS˃,
2,,0382744,,,,X,ÌyS˃,t
2,,0382300,,,,X,ÌyS[Y,ȉɌfڂȂꍇ
2,,0382502,,,,X,ÌyS[Y,
2,,0382202,,,,X,ÌyS[Y,
2,,0382413,,,,X,ÌyS[Y,Ǘǐ
2,,0382208,,,,X,ÌyS[Y,ԉz
2,,0382411,,,,X,ÌyS[Y,
2,,0382323,,,,X,ÌyS[Y,㒷c
2,,0382504,,,,X,ÌyS[Y,kP
2,,0382207,,,,X,ÌyS[Y,
2,,0382201,,,,X,ÌyS[Y,
2,,0382203,,,,X,ÌyS[Y,K
2,,0382503,,,,X,ÌyS[Y,
2,,0382505,,,,X,ÌyS[Y,c
2,,0382322,,,,X,ÌyS[Y,c
2,,0382326,,,,X,ÌyS[Y,
2,,0382412,,,,X,ÌyS[Y,銖
2,,0382204,,,,X,ÌyS[Y,vc
2,,0382321,,,,X,ÌyS[Y,L
2,,0382324,,,,X,ÌyS[Y,[Y
2,,0382327,,,,X,ÌyS[Y,䄍
2,,0382206,,,,X,ÌyS[Y,_
2,,0382205,,,,X,ÌyS[Y,XR
2,,0382501,,,,X,ÌyS[Y,c
2,,0382325,,,,X,ÌyS[Y,
2,,0361400,,,,X,ÌySډ,ȉɌfڂȂꍇ
2,,0361422,,,,X,ÌySډ,X
2,,0361424,,,,X,ÌySډ,쌴
2,,0361414,,,,X,ÌySډ,
2,,0361412,,,,X,ÌySډ,P
2,,0361423,,,,X,ÌySډ,q
2,,0361413,,,,X,ÌySډ,H
2,,0361411,,,,X,ÌySډ,c
2,,0361421,,,,X,ÌySډ,
2,,0361415,,,,X,ÌySډ,s
2,,0383800,,,,X,ÌyS蒬,ȉɌfڂȂꍇ
2,,0383837,,,,X,ÌyS蒬,؉
2,,0383833,,,,X,ÌyS蒬,T
2,,0381203,,,,X,ÌyS蒬,v䖼
2,,0383804,,,,X,ÌyS蒬,
2,,0381206,,,,X,ÌyS蒬,RO
2,,0383812,,,,X,ÌyS蒬,
2,,0383805,,,,X,ÌyS蒬,ܗ
2,,0381216,,,,X,ÌyS蒬,
2,,0383836,,,,X,ÌyS蒬,UC
2,,0383835,,,,X,ÌyS蒬,UC
2,,0381214,,,,X,ÌyS蒬,
2,,0381213,,,,X,ÌyS蒬,
2,,0381202,,,,X,ÌyS蒬,x
2,,0383811,,,,X,ÌyS蒬,
2,,0383831,,,,X,ÌyS蒬,
2,,0383803,,,,X,ÌyS蒬,Lc
2,,0383834,,,,X,ÌyS蒬,
2,,0383806,,,,X,ÌyS蒬,э
2,,0381211,,,,X,ÌyS蒬,
2,,0381201,,,,X,ÌyS蒬,
2,,0383801,,,,X,ÌyS蒬,z
2,,0383802,,,,X,ÌyS蒬,
2,,0381207,,,,X,ÌyS蒬,
2,,0381204,,,,X,ÌyS蒬,
2,,0383814,,,,X,ÌyS蒬,
2,,0381212,,,,X,ÌyS蒬,Oc
2,,0383813,,,,X,ÌyS蒬,
2,,0381205,,,,X,ÌyS蒬,gc
2,,0383832,,,,X,ÌyS蒬,g
2,,0381215,,,,X,ÌyS蒬,ᏼ
2,,0380200,,,,X,ÌySk,ȉɌfڂȂꍇ
2,,0380233,,,,X,ÌySk,y
2,,0380211,,,,X,ÌySk,k
2,,0380204,,,,X,ÌySk,
2,,0380212,,,,X,ÌySk,
2,,0380203,,,,X,ÌySk,
2,,0380241,,,,X,ÌySk,I
2,,0380223,,,,X,ÌySk,c
2,,0380231,,,,X,ÌySk,h쌴
2,,0380202,,,,X,ÌySk,
2,,0380201,,,,X,ÌySk,
2,,0380221,,,,X,ÌySk,L
2,,0380243,,,,X,ÌySk,
2,,0380222,,,,X,ÌySk,
2,,0380232,,,,X,ÌySk,Ocړ
2,,0380242,,,,X,ÌySk,XR
2,,0381100,,,,X,ÌyScɊّ,ȉɌfڂȂꍇ
2,,0381142,,,,X,ÌyScɊّ,a
2,,0381113,,,,X,ÌyScɊّ,cɊ
2,,0381104,,,,X,ÌyScɊّ,}
2,,0381133,,,,X,ÌyScɊّ,卪q
2,,0381131,,,,X,ÌyScɊّ,
2,,0381123,,,,X,ÌyScɊّ,
2,,0381141,,,,X,ÌyScɊّ,암
2,,0381143,,,,X,ÌyScɊّ,X
2,,0381103,,,,X,ÌyScɊّ,\쌴
2,,0381132,,,,X,ÌyScɊّ,zK
2,,0381111,,,,X,ÌyScɊّ,
2,,0381112,,,,X,ÌyScɊّ,
2,,0381145,,,,X,ÌyScɊّ,yq
2,,0381101,,,,X,ÌyScɊّ,
2,,0381102,,,,X,ÌyScɊّ,O
2,,0381134,,,,X,ÌyScɊّ,L
2,,0381121,,,,X,ÌyScɊّ,
2,,0381122,,,,X,ÌyScɊّ,c
2,,0381144,,,,X,ÌyScɊّ,Oc~
2,,0383600,,,,X,kÌyS,ȉɌfڂȂꍇ
2,,0383683,,,,X,kÌyS,ԓc
2,,0383651,,,,X,kÌyS,ѓc
2,,0383682,,,,X,kÌyS,Ζ
2,,0383685,,,,X,kÌyS,⒬
2,,0383662,,,,X,kÌyS,
2,,0383642,,,,X,kÌyS,c
2,,0383635,,,,X,kÌyS,U
2,,0383671,,,,X,kÌyS,|
2,,0383632,,,,X,kÌyS,
2,,0383633,,,,X,kÌyS,ϐX
2,,0383636,,,,X,kÌyS,܊`
2,,0383673,,,,X,kÌyS,
2,,0383621,,,,X,kÌyS,ܗѕ
2,,0383684,,,,X,kÌyS,O
2,,0383623,,,,X,kÌyS,C
2,,0383634,,,,X,kÌyS,
2,,0383624,,,,X,kÌyS,
2,,0383625,,,,X,kÌyS,ږz
2,,0383645,,,,X,kÌyS,
2,,0383643,,,,X,kÌyS,
2,,0383681,,,,X,kÌyS,쒆
2,,0383672,,,,X,kÌyS,D
2,,0383641,,,,X,kÌyS,[
2,,0383661,,,,X,kÌyS,c
2,,0383631,,,,X,kÌyS,OX
2,,0383622,,,,X,kÌyS,[
2,,0383644,,,,X,kÌyS,
2,,0383500,,,,X,kÌySߓc,ȉɌfڂȂꍇ
2,,0383501,,,,X,kÌySߓc,努
2,,0383513,,,,X,kÌySߓc,
2,,0383541,,,,X,kÌySߓc,
2,,0383531,,,,X,kÌySߓc,ؓ
2,,0383523,,,,X,kÌySߓc,ӓ
2,,0383502,,,,X,kÌySߓc,
2,,0383524,,,,X,kÌySߓc,
2,,0383521,,,,X,kÌySߓc,Ҋ
2,,0383512,,,,X,kÌySߓc,Ǒ
2,,0383525,,,,X,kÌySߓc,含
2,,0383503,,,,X,kÌySߓc,ߓc
2,,0383522,,,,X,kÌySߓc,ߔ
2,,0383514,,,,X,kÌySߓc,
2,,0383532,,,,X,kÌySߓc,
2,,0383542,,,,X,kÌySߓc,
2,,0383543,,,,X,kÌySߓc,
2,,0383515,,,,X,kÌySߓc,R
2,,0383511,,,,X,kÌySߓc,
2,,0370300,,,,X,kÌyS,ȉɌfڂȂꍇ
2,,0370316,,,,X,kÌyS,
2,,0370301,,,,X,kÌyS,
2,,0370302,,,,X,kÌyS,s
2,,0370311,,,,X,kÌyS,
2,,0370304,,,,X,kÌyS,
2,,0370512,,,,X,kÌyS,
2,,0370523,,,,X,kÌyS,
2,,0370541,,,,X,kÌyS,u
2,,0370534,,,,X,kÌyS,
2,,0370542,,,,X,kÌyS,R
2,,0370535,,,,X,kÌyS,蓹
2,,0370521,,,,X,kÌyS,܌
2,,0370522,,,,X,kÌyS,
2,,0370525,,,,X,kÌyS,LL
2,,0370538,,,,X,kÌyS,O
2,,0370533,,,,X,kÌyS,q
2,,0370511,,,,X,kÌyS,R
2,,0370531,,,,X,kÌyS,
2,,0370536,,,,X,kÌyS,
2,,0370532,,,,X,kÌyS,qؕ
2,,0370514,,,,X,kÌyS,l
2,,0370537,,,,X,kÌyS,
2,,0370543,,,,X,kÌyS,V
2,,0301701,,,,X,kÌyS,ܓ
2,,0370524,,,,X,kÌyS,
2,,0370513,,,,X,kÌyS,
2,,0370303,,,,X,kÌyS,
2,,0370318,,,,X,kÌyS,cΖ
2,,0370313,,,,X,kÌyS,x
2,,0370315,,,,X,kÌyS,L
2,,0370312,,,,X,kÌyS,L
2,,0370305,,,,X,kÌyS,
2,,0370317,,,,X,kÌyS,D
2,,0370309,,,,X,kÌyS,
2,,0370314,,,,X,kÌyS,Y
2,,0370308,,,,X,kÌyS,[c
2,,0370306,,,,X,kÌyS,{
2,,0370307,,,,X,kÌyS,{
2,,0393100,,,,X,kSӒn,ȉɌfڂȂꍇ
2,,0393116,,,,X,kSӒn,ԍ
2,,0393108,,,,X,kSӒn,L
2,,0393105,,,,X,kSӒn,L˒䕽
2,,0393178,,,,X,kSӒn,ƃm
2,,0393111,,,,X,kSӒn,ΐ_
2,,0393144,,,,X,kSӒn,mn
2,,0393174,,,,X,kSӒn,啽
2,,0393104,,,,X,kSӒn,匎
2,,0393107,,,,X,kSӒn,
2,,0393106,,,,X,kSӒn,Ic
2,,0393174,,,,X,kSӒn,͓n
2,,0393127,,,,X,kSӒn,쌴
2,,0393154,,,,X,kSӒn,㏬
2,,0393128,,,,X,kSӒn,Oc
2,,0393171,,,,X,kSӒn,
2,,0393143,,,,X,kSӒn,
2,,0393158,,,,X,kSӒn,ωь
2,,0393165,,,,X,kSӒn,ωёOc
2,,0393159,,,,X,kSӒn,ωјe
2,,0393105,,,,X,kSӒn,ؖ
2,,0393155,,,,X,kSӒn,ؖ
2,,0393142,,,,X,kSӒn,vc
2,,0393162,,,,X,kSӒn,
2,,0393157,,,,X,kSӒn,q
2,,0393108,,,,X,kSӒn,
2,,0393177,,,,X,kSӒn,č
2,,0393174,,,,X,kSӒn,͓n
2,,0393152,,,,X,kSӒn,
2,,0393117,,,,X,kSӒn,
2,,0393126,,,,X,kSӒn,Oc
2,,0393146,,,,X,kSӒn,mؕ
2,,0393171,,,,X,kSӒn,
2,,0393147,,,,X,kSӒn,^c
2,,0393124,,,,X,kSӒn,
2,,0393151,,,,X,kSӒn,
2,,0393129,,,,X,kSӒn,Vc
2,,0393163,,,,X,kSӒn,V
2,,0393175,,,,X,kSӒn,nR
2,,0393173,,,,X,kSӒn,w쌴
2,,0393114,,,,X,kSӒn,H
2,,0393122,,,,X,kSӒn,Gg
2,,0393171,,,,X,kSӒn,c
2,,0393103,,,,X,kSӒn,c
2,,0393123,,,,X,kSӒn,
2,,0393113,,,,X,kSӒn,c
2,,0393174,,,,X,kSӒn,c[
2,,0393115,,,,X,kSӒn,^m
2,,0393171,,,,X,kSӒn,΃m
2,,0393118,,,,X,kSӒn,m
2,,0393129,,,,X,kSӒn,˓cm
2,,0393172,,,,X,kSӒn,䕽
2,,0393153,,,,X,kSӒn,
2,,0393108,,,,X,kSӒn,c
2,,0393112,,,,X,kSӒn,
2,,0393143,,,,X,kSӒn,~
2,,0393176,,,,X,kSӒn,n
2,,0393141,,,,X,kSӒn,
2,,0393171,,,,X,kSӒn,{
2,,0393167,,,,X,kSӒn,{،
2,,0393166,,,,X,kSӒn,{،Oc
2,,0393131,,,,X,kSӒn,Ӓn
2,,0393171,,,,X,kSӒn,\
2,,0393177,,,,X,kSӒn,mؒJn
2,,0393101,,,,X,kSӒn,l|
2,,0393105,,,,X,kSӒn,c
2,,0393105,,,,X,kSӒn,
2,,0393128,,,,X,kSӒn,
2,,0393156,,,,X,kSӒn,f
2,,0393121,,,,X,kSӒn,D
2,,0393106,,,,X,kSӒn,ÖO
2,,0393125,,,,X,kSӒn,Vm
2,,0393164,,,,X,kSӒn,Oc
2,,0393168,,,,X,kSӒn,O
2,,0393179,,,,X,kSӒn,n
2,,0393161,,,,X,kSӒn,n哹
2,,0393157,,,,X,kSӒn,m
2,,0393145,,,,X,kSӒn,mؕ
2,,0393171,,,,X,kSӒn,
2,,0393106,,,,X,kSӒn,O
2,,0393109,,,,X,kSӒn,c
2,,0393129,,,,X,kSӒn,݈쌴
2,,0393175,,,,X,kSӒn,
2,,0393175,,,,X,kSӒn,K
2,,0393148,,,,X,kSӒn,^cK
2,,0393102,,,,X,kSӒn,ē
2,,0392500,,,,X,kS˒,ȉɌfڂȂꍇ
2,,0392501,,,,X,kS˒,rF
2,,0392534,,,,X,kS˒,r
2,,0392543,,,,X,kS˒,Lc
2,,0392816,,,,X,kS˒,ƃm
2,,0392825,,,,X,kS˒,ƃm
2,,0392824,,,,X,kS˒,ƃm
2,,0392833,,,,X,kS˒,ƃmO
2,,0392865,,,,X,kS˒,smn
2,,0392561,,,,X,kS˒,
2,,0392741,,,,X,kS˒,m@
2,,0392585,,,,X,kS˒,mR
2,,0392587,,,,X,kS˒,㉮c
2,,0392584,,,,X,kS˒,쌴
2,,0392731,,,,X,kS˒,㕽
2,,0392574,,,,X,kS˒,F
2,,0392771,,,,X,kS˒,W
2,,0392586,,,,X,kS˒,C
2,,0392526,,,,X,kS˒,㒬
2,,0392507,,,,X,kS˒,
2,,0392756,,,,X,kS˒,|щƃm
2,,0392755,,,,X,kS˒,|щƃmO
2,,0392779,,,,X,kS˒,|ьÉ~
2,,0392745,,,,X,kS˒,Γ
2,,0392508,,,,X,kS˒,r
2,,0392502,,,,X,kS˒,
2,,0392531,,,,X,kS˒,c
2,,0392821,,,,X,kS˒,啽
2,,0392514,,,,X,kS˒,c
2,,0392532,,,,X,kS˒,
2,,0392715,,,,X,kS˒,R
2,,0392751,,,,X,kS˒,LˉƃmO
2,,0392578,,,,X,kS˒,Lm
2,,0392523,,,,X,kS˒,eÓ
2,,0392577,,,,X,kS˒,b
2,,0392831,,,,X,kS˒,
2,,0392725,,,,X,kS˒,쌴
2,,0392714,,,,X,kS˒,u
2,,0392724,,,,X,kS˒,㕽
2,,0392533,,,,X,kS˒,싎
2,,0392712,,,,X,kS˒,kVԊ
2,,0392562,,,,X,kS˒,q
2,,0392522,,,,X,kS˒,qz
2,,0392866,,,,X,kS˒,Imؑ
2,,0392877,,,,X,kS˒,܈m
2,,0392812,,,,X,kS˒,c
2,,0392813,,,,X,kS˒,c
2,,0392822,,,,X,kS˒,
2,,0392856,,,,X,kS˒,Øa
2,,0392537,,,,X,kS˒,΃m_
2,,0392753,,,,X,kS˒,ƑŐ쌴
2,,0392778,,,,X,kS˒,mO
2,,0392575,,,,X,kS˒,c
2,,0392845,,,,X,kS˒,c
2,,0392576,,,,X,kS˒,c
2,,0392568,,,,X,kS˒,g
2,,0392852,,,,X,kS˒,
2,,0392853,,,,X,kS˒,
2,,0392875,,,,X,kS˒,ґ
2,,0392512,,,,X,kS˒,╓c
2,,0392511,,,,X,kS˒,╓cv
2,,0392754,,,,X,kS˒,n
2,,0392872,,,,X,kS˒,^쌴
2,,0392525,,,,X,kS˒,
2,,0392774,,,,X,kS˒,Ċړm
2,,0392546,,,,X,kS˒,
2,,0392721,,,,X,kS˒,uΐ쌴
2,,0392864,,,,X,kS˒,쌴
2,,0392723,,,,X,kS˒,u
2,,0392772,,,,X,kS˒,c
2,,0392841,,,,X,kS˒,J
2,,0392549,,,,X,kS˒,
2,,0392871,,,,X,kS˒,
2,,0392572,,,,X,kS˒,m
2,,0392565,,,,X,kS˒,
2,,0392726,,,,X,kS˒,쌴
2,,0392777,,,,X,kS˒,ƃm
2,,0392776,,,,X,kS˒,ƃmO
2,,0392775,,,,X,kS˒,򓹃m
2,,0392557,,,,X,kS˒,
2,,0392876,,,,X,kS˒,
2,,0392851,,,,X,kS˒,
2,,0392515,,,,X,kS˒,O
2,,0392855,,,,X,kS˒,c
2,,0392732,,,,X,kS˒,Ñ
2,,0392757,,,,X,kS˒,Ñ약
2,,0392854,,,,X,kS˒,䖼
2,,0392558,,,,X,kS˒,~
2,,0392516,,,,X,kS˒,ږ
2,,0392505,,,,X,kS˒,쓪
2,,0392823,,,,X,kS˒,كm
2,,0392744,,,,X,kS˒,˒
2,,0392747,,,,X,kS˒,cƃmO
2,,0392746,,,,X,kS˒,c
2,,0392874,,,,X,kS˒,ؐ쌴
2,,0392552,,,,X,kS˒,ߑœc
2,,0392567,,,,X,kS˒,ߎ
2,,0392844,,,,X,kS˒,X
2,,0392524,,,,X,kS˒,
2,,0392743,,,,X,kS˒,O
2,,0392538,,,,X,kS˒,
2,,0392518,,,,X,kS˒,V_
2,,0392521,,,,X,kS˒,V
2,,0392811,,,,X,kS˒,VԊڍrJ
2,,0392861,,,,X,kS˒,VԊڑ
2,,0392873,,,,X,kS˒,VԊڊ
2,,0392857,,,,X,kS˒,VԊڑqz
2,,0392733,,,,X,kS˒,VԊڑO쌴
2,,0392863,,,,X,kS˒,\}
2,,0392579,,,,X,kS˒,\
2,,0392503,,,,X,kS˒,Lԓ
2,,0392846,,,,X,kS˒,J
2,,0392554,,,,X,kS˒,
2,,0392782,,,,X,kS˒,c
2,,0392784,,,,X,kS˒,
2,,0392783,,,,X,kS˒,ԉ
2,,0392786,,,,X,kS˒,Y
2,,0392785,,,,X,kS˒,m
2,,0392711,,,,X,kS˒,VԊ
2,,0392842,,,,X,kS˒,J
2,,0392826,,,,X,kS˒,
2,,0392539,,,,X,kS˒,
2,,0392862,,,,X,kS˒,ĊԖ
2,,0392517,,,,X,kS˒,ď
2,,0392582,,,,X,kS˒,쌴
2,,0392556,,,,X,kS˒,Ζ
2,,0392535,,,,X,kS˒,m
2,,0392536,,,,X,kS˒,썲|
2,,0392801,,,,X,kS˒,
2,,0392804,,,,X,kS˒,ϋv
2,,0392802,,,,X,kS˒,O
2,,0392803,,,,X,kS˒,Xm
2,,0392573,,,,X,kS˒,쑱
2,,0392542,,,,X,kS˒,m
2,,0392843,,,,X,kS˒,m
2,,0392752,,,,X,kS˒,X
2,,0392544,,,,X,kS˒,I
2,,0392553,,,,X,kS˒,ړ
2,,0392566,,,,X,kS˒,X
2,,0392781,,,,X,kS˒,ԏуm
2,,0392805,,,,X,kS˒,v
2,,0392581,,,,X,kS˒,쌴
2,,0392513,,,,X,kS˒,Ζ
2,,0392713,,,,X,kS˒,VԊ
2,,0392506,,,,X,kS˒,GX
2,,0392504,,,,X,kS˒,
2,,0392761,,,,X,kS˒,cXƃm
2,,0392763,,,,X,kS˒,cXƃm\
2,,0392762,,,,X,kS˒,cXƃm
2,,0392742,,,,X,kS˒,Mv
2,,0392564,,,,X,kS˒,É~
2,,0392545,,,,X,kS˒,ʑ]
2,,0392571,,,,X,kS˒,֍
2,,0392716,,,,X,kS˒,
2,,0392583,,,,X,kS˒,O쌴
2,,0392773,,,,X,kS˒,O
2,,0392555,,,,X,kS˒,Oc
2,,0392569,,,,X,kS˒,n쌴
2,,0392527,,,,X,kS˒,
2,,0392835,,,,X,kS˒,P
2,,0392832,,,,X,kS˒,m
2,,0392814,,,,X,kS˒,m
2,,0392748,,,,X,kS˒,ڌ
2,,0392541,,,,X,kS˒,s
2,,0392548,,,,X,kS˒,
2,,0392722,,,,X,kS˒,쌴
2,,0392563,,,,X,kS˒,
2,,0392834,,,,X,kS˒,
2,,0392828,,,,X,kS˒,XP
2,,0392827,,,,X,kS˒,Xm
2,,0392815,,,,X,kS˒,Xm
2,,0392551,,,,X,kS˒,t
2,,0392547,,,,X,kS˒,q
2,,0392717,,,,X,kS˒,
2,,0392559,,,,X,kS˒,R
2,,0392589,,,,X,kS˒,ac
2,,0392588,,,,X,kS˒,ac
2,,0392300,,,,X,kSZ˒,ȉɌfڂȂꍇ
2,,0330071,,,,X,kSZ˒,iARAAAAґA؉zAA
2,,0330071,,,,X,kSZ˒,l؁ASAvہuPVSvAґAXAʖږ؁AؖёuQ
2,,0330071,,,,X,kSZ˒,TAURVAUSPAUSRAUSVvA~AvہAËAx
2,,0330071,,,,X,kSZ˒,A약AAȁj
2,,0392371,,,,X,kSZ˒,ȋj
2,,0330072,,,,X,kSZ˒,ܖ΁iFuQPR`QRSAQSOAQSVAQUQAQUUAQV
2,,0330072,,,,X,kSZ˒,TAQVVAQWOAQXTAPPXXAPQOUAPTOSvA
2,,0330072,,,,X,kSZ˒,匴ARAܖ΁uP|PRAVP|PXQvj
2,,0392372,,,,X,kSZ˒,ܖ΁ȋj
2,,0330073,,,,X,kSZ˒,
2,,0392311,,,,X,kSZ˒,gc
2,,0392314,,,,X,kSZ˒,
2,,0330074,,,,X,kSZ˒,Pu
2,,0392312,,,,X,kSZ˒,gc
2,,0392313,,,,X,kSZ˒,ߋ
2,,0392315,,,,X,kSZ˒,
2,,0394100,,,,X,kSl,ȉɌfڂȂꍇ
2,,0394106,,,,X,kSl,L
2,,0394113,,,,X,kSl,ƃmO
2,,0394115,,,,X,kSl,ו
2,,0394112,,,,X,kSl,΃P
2,,0394111,,,,X,kSl,唨
2,,0394131,,,,X,kSl,
2,,0394142,,,,X,kSl,C^m
2,,0394123,,,,X,kSl,
2,,0394124,,,,X,kSl,K
2,,0394103,,,,X,kSl,쑾Y
2,,0394137,,,,X,kSl,쌴
2,,0394104,,,,X,kSl,c
2,,0394133,,,,X,kSl,ڂ̌
2,,0394132,,,,X,kSl,Y{c
2,,0394138,,,,X,kSl,˖
2,,0394145,,,,X,kSl,
2,,0394152,,,,X,kSl,Sږ
2,,0394155,,,,X,kSl,Lh
2,,0394122,,,,X,kSl,{PS
2,,0394116,,,,X,kSl,
2,,0394105,,,,X,kSl,c
2,,0394117,,,,X,kSl,{
2,,0394144,,,,X,kSl,l
2,,0394102,,,,X,kSl,lc
2,,0394101,,,,X,kSl,ѐK
2,,0394135,,,,X,kSl,т̌
2,,0394134,,,,X,kSl,т̘e
2,,0394121,,,,X,kSl,O
2,,0394156,,,,X,kSl,_
2,,0394157,,,,X,kSl,
2,,0394153,,,,X,kSl,z
2,,0394114,,,,X,kSl,哤c
2,,0394141,,,,X,kSl,Oۖ
2,,0394154,,,,X,kSl,_
2,,0394151,,,,X,kSl,
2,,0394143,,,,X,kSl,~`
2,,0394136,,,,X,kSl,l
2,,0392600,,,,X,kSk,ȉɌfڂȂꍇ
2,,0392657,,,,X,kSk,Ԑ쓹
2,,0392604,,,,X,kSk,v
2,,0392406,,,,X,kSk,k
2,,0392407,,,,X,kSk,
2,,0392685,,,,X,kSk,ƃm^
2,,0392681,,,,X,kSk,ƃmO
2,,0392602,,,,X,kSk,܏\
2,,0392682,,,,X,kSk,΍
2,,0392683,,,,X,kSk,R
2,,0392626,,,,X,kSk,v
2,,0392655,,,,X,kSk,傑򓹃m
2,,0392656,,,,X,kSk,傑
2,,0392686,,,,X,kSk,F
2,,0392607,,,,X,kSk,W
2,,0392673,,,,X,kSk,nK
2,,0392401,,,,X,kSk,
2,,0392612,,,,X,kSk,Tm
2,,0392402,,,,X,kSk,Y
2,,0392623,,,,X,kSk,v
2,,0392651,,,,X,kSk,
2,,0392683,,,,X,kSk,啽
2,,0392688,,,,X,kSk,問
2,,0392673,,,,X,kSk,׉
2,,0392636,,,,X,kSk,m
2,,0392634,,,,X,kSk,m
2,,0392671,,,,X,kSk,
2,,0392635,,,,X,kSk,z
2,,0392664,,,,X,kSk,
2,,0392666,,,,X,kSk,R
2,,0392643,,,,X,kSk,m
2,,0392643,,,,X,kSk,m
2,,0392601,,,,X,kSk,KX
2,,0392606,,,,X,kSk,
2,,0392685,,,,X,kSk,ƃm
2,,0392404,,,,X,kSk,kk
2,,0392405,,,,X,kSk,k
2,,0392626,,,,X,kSk,v
2,,0392661,,,,X,kSk,
2,,0392687,,,,X,kSk,㐴
2,,0392668,,,,X,kSk,kVO
2,,0392678,,,,X,kSk,ϑR
2,,0392616,,,,X,kSk,؍⓹m
2,,0392614,,,,X,kSk,؍⓹m
2,,0392672,,,,X,kSk,IRY
2,,0392641,,,,X,kSk,c
2,,0392686,,,,X,kSk,ǃm_
2,,0392678,,,,X,kSk,m
2,,0392605,,,,X,kSk,ґ
2,,0392627,,,,X,kSk,
2,,0392668,,,,X,kSk,
2,,0392676,,,,X,kSk,
2,,0392662,,,,X,kSk,
2,,0392653,,,,X,kSk,R
2,,0392633,,,,X,kSk,f@
2,,0392667,,,,X,kSk,VO
2,,0392686,,,,X,kSk,Ym
2,,0392647,,,,X,kSk,O傑v
2,,0392648,,,,X,kSk,O傑kv
2,,0392646,,,,X,kSk,O傑򐼕
2,,0392645,,,,X,kSk,O傑O
2,,0392605,,,,X,kSk,X
2,,0392631,,,,X,kSk,
2,,0392635,,,,X,kSk,
2,,0392624,,,,X,kSk,v
2,,0392663,,,,X,kSk,ډ
2,,0392621,,,,X,kSk,cm
2,,0392678,,,,X,kSk,cʖ
2,,0392675,,,,X,kSk,g
2,,0392674,,,,X,kSk,gR
2,,0392678,,,,X,kSk,ҋv
2,,0392626,,,,X,kSk,K
2,,0392623,,,,X,kSk,߃P
2,,0392654,,,,X,kSk,mR
2,,0392635,,,,X,kSk,
2,,0392611,,,,X,kSk,m
2,,0392611,,,,X,kSk,m
2,,0392625,,,,X,kSk,v
2,,0392403,,,,X,kSk,V
2,,0392612,,,,X,kSk,Ym
2,,0392613,,,,X,kSk,qm
2,,0392613,,,,X,kSk,c
2,,0392613,,,,X,kSk,cR
2,,0392613,,,,X,kSk,cK
2,,0392622,,,,X,kSk,lƓ
2,,0392612,,,,X,kSk,l
2,,0392687,,,,X,kSk,уm
2,,0392632,,,,X,kSk,eуmR
2,,0392642,,,,X,kSk,
2,,0392642,,,,X,kSk,
2,,0392642,,,,X,kSk,R
2,,0392674,,,,X,kSk,vG
2,,0392677,,,,X,kSk,vGR
2,,0392622,,,,X,kSk,DP
2,,0392624,,,,X,kSk,É~
2,,0392615,,,,X,kSk,ג
2,,0392602,,,,X,kSk,גËm
2,,0392652,,,,X,kSk,قƂ
2,,0392644,,,,X,kSk,یˑƃm
2,,0392644,,,,X,kSk,یˑƃmO
2,,0392644,,,,X,kSk,یˑƃm
2,,0392604,,,,X,kSk,\
2,,0392604,,,,X,kSk,
2,,0392617,,,,X,kSk,
2,,0392617,,,,X,kSk,
2,,0392624,,,,X,kSk,mk
2,,0392684,,,,X,kSk,
2,,0392672,,,,X,kSk,׉
2,,0392673,,,,X,kSk,~
2,,0392615,,,,X,kSk,Gom
2,,0392615,,,,X,kSk,Gom
2,,0392606,,,,X,kSk,Jn
2,,0392665,,,,X,kSk,
2,,0392681,,,,X,kSk,RY
2,,0392673,,,,X,kSk,Rm
2,,0392682,,,,X,kSk,
2,,0392604,,,,X,kSk,
2,,0392604,,,,X,kSk,
2,,0392603,,,,X,kSk,R
2,,0392623,,,,X,kSk,u
2,,0392633,,,,X,kSk,aR
2,,0393200,,,,X,kSZ,ȉɌfڂȂꍇ
2,,0393212,,,,X,kSZ,o
2,,0393215,,,,X,kSZ,q
2,,0393213,,,,X,kSZ,
2,,0393211,,,,X,kSZ,o
2,,0394301,,,,X,kSZ,
2,,0393214,,,,X,kSZ,
2,,0392200,,,,X,kS点,ȉɌfڂȂꍇ
2,,0392189,,,,X,kS点,t
2,,0392147,,,,X,kS点,ԓcO
2,,0392116,,,,X,kS点,H
2,,0392141,,,,X,kS点,y
2,,0392165,,,,X,kS点,V
2,,0392172,,,,X,kS点,
2,,0392113,,,,X,kS点,ђJn
2,,0392217,,,,X,kS点,
2,,0392216,,,,X,kS点,c
2,,0392182,,,,X,kS点,Gv
2,,0392183,,,,X,kS点,GvێR
2,,0392253,,,,X,kS点,ږ
2,,0392225,,,,X,kS点,㖾
2,,0392133,,,,X,kS点,쌴
2,,0392185,,,,X,kS点,v
2,,0392221,,,,X,kS点,Oc
2,,0392145,,,,X,kS点,Jn
2,,0392117,,,,X,kS点,[
2,,0392127,,,,X,kS点,؍
2,,0392186,,,,X,kS点,kc
2,,0392155,,,,X,kS点,؃m
2,,0392157,,,,X,kS点,؃m
2,,0392156,,,,X,kS点,؃m
2,,0392252,,,,X,kS点,Jn
2,,0392142,,,,X,kS点,OJn
2,,0392124,,,,X,kS点,c
2,,0392125,,,,X,kS点,O{
2,,0392224,,,,X,kS点,
2,,0392121,,,,X,kS点,
2,,0392222,,,,X,kS点,Oc
2,,0392215,,,,X,kS点,~
2,,0392143,,,,X,kS点,㐅
2,,0392226,,,,X,kS点,V쌴
2,,0392211,,,,X,kS点,Vc
2,,0392164,,,,X,kS点,_O
2,,0392180,,,,X,kS点,Zg
2,,0392235,,,,X,kS点,犠c
2,,0392128,,,,X,kS点,
2,,0392114,,,,X,kS点,c
2,,0392144,,,,X,kS点,̒[
2,,0392135,,,,X,kS点,
2,,0392163,,,,X,kS点,ىz
2,,0392255,,,,X,kS点,y
2,,0392234,,,,X,kS点,c
2,,0392102,,,,X,kS点,Lh
2,,0392154,,,,X,kS点,L
2,,0392223,,,,X,kS点,cJn
2,,0392254,,,,X,kS点,cUJn
2,,0392136,,,,X,kS点,c
2,,0392129,,,,X,kS点,R
2,,0392112,,,,X,kS点,약
2,,0392146,,,,X,kS点,Jn
2,,0392115,,,,X,kS点,ؔ
2,,0392111,,,,X,kS点,Jn
2,,0392171,,,,X,kS点,V~
2,,0392161,,,,X,kS点,쌴
2,,0392123,,,,X,kS点,Jn
2,,0392132,,,,X,kS点,O쌴
2,,0392122,,,,X,kS点,
2,,0392233,,,,X,kS点,[
2,,0392134,,,,X,kS点,y
2,,0392184,,,,X,kS点,l
2,,0392232,,,,X,kS点,Jn
2,,0392212,,,,X,kS点,쌴
2,,0392231,,,,X,kS点,Jn
2,,0392214,,,,X,kS点,O쌴
2,,0392118,,,,X,kS点,F쌴
2,,0392203,,,,X,kS点,
2,,0392204,,,,X,kS点,[
2,,0392205,,,,X,kS点,[
2,,0392173,,,,X,kS点,Z
2,,0392201,,,,X,kS点,
2,,0392181,,,,X,kS点,ÊԖ؎R
2,,0392213,,,,X,kS点,xm
2,,0392126,,,,X,kS点,Ԗ
2,,0392206,,,,X,kS点,
2,,0392187,,,,X,kS点,΃Pu
2,,0392162,,,,X,kS点,쉺c
2,,0392131,,,,X,kS点,쌴
2,,0392251,,,,X,kS点,
2,,0392202,,,,X,kS点,
2,,0392151,,,,X,kS点,R
2,,0392152,,,,X,kS点,R
2,,0392158,,,,X,kS点,R
2,,0392153,,,,X,kS点,R
2,,0392236,,,,X,kS点,m
2,,0392188,,,,X,kS点,t
2,,0394600,,,,X,kSԒ,ȉɌfڂȂꍇ
2,,0394601,,,,X,kSԒ,
2,,0394602,,,,X,kSԒ,
2,,0350000,,,,X,kSʑ,ȉɌfڂȂꍇ
2,,0350113,,,,X,kSʑ,≮
2,,0350001,,,,X,kSʑ,嗘
2,,0394223,,,,X,kSʑ,c
2,,0350104,,,,X,kSʑ,iAl̕j
2,,0350004,,,,X,kSʑ,ȋj
2,,0394221,,,,X,kSʑ,PX
2,,0350112,,,,X,kSʑ,KJ
2,,0394224,,,,X,kSʑ,f
2,,0350111,,,,X,kSʑ,K
2,,0394222,,,,X,kSʑ,q
2,,0350005,,,,X,kSʑ,c
2,,0350003,,,,X,kSʑ,싍i蕽ROQԒnERPTԒnAgNTj
2,,0350103,,,,X,kSʑ,싍ȋj
2,,0350002,,,,X,kSʑ,ږ
2,,0394500,,,,X,kSԉY,ȉɌfڂȂꍇ
2,,0394502,,,,X,kSԉY,Ս
2,,0394501,,,,X,kSԉY,C
2,,0394503,,,,X,kSԉY,։Y
2,,0394700,,,,X,kS䑺,ȉɌfڂȂꍇ
2,,0394711,,,,X,kS䑺,
2,,0394712,,,,X,kS䑺,
2,,0390100,,,,X,OˌSO˒,ȉɌfڂȂꍇ
2,,0390111,,,,X,OˌSO˒,R
2,,0390112,,,,X,OˌSO˒,~
2,,0390453,,,,X,OˌSO˒,L
2,,0390141,,,,X,OˌSO˒,c
2,,0390143,,,,X,OˌSO˒,c
2,,0390142,,,,X,OˌSO˒,v
2,,0390132,,,,X,OˌSO˒,ݕ{H
2,,0390451,,,,X,OˌSO˒,֏
2,,0390134,,,,X,OˌSO˒,S
2,,0390122,,,,X,OˌSO˒,l
2,,0390121,,,,X,OˌSO˒,L
2,,0390452,,,,X,OˌSO˒,ѓc
2,,0390133,,,,X,OˌSO˒,n
2,,0390131,,,,X,OˌSO˒,
2,,0390144,,,,X,OˌSO˒,Z
2,,0390113,,,,X,OˌSO˒,ڎ
2,,0390135,,,,X,OˌSO˒,
2,,0391500,,,,X,OˌS܌˒,ȉɌfڂȂꍇ
2,,0391508,,,,X,OˌS܌˒,Ԑ
2,,0391508,,,,X,OˌS܌˒,ԐO
2,,0391561,,,,X,OˌS܌˒,ԍ
2,,0391528,,,,X,OˌS܌˒,
2,,0391536,,,,X,OˌS܌˒,
2,,0391536,,,,X,OˌS܌˒,^
2,,0391536,,,,X,OˌS܌˒,
2,,0391556,,,,X,OˌS܌˒,o
2,,0391534,,,,X,OˌS܌˒,r
2,,0391521,,,,X,OˌS܌˒,ܕSE
2,,0391539,,,,X,OˌS܌˒,Α
2,,0391505,,,,X,OˌS܌˒,Ε
2,,0391505,,,,X,OˌS܌˒,Ε쌴
2,,0391505,,,,X,OˌS܌˒,Ε쌴
2,,0391505,,,,X,OˌS܌˒,ΕO
2,,0391521,,,,X,OˌS܌˒,E
2,,0391516,,,,X,OˌS܌˒,s쓹\
2,,0391568,,,,X,OˌS܌˒,ǖ
2,,0391568,,,,X,OˌS܌˒,ǖؑO
2,,0391568,,,,X,OˌS܌˒,{
2,,0391568,,,,X,OˌS܌˒,{ؑO
2,,0391504,,,,X,OˌS܌˒,e
2,,0391504,,,,X,OˌS܌˒,eۓy
2,,0391504,,,,X,OˌS܌˒,eۓy
2,,0391504,,,,X,OˌS܌˒,e쌴
2,,0391504,,,,X,OˌS܌˒,eJn
2,,0391552,,,,X,OˌS܌˒,W
2,,0391537,,,,X,OˌS܌˒,EG
2,,0391537,,,,X,OˌS܌˒,EG
2,,0391507,,,,X,OˌS܌˒,傐
2,,0391507,,,,X,OˌS܌˒,傐O쌴
2,,0391507,,,,X,OˌS܌˒,傐쑺
2,,0391537,,,,X,OˌS܌˒,Ǖ
2,,0391527,,,,X,OˌS܌˒,c
2,,0391568,,,,X,OˌS܌˒,c
2,,0391503,,,,X,OˌS܌˒,v
2,,0391521,,,,X,OˌS܌˒,n
2,,0391521,,,,X,OˌS܌˒,nm
2,,0391563,,,,X,OˌS܌˒,Jn
2,,0391511,,,,X,OˌS܌˒,G艮E
2,,0391511,,,,X,OˌS܌˒,G艮E~
2,,0391511,,,,X,OˌS܌˒,G艮~
2,,0391501,,,,X,OˌS܌˒,s
2,,0391504,,,,X,OˌS܌˒,e
2,,0391533,,,,X,OˌS܌˒,咬
2,,0391557,,,,X,OˌS܌˒,쌴
2,,0391508,,,,X,OˌS܌˒,V
2,,0391567,,,,X,OˌS܌˒,啽y
2,,0391552,,,,X,OˌS܌˒,㍂c
2,,0391526,,,,X,OˌS܌˒,㒷
2,,0391551,,,,X,OˌS܌˒,Vc
2,,0391551,,,,X,OˌS܌˒,VcO
2,,0391523,,,,X,OˌS܌˒,ۓy
2,,0391507,,,,X,OˌS܌˒,Jn
2,,0391568,,,,X,OˌS܌˒,P
2,,0391568,,,,X,OˌS܌˒,PO
2,,0391554,,,,X,OˌS܌˒,쌴
2,,0391554,,,,X,OˌS܌˒,쌴
2,,0391553,,,,X,OˌS܌˒,쌴
2,,0391553,,,,X,OˌS܌˒,쌴
2,,0391532,,,,X,OˌS܌˒,ω
2,,0391531,,,,X,OˌS܌˒,ϐX
2,,0391531,,,,X,OˌS܌˒,ϐXk
2,,0391521,,,,X,OˌS܌˒,vE
2,,0392302,,,,X,OˌS܌˒,ؒJikcmj
2,,0391502,,,,X,OˌS܌˒,ؒJȋj
2,,0391515,,,,X,OˌS܌˒,Fm
2,,0391515,,,,X,OˌS܌˒,Fm
2,,0391506,,,,X,OˌS܌˒,F
2,,0391506,,,,X,OˌS܌˒,Fь
2,,0391506,,,,X,OˌS܌˒,FёO
2,,0391701,,,,X,OˌS܌˒,qΐΑ
2,,0391702,,,,X,OˌS܌˒,qΒs
2,,0391703,,,,X,OˌS܌˒,qΖd
2,,0391563,,,,X,OˌS܌˒,іX
2,,0391561,,,,X,OˌS܌˒,z|
2,,0391561,,,,X,OˌS܌˒,z|O
2,,0391561,,,,X,OˌS܌˒,z|򓹉
2,,0391522,,,,X,OˌS܌˒,n
2,,0391522,,,,X,OˌS܌˒,n
2,,0391566,,,,X,OˌS܌˒,Km_
2,,0391566,,,,X,OˌS܌˒,Km_O
2,,0391503,,,,X,OˌS܌˒,Jn
2,,0391503,,,,X,OˌS܌˒,Lm
2,,0391558,,,,X,OˌS܌˒,
2,,0391517,,,,X,OˌS܌˒,
2,,0391562,,,,X,OˌS܌˒,
2,,0391562,,,,X,OˌS܌˒,
2,,0391562,,,,X,OˌS܌˒,
2,,0391562,,,,X,OˌS܌˒,O
2,,0391525,,,,X,OˌS܌˒,n
2,,0391546,,,,X,OˌS܌˒,^m
2,,0391546,,,,X,OˌS܌˒,^m
2,,0391559,,,,X,OˌS܌˒,咬
2,,0391518,,,,X,OˌS܌˒,
2,,0391508,,,,X,OˌS܌˒,V
2,,0391567,,,,X,OˌS܌˒,啽y
2,,0391555,,,,X,OˌS܌˒,c
2,,0391514,,,,X,OˌS܌˒,
2,,0391526,,,,X,OˌS܌˒,
2,,0391565,,,,X,OˌS܌˒,Vc
2,,0391565,,,,X,OˌS܌˒,VcO
2,,0391523,,,,X,OˌS܌˒,ۓy
2,,0391545,,,,X,OˌS܌˒,
2,,0391545,,,,X,OˌS܌˒,򒷍
2,,0391515,,,,X,OˌS܌˒,YG咷
2,,0391523,,,,X,OˌS܌˒,V
2,,0391535,,,,X,OˌS܌˒,V
2,,0391541,,,,X,OˌS܌˒,VcE
2,,0391548,,,,X,OˌS܌˒,V
2,,0391547,,,,X,OˌS܌˒,_
2,,0391526,,,,X,OˌS܌˒,yы
2,,0391563,,,,X,OˌS܌˒,w
2,,0391563,,,,X,OˌS܌˒,w
2,,0391563,,,,X,OˌS܌˒,HE
2,,0391543,,,,X,OˌS܌˒,|
2,,0391558,,,,X,OˌS܌˒,
2,,0391511,,,,X,OˌS܌˒,
2,,0391538,,,,X,OˌS܌˒,˖
2,,0391508,,,,X,OˌS܌˒,y
2,,0391529,,,,X,OˌS܌˒,q
2,,0391554,,,,X,OˌS܌˒,B
2,,0391519,,,,X,OˌS܌˒,V
2,,0391519,,,,X,OˌS܌˒,V
2,,0391519,,,,X,OˌS܌˒,V쌴
2,,0391546,,,,X,OˌS܌˒,y䓪
2,,0391552,,,,X,OˌS܌˒,쌴
2,,0391522,,,,X,OˌS܌˒,ǌE
2,,0391524,,,,X,OˌS܌˒,Lԓ
2,,0391514,,,,X,OˌS܌˒,
2,,0391552,,,,X,OˌS܌˒,c
2,,0391539,,,,X,OˌS܌˒,m
2,,0391539,,,,X,OˌS܌˒,m򐼒
2,,0391542,,,,X,OˌS܌˒,
2,,0391542,,,,X,OˌS܌˒,\
2,,0391507,,,,X,OˌS܌˒,X
2,,0391508,,,,X,OˌS܌˒,
2,,0391522,,,,X,OˌS܌˒,c
2,,0391544,,,,X,OˌS܌˒,K
2,,0391544,,,,X,OˌS܌˒,K^
2,,0391512,,,,X,OˌS܌˒,m
2,,0391537,,,,X,OˌS܌˒,{
2,,0391537,,,,X,OˌS܌˒,{
2,,0391569,,,,X,OˌS܌˒,
2,,0391533,,,,X,OˌS܌˒,쌎
2,,0391562,,,,X,OˌS܌˒,R
2,,0391562,,,,X,OˌS܌˒,RO
2,,0391558,,,,X,OˌS܌˒,J
2,,0391557,,,,X,OˌS܌˒,i
2,,0391565,,,,X,OˌS܌˒,ԓ쌴
2,,0391538,,,,X,OˌS܌˒,ÊX
2,,0391513,,,,X,OˌS܌˒,Ê
2,,0391564,,,,X,OˌS܌˒,Êى쌴
2,,0391513,,,,X,OˌS܌˒,Êٌ
2,,0391513,,,,X,OˌS܌˒,Êٌ쌴
2,,0391513,,,,X,OˌS܌˒,Ê٘e
2,,0391555,,,,X,OˌS܌˒,Ó
2,,0391555,,,,X,OˌS܌˒,Ó
2,,0391563,,,,X,OˌS܌˒,E
2,,0391558,,,,X,OˌS܌˒,x
2,,0391569,,,,X,OˌS܌˒,ǒˑO
2,,0391559,,,,X,OˌS܌˒,
2,,0391564,,,,X,OˌS܌˒,Zp
2,,0390200,,,,X,OˌScq,ȉɌfڂȂꍇ
2,,0390312,,,,X,OˌScq,΋T
2,,0390316,,,,X,OˌScq,
2,,0390202,,,,X,OˌScq,
2,,0390201,,,,X,OˌScq,cq
2,,0390314,,,,X,OˌScq,
2,,0390315,,,,X,OˌScq,č
2,,0390311,,,,X,OˌScq,
2,,0390313,,,,X,OˌScq,Ύs
2,,0390317,,,,X,OˌScq,R
2,,0390100,,,,X,OˌS암,ȉɌfڂȂꍇ
2,,0390606,,,,X,OˌS암,i؋vہAmAmAvہA~vہj
2,,0390106,,,,X,OˌS암,ȋj
2,,0390102,,,,X,OˌS암,Ԑ
2,,0390103,,,,X,OˌS암,
2,,0390105,,,,X,OˌS암,c
2,,0390801,,,,X,OˌS암,Њ
2,,0390812,,,,X,OˌS암,
2,,0390501,,,,X,OˌS암,㖼v
2,,0390612,,,,X,OˌS암,g
2,,0390805,,,,X,OˌS암,
2,,0390814,,,,X,OˌS암,n
2,,0390104,,,,X,OˌS암,
2,,0390502,,,,X,OˌS암,v
2,,0390813,,,,X,OˌS암,
2,,0390503,,,,X,OˌS암,
2,,0390507,,,,X,OˌS암,
2,,0390804,,,,X,OˌS암,
2,,0390101,,,,X,OˌS암,ʊ|
2,,0390504,,,,X,OˌS암,
2,,0390611,,,,X,OˌS암,l
2,,0390802,,,,X,OˌS암,ϕĒn
2,,0390505,,,,X,OˌS암,J
2,,0390614,,,,X,OˌS암,Փn
2,,0390815,,,,X,OˌS암,c
2,,0390506,,,,X,OˌS암,@
2,,0390811,,,,X,OˌS암,@t
2,,0390803,,,,X,OˌS암,
2,,0390613,,,,X,OˌS암,Xz
2,,0391200,,,,X,OˌSK㒬,ȉɌfڂȂꍇ
2,,0391202,,,,X,OˌSK㒬,ԕۓ
2,,0391207,,,,X,OˌSK㒬,R
2,,0391212,,,,X,OˌSK㒬,O
2,,0391211,,,,X,OˌSK㒬,O
2,,0391206,,,,X,OˌSK㒬,c
2,,0391208,,,,X,OˌSK㒬,p
2,,0391201,,,,X,OˌSK㒬,
2,,0391203,,,,X,OˌSK㒬,
2,,0391205,,,,X,OˌSK㒬,R
2,,0391204,,,,X,OˌSK㒬,
2,,0391800,,,,X,OˌSV,ȉɌfڂȂꍇ
2,,0391802,,,,X,OˌSV,z
2,,0391801,,,,X,OˌSV,˗
