3,,0200000,,,,βθ§,·‰s,Θ‰Ί‚ΙfΪ‚‚Θ‚Άκ‡
3,,0200133,,,,βθ§,·‰s,ΒR
3,,0200801,,,,βθ§,·‰s,σέ
3,,0200014,,,,βθ§,·‰s,¤“†‰Ί
3,,0200013,,,,βθ§,·‰s,¤“†’¬
3,,0200126,,,,βθ§,·‰s,ΐ”{Ω’¬
3,,0200852,,,,βθ§,·‰s,”Ρ‰V“c
3,,0200312,,,,βθ§,·‰s,»q‘ς
3,,0200054,,,,βθ§,·‰s,’–‹
3,,0200142,,,,βθ§,·‰s,ξ‰Χ’¬
3,,0200012,,,,βθ§,·‰s,β΄…
3,,0200101,,,,βθ§,·‰s,βe’¬
3,,0200066,,,,βθ§,·‰s,γ“ci‚P`‚S’–ΪA–kRj
3,,0200102,,,,βθ§,·‰s,γ“ci‚»‚Μ‘Όj
3,,0200113,,,,βθ§,·‰s,γ“c’η
3,,0200023,,,,βθ§,·‰s,“ΰΫ
3,,0200404,,,,βθ§,·‰s,‘εƒP¶
3,,0200025,,,,βθ§,·‰s,‘ε‘ςμ΄
3,,0200147,,,,βθ§,·‰s,‘εΩ’¬
3,,0200022,,,,βθ§,·‰s,‘ε’Κ
3,,0200403,,,,βθ§,·‰s,‰³•”
3,,0200026,,,,βθ§,·‰s,J‰^‹΄’Κ
3,,0200807,,,,βθ§,·‰s,‰Α‰κ–μ
3,,0200823,,,,βθ§,·‰s,–ε
3,,0200854,,,,βθ§,·‰s,γ”Ρ‰
3,,0200053,,,,βθ§,·‰s,γ‘Ύ“c
3,,0200855,,,,βθ§,·‰s,γ­Θ
3,,0200143,,,,βθ§,·‰s,γ~μ
3,,0200125,,,,βθ§,·‰s,γ“°
3,,0200887,,,,βθ§,·‰s,γƒm‹΄’¬
3,,0200001,,,,βθ§,·‰s,γ•Δ“ΰ
3,,0200812,,,,βθ§,·‰s,μ–Ϊ
3,,0200811,,,,βθ§,·‰s,μ–Ϊ’¬
3,,0200857,,,,βθ§,·‰s,–k”Ρ‰
3,,0200136,,,,βθ§,·‰s,–k“VΉ›’¬
3,,0200105,,,,βθ§,·‰s,–kΌ‰€
3,,0200061,,,,βθ§,·‰s,–kR
3,,0200031,,,,βθ§,·‰s,–k—[η£’¬
3,,0200124,,,,βθ§,·‰s,~μ
3,,0200111,,,,βθ§,·‰s,•Ξ–μ
3,,0200402,,,,βθ§,·‰s,•μ
3,,0200815,,,,βθ§,·‰s,¬™R
3,,0200104,,,,βθ§,·‰s,¬’Ή‘ς
3,,0200885,,,,βθ§,·‰s,®‰®’¬
3,,0200024,,,,βθ§,·‰s,Ψ‰€
3,,0200063,,,,βθ§,·‰s,ή–Ψ’¬
3,,0200041,,,,βθ§,·‰s,‹«“c’¬
3,,0200878,,,,βθ§,·‰s,ζ’¬
3,,0200002,,,,βθ§,·‰s,χ‘δ
3,,0200821,,,,βθ§,·‰s,R‰¤’¬
3,,0200831,,,,βθ§,·‰s,O–{–φ
3,,0200883,,,,βθ§,·‰s,u‰Ζ’¬
3,,0200875,,,,βθ§,·‰s,΄…’¬
3,,0200877,,,,βθ§,·‰s,‰Ίƒm‹΄’¬
3,,0200853,,,,βθ§,·‰s,‰Ί”Ρ‰
3,,0200051,,,,βθ§,·‰s,‰Ί‘Ύ“c
3,,0200856,,,,βθ§,·‰s,‰Ί­Θ
3,,0200123,,,,βθ§,·‰s,‰Ί~μ
3,,0200003,,,,βθ§,·‰s,‰Ί•Δ“ΰ
3,,0200044,,,,βθ§,·‰s,ιΌ’¬
3,,0200803,,,,βθ§,·‰s,V―
3,,0200806,,,,βθ§,·‰s,V―’¬
3,,0200042,,,,βθ§,·‰s,V“c’¬
3,,0200884,,,,βθ§,·‰s,_–Ύ’¬
3,,0200882,,,,βθ§,·‰s,Z‹g’¬
3,,0200127,,,,βθ§,·‰s,‘O‹γ”N
3,,0200861,,,,βθ§,·‰s,ε–k
3,,0200865,,,,βθ§,·‰s,ε–k’¬
3,,0200828,,,,βθ§,·‰s,‘ε›’¬
3,,0200135,,,,βθ§,·‰s,‘εV’¬
3,,0200825,,,,βθ§,·‰s,‚•φ
3,,0200114,,,,βθ§,·‰s,‚Ό
3,,0200115,,,,βθ§,·‰s,Ωό’¬
3,,0284131,,,,βθ§,·‰s,‹ΚR‹ζπ“c
3,,0200204,,,,βθ§,·‰s,‹ΚR‹ζγ“c
3,,0284135,,,,βθ§,·‰s,‹ΚR‹ζμθ
3,,0200203,,,,βθ§,·‰s,‹ΚR‹ζμ–”
3,,0284125,,,,βθ§,·‰s,‹ΚR‹ζD–€
3,,0284132,,,,βθ§,·‰s,‹ΚR‹ζa–―
3,,0284134,,,,βθ§,·‰s,‹ΚR‹ζ‰Ί“c
3,,0200202,,,,βθ§,·‰s,‹ΚR‹ζ‹ΚR
3,,0284122,,,,βθ§,·‰s,‹ΚR‹ζ›—Ρ
3,,0284121,,,,βθ§,·‰s,‹ΚR‹ζ‰iδ
3,,0284124,,,,βθ§,·‰s,‹ΚR‹ζ”nκ
3,,0200201,,,,βθ§,·‰s,‹ΚR‹ζ“ϊΛ
3,,0284123,,,,βθ§,·‰s,‹ΚR‹ζ–x
3,,0284136,,,,βθ§,·‰s,‹ΚR‹ζΌ“ΰ
3,,0284133,,,,βθ§,·‰s,‹ΚR‹ζ–ε‘O›
3,,0282711,,,,βθ§,·‰s,‹ΚR‹ζ–χμ
3,,0200822,,,,βθ§,·‰s,’ƒ”¨
3,,0200021,,,,βθ§,·‰s,’†‰›’Κ
3,,0200121,,,,βθ§,·‰s,‚‹u
3,,0200835,,,,βθ§,·‰s,’Γu“c
3,,0200838,,,,βθ§,·‰s,’Γu“c’†‰›
3,,0200836,,,,βθ§,·‰s,’Γu“cΌ
3,,0200837,,,,βθ§,·‰s,’Γu“c’¬
3,,0200839,,,,βθ§,·‰s,’Γu“c“μ
3,,0200144,,,,βθ§,·‰s,“y•£
3,,0200802,,,,βθ§,·‰s,‚Β‚Β‚¶‚‹u
3,,0200055,,,,βθ§,·‰s,q
3,,0200401,,,,βθ§,·‰s,θ‘γX
3,,0200137,,,,βθ§,·‰s,“VΉ›’¬
3,,0200881,,,,βθ§,·‰s,“V_’¬
3,,0200052,,,,βθ§,·‰s,’†‘Ύ“c
3,,0200043,,,,βθ§,·‰s,’†μ’¬
3,,0200131,,,,βθ§,·‰s,’†’η’¬
3,,0200816,,,,βθ§,·‰s,’†–μ
3,,0200871,,,,βθ§,·‰s,’†ƒm‹΄’Κ
3,,0200141,,,,βθ§,·‰s,’†‰®•~’¬
3,,0200834,,,,βθ§,·‰s,‰iδ
3,,0200062,,,,βθ§,·‰s,’·“c’¬
3,,0200146,,,,βθ§,·‰s,’·‹΄’¬
3,,0200064,,,,βθ§,·‰s,—–Ψ’¬
3,,0200016,,,,βθ§,·‰s,–Ό{μ’¬
3,,0200827,,,,βθ§,·‰s,ηλ‰®’¬
3,,0200132,,,,βθ§,·‰s,ΌΒR
3,,0200065,,,,βθ§,·‰s,Ό‰Ί‘δ’¬
3,,0200864,,,,βθ§,·‰s,Όε–k
3,,0200103,,,,βθ§,·‰s,ΌΌ‰€
3,,0200833,,,,βθ§,·‰s,Ό©‘O
3,,0200313,,,,βθ§,·‰s,“c–Ξ
3,,0200116,,,,βθ§,·‰s,” ΄…
3,,0200872,,,,βθ§,·‰s,””¦’¬
3,,0200841,,,,βθ§,·‰s,‰Hκ
3,,0200876,,,,βθ§,·‰s,”nκ’¬
3,,0200824,,,,βθ§,·‰s,“ΐ’λ
3,,0200108,,,,βθ§,·‰s,“•Ξ–μ
3,,0200804,,,,βθ§,·‰s,“χR
3,,0200805,,,,βθ§,·‰s,“V―
3,,0200862,,,,βθ§,·‰s,“ε–k
3,,0200817,,,,βθ§,·‰s,“’†–μ
3,,0200814,,,,βθ§,·‰s,“’†–μ’¬
3,,0200106,,,,βθ§,·‰s,“Ό‰€
3,,0200112,,,,βθ§,·‰s,“—Ξ‚‹u
3,,0200832,,,,βθ§,·‰s,“©‘O
3,,0200813,,,,βθ§,·‰s,“R
3,,0200145,,,,βθ§,·‰s,•½‰κV“c
3,,0200015,,,,βθ§,·‰s,–{’¬’Κ
3,,0200148,,,,βθ§,·‰s,‘Oƒ
3,,0200873,,,,βθ§,·‰s,Ό”φ’¬
3,,0200107,,,,βθ§,·‰s,Ό‰€
3,,0200826,,,,βθ§,·‰s,_q“c’¬
3,,0200122,,,,βθ§,·‰s,‚έ‚½‚―
3,,0200011,,,,βθ§,·‰s,Oƒc„
3,,0200117,,,,βθ§,·‰s,—Ξ‚‹u
3,,0200134,,,,βθ§,·‰s,“μΒR’¬
3,,0200874,,,,βθ§,·‰s,“μ‘ε’Κ
3,,0200863,,,,βθ§,·‰s,“με–k
3,,0200851,,,,βθ§,·‰s,ό’†–μ
3,,0200866,,,,βθ§,·‰s,–{‹{
3,,0200005,,,,βθ§,·‰s,g—t‚‹u
3,,0200045,,,,βθ§,·‰s,·‰‰wΌ’Κ
3,,0200033,,,,βθ§,·‰s,·‰‰w‘O–k’Κ
3,,0200034,,,,βθ§,·‰s,·‰‰w‘O’Κ
3,,0200311,,,,βθ§,·‰s,βΚμ
3,,0200004,,,,βθ§,·‰s,Rέ
3,,0200032,,,,βθ§,·‰s,—[η£’¬
3,,0200842,,,,βθ§,·‰s,“’‘ς
3,,0200844,,,,βθ§,·‰s,“’‘ς“
3,,0200843,,,,βθ§,·‰s,“’‘ςΌ
3,,0200845,,,,βθ§,·‰s,“’‘ς“μ
3,,0200846,,,,βθ§,·‰s,—¬’ΚƒZƒ“ƒ^[–k
3,,0200886,,,,βθ§,·‰s,α‰€’¬
3,,0270000,,,,βθ§,‹{Γs,Θ‰Ί‚ΙfΪ‚‚Θ‚Άκ‡
3,,0270202,,,,βθ§,‹{Γs,Τ‘O
3,,0270092,,,,βθ§,‹{Γs,¤“†
3,,0270086,,,,βθ§,‹{Γs,V’¬
3,,0270062,,,,βθ§,‹{Γs,ς’¬
3,,0270048,,,,βθ§,‹{Γs,”Β‰®
3,,0282421,,,,βθ§,‹{Γs,]q
3,,0270054,,,,βθ§,‹{Γs,‘Ύ“c
3,,0270083,,,,βθ§,‹{Γs,‘ε’Κ
3,,0282422,,,,βθ§,‹{Γs,¬‘
3,,0270112,,,,βθ§,‹{Γs,‰Ή•”
3,,0270111,,,,βθ§,‹{Γs,d–Ξ
3,,0282303,,,,βθ§,‹{Γs,•Π‘ƒ
3,,0282632,,,,βθ§,‹{Γs,–ε”n
3,,0270033,,,,βθ§,‹{Γs,‹ΰ•l
3,,0270039,,,,βθ§,‹{Γs,‰Ν“μ
3,,0270078,,,,βθ§,‹{Γs,›θ’¬
3,,0282104,,,,βθ§,‹{Γs, ‰®
3,,0282402,,,,βθ§,‹{Γs,μδi‘ζ‚X’n„`‘ζ‚P‚P’n„j
3,,0282302,,,,βθ§,‹{Γs,μδi‚»‚Μ‘Όj
3,,0282513,,,,βθ§,‹{Γs,μ“ΰ
3,,0270042,,,,βθ§,‹{Γs,_“c‘ς’¬
3,,0270044,,,,βθ§,‹{Γs,γ•@
3,,0270028,,,,βθ§,‹{Γs,_—Ρ
3,,0282631,,,,βθ§,‹{Γs,‹ζE
3,,0270008,,,,βθ§,‹{Γs,F–μ’¬
3,,0270085,,,,βθ§,‹{Γs,•“c’¬
3,,0270065,,,,βθ§,‹{Γs,•X’¬
3,,0270006,,,,βθ§,‹{Γs,LƒPθ
3,,0270046,,,,βθ§,‹{Γs,‰Τ΄s
3,,0270005,,,,βθ§,‹{Γs,υέ’n
3,,0270071,,,,βθ§,‹{Γs,¬‘ς
3,,0270038,,,,βθ§,‹{Γs,¬R“c
3,,0270076,,,,βθ§,‹{Γs,‰h’¬
3,,0270096,,,,βθ§,‹{Γs,θLƒPθ
3,,0270097,,,,βθ§,‹{Γs,θR
3,,0270072,,,,βθ§,‹{Γs,ά’¬
3,,0270095,,,,βθ§,‹{Γs,²΄
3,,0270088,,,,βθ§,‹{Γs,‘ς“c
3,,0270201,,,,βθ§,‹{Γs,”’•l
3,,0270081,,,,βθ§,‹{Γs,Vμ’¬
3,,0270084,,,,βθ§,‹{Γs,––L’¬
3,,0282512,,,,βθ§,‹{Γs,—ι‹v–Ό
3,,0270058,,,,βθ§,‹{Γs,η“Ώ
3,,0270043,,,,βθ§,‹{Γs,η“Ώ’¬
3,,0270024,,,,βθ§,‹{Γs,ι{
3,,0270022,,,,βθ§,‹{Γs,ι{Ξθ
3,,0270023,,,,βθ§,‹{Γs,ι{‰«
3,,0270027,,,,βθ§,‹{Γs,ι{Ό
3,,0270032,,,,βθ§,‹{Γs,‚•l
3,,0270036,,,,βθ§,‹{Γs,“c½
3,,0270009,,,,βθ§,‹{Γs,‘ϋ‚Μ•l’¬
3,,0270067,,,,βθ§,‹{Γs,“c‘γ
3,,0270077,,,,βθ§,‹{Γs,Ϊ‡’¬
3,,0270066,,,,βθ§,‹{Γs,“c‚Μ_
3,,0270359,,,,βθ§,‹{Γs,“cVΒ‘q
3,,0270322,,,,βθ§,‹{Γs,“cVΒ»—Ά
3,,0270375,,,,βθ§,‹{Γs,“cVΒ–μ‘κ
3,,0270374,,,,βθ§,‹{Γs,“cVΒ–μ‘κ–k
3,,0270376,,,,βθ§,‹{Γs,“cVΒ–μ‘κ“μ
3,,0270305,,,,βθ§,‹{Γs,“cVr’J
3,,0270321,,,,βθ§,‹{Γs,“cV‰³•”
3,,0270379,,,,βθ§,‹{Γs,“cV‰³•”–μ
3,,0270378,,,,βθ§,‹{Γs,“cVd’Γ•”
3,,0270377,,,,βθ§,‹{Γs,“cVd’Γ•”–k
3,,0270332,,,,βθ§,‹{Γs,“cV~“ΰ
3,,0270382,,,,βθ§,‹{Γs,“cV•Π
3,,0270388,,,,βθ§,‹{Γs,“cVγ‰«
3,,0270343,,,,βθ§,‹{Γs,“cVγ¬“c‘γ
3,,0270383,,,,βθ§,‹{Γs,“cVγΫ‘
3,,0270306,,,,βθ§,‹{Γs,“cVμό
3,,0270386,,,,βθ§,‹{Γs,“cVΣ“”¨
3,,0270304,,,,βθ§,‹{Γs,“cVƒPƒ‰ƒX
3,,0270312,,,,βθ§,‹{Γs,“cV‰z“c
3,,0270342,,,,βθ§,‹{Γs,“cV¬“c‘γ
3,,0270351,,,,βθ§,‹{Γs,“cV¬—Ρ
3,,0270361,,,,βθ§,‹{Γs,“cV¬–x“ΰ
3,,0270362,,,,βθ§,‹{Γs,“cV¬–x“ΰ“μ
3,,0270347,,,,βθ§,‹{Γs,“cVω©•½
3,,0270345,,,,βθ§,‹{Γs,“cVΒ‘q
3,,0270385,,,,βθ§,‹{Γs,“cV‰ΊΫ‘
3,,0270313,,,,βθ§,‹{Γs,“cVx’B
3,,0270364,,,,βθ§,‹{Γs,“cVV“c
3,,0270355,,,,βθ§,‹{Γs,“cV––‘O
3,,0270367,,,,βθ§,‹{Γs,“cV—ιq‘ς
3,,0270384,,,,βθ§,‹{Γs,“cVΫ‘
3,,0270365,,,,βθ§,‹{Γs,“cV‘κ‚Μ‘ς
3,,0270344,,,,βθ§,‹{Γs,“cV’C‚Μϋ
3,,0270301,,,,βθ§,‹{Γs,“cVΩ‚X
3,,0270358,,,,βθ§,‹{Γs,“cV—§
3,,0270302,,,,βθ§,‹{Γs,“cV“c’†
3,,0270303,,,,βθ§,‹{Γs,“cV“c‚Μ‘ς
3,,0270363,,,,βθ§,‹{Γs,“cV’·”¨
3,,0270346,,,,βθ§,‹{Γs,“cVµ‘κ
3,,0270331,,,,βθ§,‹{Γs,“cVΌόR
3,,0270366,,,,βθ§,‹{Γs,“cVV“c•½
3,,0270323,,,,βθ§,‹{Γs,“cV–μ΄
3,,0270387,,,,βθ§,‹{Γs,“cV”¨
3,,0270333,,,,βθ§,‹{Γs,“cVΓ“c
3,,0270381,,,,βθ§,‹{Γs,“cV―R
3,,0270371,,,,βθ§,‹{Γs,“cV…‘ς
3,,0270372,,,,βθ§,‹{Γs,“cV…‘ς“μ
3,,0270357,,,,βθ§,‹{Γs,“cVόK”¨
3,,0270373,,,,βθ§,‹{Γs,“cVόV“c
3,,0270324,,,,βθ§,‹{Γs,“cVόR
3,,0270354,,,,βθ§,‹{Γs,“cVXθ
3,,0270352,,,,βθ§,‹{Γs,“cV””¦…_
3,,0270341,,,,βθ§,‹{Γs,“cV—{C’n
3,,0270311,,,,βθ§,‹{Γs,“cVa–μ
3,,0270353,,,,βθ§,‹{Γs,“cVa
3,,0270356,,,,βθ§,‹{Γs,“cVaR
3,,0270056,,,,βθ§,‹{Γs,‹ί“ΰ
3,,0270203,,,,βθ§,‹{Γs,’ΓyΞ
3,,0270091,,,,βθ§,‹{Γs,’z’n
3,,0270093,,,,βθ§,‹{Γs,’†—Ά’c’n
3,,0270034,,,,βθ§,‹{Γs,’·‘ς
3,,0270055,,,,βθ§,‹{Γs,’·
3,,0270053,,,,βθ§,‹{Γs,’·’¬
3,,0282511,,,,βθ§,‹{Γs,‰Δ‰®
3,,0270041,,,,βθ§,‹{Γs,ΌƒP‹u
3,,0270061,,,,βθ§,‹{Γs,Ό’¬
3,,0270047,,,,βθ§,‹{Γs,s
3,,0282504,,,,βθ§,‹{Γs,” Ξi‘ζ‚Q’n„u‚V‚O`‚P‚R‚Uv`‘ζ‚S’n„u‚R`‚P‚Pvj
3,,0282304,,,,βθ§,‹{Γs,” Ξi‚»‚Μ‘Όj
3,,0270035,,,,βθ§,‹{Γs,‰Τ—Φ
3,,0282103,,,,βθ§,‹{Γs,• ‘Ρ
3,,0270007,,,,βθ§,‹{Γs,“ϊ‰e’¬
3,,0282102,,,,βθ§,‹{Γs,ε―–Ϊ
3,,0270001,,,,βθ§,‹{Γs,“ϊ—§•l’¬
3,,0270094,,,,βθ§,‹{Γs,“ϊ‚Μo’¬
3,,0282633,,,,βθ§,‹{Γs,•½’ΓΛ
3,,0270029,,,,βθ§,‹{Γs,“΅‚Μμ
3,,0270021,,,,βθ§,‹{Γs,“΅΄
3,,0270021,,,,βθ§,‹{Γs,“΅΄γ’¬
3,,0282301,,,,βθ§,‹{Γs,Γ“c
3,,0270074,,,,βθ§,‹{Γs,•Ϋ‹v“c
3,,0270037,,,,βθ§,‹{Γs,ΌR
3,,0270025,,,,βθ§,‹{Γs,ΐ“c
3,,0270073,,,,βθ§,‹{Γs,—ΞƒP‹u
3,,0270003,,,,βθ§,‹{Γs,`’¬
3,,0270051,,,,βθ§,‹{Γs,“μ’¬
3,,0270064,,,,βθ§,‹{Γs,‹{‰€
3,,0270052,,,,βθ§,‹{Γs,‹{’¬
3,,0270082,,,,βθ§,‹{Γs,ό’¬
3,,0282101,,,,βθ§,‹{Γs,–Ξs
3,,0270089,,,,βθ§,‹{Γs,–{’¬
3,,0270031,,,,βθ§,‹{Γs,”–Ψ‘ς
3,,0270063,,,,βθ§,‹{Γs,Rϋ
3,,0270002,,,,βθ§,‹{Γs,R’¬
3,,0270087,,,,βθ§,‹{Γs,‰΅’¬
3,,0270004,,,,βθ§,‹{Γs,—Υ`’Κ
3,,0270045,,,,βθ§,‹{Γs,V–Ψ
3,,0282105,,,,βθ§,‹{Γs,aδ“ΰ
3,,0270075,,,,βθ§,‹{Γs,a©’¬
3,,0270026,,,,βθ§,‹{Γs,γ‘Ί
3,,0220000,,,,βθ§,‘ε‘D“ns,Θ‰Ί‚ΙfΪ‚‚Θ‚Άκ‡
3,,0220007,,,,βθ§,‘ε‘D“ns,Τθ’¬
3,,0220004,,,,βθ§,‘ε‘D“ns,’–μ’¬
3,,0220002,,,,βθ§,‘ε‘D“ns,‘ε‘D“n’¬
3,,0220003,,,,βθ§,‘ε‘D“ns,·’¬
3,,0220101,,,,βθ§,‘ε‘D“ns,O—¤’¬‰zμ—
3,,0220102,,,,βθ§,‘ε‘D“ns,O—¤’¬‹g•l
3,,0220211,,,,βθ§,‘ε‘D“ns,O—¤’¬»—Ά
3,,0220006,,,,βθ§,‘ε‘D“ns,—§’¬
3,,0220005,,,,βθ§,‘ε‘D“ns,“ϊ s’¬
3,,0220001,,,,βθ§,‘ε‘D“ns,––θ’¬
3,,0250000,,,,βθ§,‰Τs,Θ‰Ί‚ΙfΪ‚‚Θ‚Άκ‡
3,,0250067,,,,βθ§,‰Τs,σ‘ς
3,,0250088,,,,βθ§,‰Τs,“’¬
3,,0250071,,,,βθ§,‰Τs,¤“†’¬
3,,0250095,,,,βθ§,‰Τs,Ξ_’¬
3,,0283131,,,,βθ§,‰Τs,Ξ’Ή’J’¬’–•@
3,,0283151,,,,βθ§,‰Τs,Ξ’Ή’J’¬]‘]
3,,0283185,,,,βθ§,‰Τs,Ξ’Ή’J’¬‘ε£μ
3,,0283102,,,,βθ§,‰Τs,Ξ’Ή’J’¬γϋ
3,,0283172,,,,βθ§,‰Τs,Ξ’Ή’J’¬–k›—Ρ
3,,0283161,,,,βθ§,‰Τs,Ξ’Ή’J’¬•ΐ
3,,0283101,,,,βθ§,‰Τs,Ξ’Ή’J’¬D’n
3,,0283141,,,,βθ§,‰Τs,Ξ’Ή’J’¬ά‘ε“°
3,,0283153,,,,βθ§,‰Τs,Ξ’Ή’J’¬¬X—Ρ
3,,0283182,,,,βθ§,‰Τs,Ξ’Ή’J’¬Ό—Ρ›
3,,0283133,,,,βθ§,‰Τs,Ξ’Ή’J’¬Φϋ
3,,0283181,,,,βθ§,‰Τs,Ξ’Ή’J’¬‘ε‹»›
3,,0283122,,,,βθ§,‰Τs,Ξ’Ή’J’¬‘κ“c
3,,0283121,,,,βθ§,‰Τs,Ξ’Ή’J’¬Λ’Λ
3,,0283184,,,,βθ§,‰Τs,Ξ’Ή’J’¬•x‘ς
3,,0283171,,,,βθ§,‰Τs,Ξ’Ή’J’¬’†›—Ρ
3,,0283111,,,,βθ§,‰Τs,Ξ’Ή’J’¬V–x
3,,0283162,,,,βθ§,‰Τs,Ξ’Ή’J’¬Ό’†“‡
3,,0283183,,,,βθ§,‰Τs,Ξ’Ή’J’¬’·’J“°
3,,0283163,,,,βθ§,‰Τs,Ξ’Ή’J’¬””¦
3,,0283132,,,,βθ§,‰Τs,Ξ’Ή’J’¬“’†“‡
3,,0283152,,,,βθ§,‰Τs,Ξ’Ή’J’¬“μ›—Ρ
3,,0283142,,,,βθ§,‰Τs,Ξ’Ή’J’¬”d”¨
3,,0250058,,,,βθ§,‰Τs,κ–{™
3,,0250042,,,,βθ§,‰Τs,‰~–›
3,,0250322,,,,βθ§,‰Τs,T‘ς
3,,0250037,,,,βθ§,‰Τs,‘Ύ“c
3,,0250092,,,,βθ§,‰Τs,‘ε’Κ‚θ
3,,0283201,,,,βθ§,‰Τs,‘ε”—’¬“ΰμ–Ϊ
3,,0283203,,,,βθ§,‰Τs,‘ε”—’¬‘ε”—
3,,0283204,,,,βθ§,‰Τs,‘ε”—’¬‹TƒPX
3,,0283202,,,,βθ§,‰Τs,‘ε”—’¬Oμ–Ϊ
3,,0250303,,,,βθ§,‰Τs,‘ε”¨
3,,0250026,,,,βθ§,‰Τs,‘ε’J’n
3,,0250082,,,,βθ§,‰Τs,δ“c‰®’¬
3,,0250311,,,,βθ§,‰Τs,‰µ’¬
3,,0250086,,,,βθ§,‰Τs,’b΅’¬
3,,0250075,,,,βθ§,‰Τs,‰Τι’¬
3,,0250321,,,,βθ§,‰Τs,‹ΰ–ξ
3,,0250056,,,,βθ§,‰Τs,γ–k–’–Ϊ
3,,0250062,,,,βθ§,‰Τs,γ¬M“n
3,,0250032,,,,βθ§,‰Τs,γz–K
3,,0250087,,,,βθ§,‰Τs,γ’¬
3,,0250007,,,,βθ§,‰Τs,γ—“ΰ
3,,0250043,,,,βθ§,‰Τs,γq
3,,0250132,,,,βθ§,‰Τs,–kωΤ
3,,0250301,,,,βθ§,‰Τs,–k“’ϋ
3,,0250008,,,,βθ§,‰Τs,‹σ`“μ
3,,0250004,,,,βθ§,‰Τs,‹
3,,0250253,,,,βθ§,‰Τs,‰ΊƒV‘ς
3,,0250323,,,,βθ§,‰Τs,­ƒm–Ϊ
3,,0250013,,,,βθ§,‰Τs,K“c
3,,0250012,,,,βθ§,‰Τs,Σl‰¤
3,,0250324,,,,βθ§,‰Τs,¬£μ
3,,0250098,,,,βθ§,‰Τs,ή–Ψ’¬
3,,0250074,,,,βθ§,‰Τs,β–{’¬
3,,0250094,,,,βθ§,‰Τs,χ–Ψ’¬
3,,0250064,,,,βθ§,‰Τs,χ‘δ
3,,0250084,,,,βθ§,‰Τs,χ’¬
3,,0250081,,,,βθ§,‰Τs,—Άμϋ’¬
3,,0250068,,,,βθ§,‰Τs,‰Ί•
3,,0250035,,,,βθ§,‰Τs,ΐ‘›
3,,0250054,,,,βθ§,‰Τs,‰Ί–k–’–Ϊ
3,,0250063,,,,βθ§,‰Τs,‰Ί¬M“n
3,,0250006,,,,βθ§,‰Τs,‰Ί—“ΰ
3,,0250025,,,,βθ§,‰Τs,‰Ίq
3,,0250022,,,,βθ§,‰Τs,\“ρ’–Ϊ
3,,0250076,,,,βθ§,‰Τs,ι“ΰ
3,,0250137,,,,βθ§,‰Τs,K•½μ
3,,0250057,,,,βθ§,‰Τs,V“c
3,,0250079,,,,βθ§,‰Τs,––L’¬
3,,0250033,,,,βθ§,‰Τs,z–K
3,,0250039,,,,βθ§,‰Τs,z–K’¬
3,,0250305,,,,βθ§,‰Τs,‘δ
3,,0250016,,,,βθ§,‰Τs,‚–Ψ
3,,0250083,,,,βθ§,‰Τs,‚“c
3,,0250014,,,,βθ§,‰Τs,‚Ό
3,,0250005,,,,βθ§,‰Τs,“c—Ν
3,,0250001,,,,βθ§,‰Τs,“V‰Ί“c
3,,0280115,,,,βθ§,‰Τs,“a’¬ΐ•U
3,,0280134,,,,βθ§,‰Τs,“a’¬»q
3,,0280103,,,,βθ§,‰Τs,“a’¬Ξ”µ‰
3,,0280154,,,,βθ§,‰Τs,“a’¬Ξ
3,,0280151,,,,βθ§,‰Τs,“a’¬—‡
3,,0280121,,,,βθ§,‰Τs,“a’¬¬—F
3,,0280136,,,,βθ§,‰Τs,“a’¬¬΄
3,,0280143,,,,βθ§,‰Τs,“a’¬γ•‚“c
3,,0280107,,,,βθ§,‰Τs,“a’¬–k¬R“c
3,,0280102,,,,βθ§,‰Τs,“a’¬–kμ–Ϊ
3,,0280116,,,,βθ§,‰Τs,“a’¬–k¬“‡
3,,0280101,,,,βθ§,‰Τs,“a’¬–k‘O“c
3,,0280135,,,,βθ§,‰Τs,“a’¬‘q‘ς
3,,0280156,,,,βθ§,‰Τs,“a’¬¬’Κ
3,,0280142,,,,βθ§,‰Τs,“a’¬‹ξβΔ
3,,0280141,,,,βθ§,‰Τs,“a’¬‰Ί•‚“c
3,,0280112,,,,βθ§,‰Τs,“a’¬V’n
3,,0280106,,,,βθ§,‰Τs,“a’¬O’J’n
3,,0280133,,,,βθ§,‰Τs,“a’¬‘ι‘ƒ“°
3,,0280123,,,,βθ§,‰Τs,“a’¬“c£
3,,0280132,,,,βθ§,‰Τs,“a’¬Ϊ”—
3,,0280122,,,,βθ§,‰Τs,“a’¬’J“ΰ
3,,0280114,,,,βθ§,‰Τs,“a’¬“y‘ς
3,,0280152,,,,βθ§,‰Τs,“a’¬“Ε‘ς
3,,0280153,,,,βθ§,‰Τs,“a’¬’†“ΰ
3,,0280113,,,,βθ§,‰Τs,“a’¬“°R
3,,0280105,,,,βθ§,‰Τs,“a’¬‘O“c
3,,0280131,,,,βθ§,‰Τs,“a’¬’¬δ
3,,0280104,,,,βθ§,‰Τs,“a’¬“μμ–Ϊ
3,,0280155,,,,βθ§,‰Τs,“a’¬“μ¬“‡
3,,0280144,,,,βθ§,‰Τs,“a’¬‹{“c
3,,0280111,,,,βθ§,‰Τs,“a’¬•Sƒm‘ς
3,,0250135,,,,βθ§,‰Τs,“Θ“ΰ
3,,0250131,,,,βθ§,‰Τs,–Ψ
3,,0250251,,,,βθ§,‰Τs,–L‘ς
3,,0250089,,,,βθ§,‰Τs,–L‘ς’¬
3,,0250053,,,,βθ§,‰Τs,’†–k–’–Ϊ
3,,0250133,,,,βθ§,‰Τs,’†ωΤ
3,,0250036,,,,βθ§,‰Τs,’†q
3,,0250077,,,,βθ§,‰Τs,’‡’¬
3,,0250046,,,,βθ§,‰Τs,“η‘q
3,,0250252,,,,βθ§,‰Τs,‰”
3,,0250023,,,,βθ§,‰Τs,¬“c
3,,0250021,,,,βθ§,‰Τs,“μι
3,,0250091,,,,βθ§,‰Τs,Ό‘ε’Κ‚θ
3,,0250045,,,,βθ§,‰Τs,Ό°R
3,,0250002,,,,βθ§,‰Τs,Ό‹{–μ–Ϊ
3,,0250312,,,,βθ§,‰Τs,“ρ–‡‹΄
3,,0250314,,,,βθ§,‰Τs,“ρ–‡‹΄’¬‘ε’Κ‚θ
3,,0250315,,,,βθ§,‰Τs,“ρ–‡‹΄’¬“μ
3,,0250313,,,,βθ§,‰Τs,“ρ–‡‹΄’¬–k
3,,0250302,,,,βθ§,‰Τs,f’Λ
3,,0250052,,,,βθ§,‰Τs,–μ“c
3,,0250015,,,,βθ§,‰Τs,“\“ρ’–Ϊ
3,,0250003,,,,βθ§,‰Τs,“‹{–μ–Ϊ
3,,0250041,,,,βθ§,‰Τs,•G—§
3,,0250073,,,,βθ§,‰Τs,κ“ϊs
3,,0250096,,,,βθ§,‰Τs,“΅‘ς’¬
3,,0250085,,,,βθ§,‰Τs,‘o—t’¬
3,,0250078,,,,βθ§,‰Τs,’£’¬
3,,0250031,,,,βθ§,‰Τs,•s“®
3,,0250038,,,,βθ§,‰Τs,•s“®’¬
3,,0250065,,,,βθ§,‰Τs,―‚‹u
3,,0250066,,,,βθ§,‰Τs,Ό‰€’¬
3,,0250093,,,,βθ§,‰Τs,“μμ΄’¬
3,,0250134,,,,βθ§,‰Τs,“μωΤ
3,,0250051,,,,βθ§,‰Τs,“μV“c
3,,0250034,,,,βθ§,‰Τs,“μz–K’¬
3,,0250055,,,,βθ§,‰Τs,“μ–’–Ϊ
3,,0250061,,,,βθ§,‰Τs,–{Ω
3,,0250011,,,,βθ§,‰Τs,–ξ‘ς
3,,0250024,,,,βθ§,‰Τs,R‚Μ_
3,,0250044,,,,βθ§,‰Τs,“’ϋiΞμ΄A“c‰®A“ρƒc‰A“Iκj
3,,0250244,,,,βθ§,‰Τs,“’ϋi‚»‚Μ‘Όj
3,,0250304,,,,βθ§,‰Τs,“’–{
3,,0250136,,,,βθ§,‰Τs,‰΅u“c
3,,0250072,,,,βθ§,‰Τs,l“ϊ’¬
3,,0250097,,,,βθ§,‰Τs,α—t’¬
3,,0240000,,,,βθ§,–kγs,Θ‰Ί‚ΙfΪ‚‚Θ‚Άκ‡
3,,0240051,,,,βθ§,–kγs,‘‹’¬
3,,0240031,,,,βθ§,–kγs,Β–φ’¬
3,,0240081,,,,βθ§,–kγs,—L“c’¬
3,,0240001,,,,βθ§,–kγs,”Ρ–L
3,,0240041,,,,βθ§,–kγs,ξ£’¬
3,,0240021,,,,βθ§,–kγs,γ–μ’¬
3,,0240054,,,,βθ§,–kγs,‘ε’η“
3,,0240053,,,,βθ§,–kγs,‘ε’ηΌ
3,,0240055,,,,βθ§,–kγs,‘ε’η“μ
3,,0240052,,,,βθ§,–kγs,‘ε’η–k
3,,0240061,,,,βθ§,–kγs,‘ε’Κ‚θ
3,,0240091,,,,βθ§,–kγs,‘ε‹Θ’¬
3,,0240056,,,,βθ§,–kγs,‹S–φ’¬
3,,0240062,,,,βθ§,–kγs,’b–θ’¬
3,,0240071,,,,βθ§,–kγs,γ]’ήq
3,,0240057,,,,βθ§,–kγs,γ‹S–φ
3,,0240032,,,,βθ§,–kγs,μέ
3,,0240072,,,,βθ§,–kγs,–k‹S–φ
3,,0240102,,,,βθ§,–kγs,–kH‹Ζ’c’ni‚RA‚T”Τ’nj
3,,0240002,,,,βθ§,–kγs,–kH‹Ζ’c’ni‚»‚Μ‘Όj
3,,0240211,,,,βθ§,–kγs,ϋ“ΰ’¬
3,,0240063,,,,βθ§,–kγs,‹γ”N‹΄
3,,0240042,,,,βθ§,–kγs,•β
3,,0240022,,,,βθ§,–kγs,•‘ςK
3,,0240105,,,,βθ§,–kγs,¬’Ήθ
3,,0240033,,,,βθ§,–kγs,K’¬
3,,0240084,,,,βθ§,–kγs,‚³‚­‚η’Κ‚θ
3,,0240023,,,,βθ§,–kγs,—Ά•
3,,0240103,,,,βθ§,–kγs,X–Ψ
3,,0240073,,,,βθ§,–kγs,‰Ί]’ήq
3,,0240058,,,,βθ§,–kγs,‰Ί‹S–φ
3,,0240092,,,,βθ§,–kγs,V’’¬
3,,0240034,,,,βθ§,–kγs,z–K’¬
3,,0240043,,,,βθ§,–kγs,—§‰Τ
3,,0240011,,,,βθ§,–kγs,’ηƒP‹u
3,,0240012,,,,βθ§,–kγs,ν”Υ‘δ
3,,0240024,,,,βθ§,–kγs,’†–μ’¬
3,,0240074,,,,βθ§,–kγs,“c
3,,0240003,,,,βθ§,–kγs,¬“c
3,,0240075,,,,βθ§,–kγs,V•½
3,,0240076,,,,βθ§,–kγs,”µ‰θ
3,,0240035,,,,βθ§,–kγs,‰Τ‰€’¬
3,,0240044,,,,βθ§,–kγs,•½‘ς
3,,0240101,,,,βθ§,–kγs,‰η‹
3,,0240013,,,,βθ§,–kγs,“΅‘ς
3,,0240104,,,,βθ§,–kγs,“ρq’¬
3,,0240093,,,,βθ§,–kγs,–{Ξ’¬
3,,0240094,,,,βθ§,–kγs,–{’Κ‚θ
3,,0240025,,,,βθ§,–kγs,‘·‰®•~
3,,0240082,,,,βθ§,–kγs,’¬•
3,,0240004,,,,βθ§,–kγs,‘Ίθ–μ
3,,0240083,,,,βθ§,–kγs,–φ΄’¬
3,,0240045,,,,βθ§,–kγs,“’‘ς
3,,0240095,,,,βθ§,–kγs,–F’¬
3,,0240014,,,,βθ§,–kγs,—¬’ΚƒZƒ“ƒ^[
3,,0240064,,,,βθ§,–kγs,α‹{’¬
3,,0240321,,,,βθ§,–kγs,a‰κ’¬βθ
3,,0240322,,,,βθ§,–kγs,a‰κ’¬βθV“c
3,,0240325,,,,βθ§,–kγs,a‰κ’¬β‘ς
3,,0240335,,,,βθ§,–kγs,a‰κ’¬γ“΅
3,,0240323,,,,βθ§,–kγs,a‰κ’¬”‘·
3,,0240326,,,,βθ§,–kγs,a‰κ’¬εl
3,,0240332,,,,βθ§,–kγs,a‰κ’¬’Gμ–Ϊ
3,,0240333,,,,βθ§,–kγs,a‰κ’¬’·ΐ
3,,0240334,,,,βθ§,–kγs,a‰κ’¬“΅
3,,0240324,,,,βθ§,–kγs,a‰κ’¬Rϋ
3,,0240331,,,,βθ§,–kγs,a‰κ’¬‰΅μ–Ϊ
3,,0280000,,,,βθ§,‹vs,Θ‰Ί‚ΙfΪ‚‚Θ‚Άκ‡
3,,0280014,,,,βθ§,‹vs,®’¬
3,,0280063,,,,βθ§,‹vs,r’¬
3,,0288111,,,,βθ§,‹vs,‰F•”’¬
3,,0280034,,,,βθ§,‹vs,}¬‘ς
3,,0280091,,,,βθ§,‹vs,‘εμ–Ϊ’¬
3,,0280083,,,,βθ§,‹vs,‘ε‘ς
3,,0280041,,,,βθ§,‹vs,’·“ΰ’¬
3,,0280054,,,,βθ§,‹vs,”θ
3,,0280051,,,,βθ§,‹vs,μθ’¬
3,,0280082,,,,βθ§,‹vs,μΡ
3,,0280013,,,,βθ§,‹vs,‹‚ΜX
3,,0280015,,,,βθ§,‹vs,Ή“Ή
3,,0280071,,,,βθ§,‹vs,¬‹v’¬
3,,0280024,,,,βθ§,‹vs,‰h’¬
3,,0287801,,,,βθ§,‹vs,•l’¬
3,,0280035,,,,βθ§,‹vs,‘ς—Ά
3,,0280065,,,,βθ§,‹vs,\”“ϊ’¬
3,,0280023,,,,βθ§,‹vs,V’†‚Μ‹΄
3,,0280053,,,,βθ§,‹vs,“c‚
3,,0280055,,,,βθ§,‹vs,’F’¬
3,,0280022,,,,βθ§,‹vs,“c‰®’¬
3,,0280061,,,,βθ§,‹vs,’†‰›
3,,0280032,,,,βθ§,‹vs,›—Ά
3,,0280031,,,,βθ§,‹vs,“V_“°
3,,0280066,,,,βθ§,‹vs,’†‚Μ‹΄
3,,0280056,,,,βθ§,‹vs,’†’¬
3,,0280001,,,,βθ§,‹vs,‰Δδ’¬
3,,0280012,,,,βθ§,‹vs,Vδ“c
3,,0280081,,,,βθ§,‹vs,Ό‚Μ‘ς
3,,0280062,,,,βθ§,‹vs,“ρ\”“ϊ’¬
3,,0280033,,,,βθ§,‹vs,”¨“c
3,,0280052,,,,βθ§,‹vs,–{’¬
3,,0280011,,,,βθ§,‹vs,–©’¬
3,,0280021,,,,βθ§,‹vs,–ε‘O
3,,0288712,,,,βθ§,‹vs,R`’¬¬‘
3,,0288602,,,,βθ§,‹vs,R`’¬μδ
3,,0288713,,,,βθ§,‹vs,R`’¬‘”¨
3,,0288711,,,,βθ§,‹vs,R`’¬q
3,,0288603,,,,βθ§,‹vs,R`’¬‰Χy•”
3,,0288604,,,,βθ§,‹vs,R`’¬“ϊ–μ‘ς
3,,0288601,,,,βθ§,‹vs,R`’¬ΛC’¬
3,,0288605,,,,βθ§,‹vs,R`’¬—“ΰ
3,,0288521,,,,βθ§,‹vs,R’¬
3,,0280064,,,,βθ§,‹vs,”“ϊ’¬
3,,0280500,,,,βθ§,‰“–μs,Θ‰Ί‚ΙfΪ‚‚Θ‚Άκ‡
3,,0280503,,,,βθ§,‰“–μs,Βω’¬Βω
3,,0280502,,,,βθ§,‰“–μs,Βω’¬’†‘ς
3,,0280501,,,,βθ§,‰“–μs,Βω’¬f‘O
3,,0280533,,,,βθ§,‰“–μs,»D’¬γ»D
3,,0280532,,,,βθ§,‰“–μs,»D’¬‰Ί»D
3,,0280531,,,,βθ§,‰“–μs,»D’¬V—Ά
3,,0280534,,,,βθ§,‰“–μs,»D’¬‚έ‚³θ
3,,0280511,,,,βθ§,‰“–μs,ιςθ’¬
3,,0280481,,,,βθ§,‰“–μs,¬—F’¬
3,,0280517,,,,βθ§,‰“–μs,γ‘g’¬
3,,0280776,,,,βθ§,‰“–μs,γ‹½’¬”Β‘ς
3,,0280771,,,,βθ§,‰“–μs,γ‹½’¬²”δ“ΰ
3,,0280775,,,,βθ§,‰“–μs,γ‹½’¬•½‘q
3,,0280773,,,,βθ§,‰“–μs,γ‹½’¬•½–μ΄
3,,0280772,,,,βθ§,‰“–μs,γ‹½’¬Χ‰z
3,,0280774,,,,βθ§,‰“–μs,γ‹½’¬—“ΰ
3,,0280516,,,,βθ§,‰“–μs,’’¬
3,,0280521,,,,βθ§,‰“–μs,ή–Ψ’¬
3,,0280526,,,,βθ§,‰“–μs,‰Ί‘g’¬
3,,0280522,,,,βθ§,‰“–μs,V’’¬
3,,0280524,,,,βθ§,‰“–μs,V’¬
3,,0280527,,,,βθ§,‰“–μs,‘εH’¬
3,,0280523,,,,βθ§,‰“–μs,’†‰›’Κ‚θ
3,,0280662,,,,βθ§,‰“–μs,•”n‹’¬ΐ‹‘δ
3,,0280661,,,,βθ§,‰“–μs,•”n‹’¬γ•”n‹
3,,0280663,,,,βθ§,‰“–μs,•”n‹’¬‰Ί•”n‹
3,,0280664,,,,βθ§,‰“–μs,•”n‹’¬“‘T›
3,,0280554,,,,βθ§,‰“–μs,“y•£’¬”Ρ–L
3,,0280553,,,,βθ§,‰“–μs,“y•£’¬”θ
3,,0280555,,,,βθ§,‰“–μs,“y•£’¬“y•£
3,,0280551,,,,βθ§,‰“–μs,“y•£’¬“Θ“ΰ
3,,0280552,,,,βθ§,‰“–μs,“y•£’¬Rϋ
3,,0280514,,,,βθ§,‰“–μs,‰“–μ’¬
3,,0280542,,,,βθ§,‰“–μs,‘£’¬
3,,0280512,,,,βθ§,‰“–μs,“γ‘g’¬
3,,0280513,,,,βθ§,‰“–μs,“’’¬
3,,0280515,,,,βθ§,‰“–μs,“Ϊ’¬
3,,0280543,,,,βθ§,‰“–μs,Όθ’¬υ‹»›
3,,0280545,,,,βθ§,‰“–μs,Όθ’¬‹ξ–Ψ
3,,0280541,,,,βθ§,‰“–μs,Όθ’¬”’β
3,,0280544,,,,βθ§,‰“–μs,Όθ’¬Όθ
3,,0280302,,,,βθ§,‰“–μs,‹{η’¬γ–‘ς
3,,0280301,,,,βθ§,‰“–μs,‹{η’¬γ‹{η
3,,0280303,,,,βθ§,‰“–μs,‹{η’¬‰Ί–‘ς
3,,0280304,,,,βθ§,‰“–μs,‹{η’¬‰Ί‹{η
3,,0280305,,,,βθ§,‰“–μs,‹{η’¬’B‘]•”
3,,0280525,,,,βθ§,‰“–μs,Z“ϊ’¬
3,,0210000,,,,βθ§,κΦs,Θ‰Ί‚ΙfΪ‚‚Θ‚Άκ‡
3,,0210853,,,,βθ§,κΦs,‘‹
3,,0210031,,,,βθ§,κΦs,Β—t
3,,0210041,,,,βθ§,κΦs,Τ‰¬
3,,0210864,,,,βθ§,κΦs,®’¬
3,,0210008,,,,βθ§,κΦs,Ξ”¨
3,,0210894,,,,βθ§,κΦs,”Φδ’¬
3,,0210834,,,,βθ§,κΦs,‰F“μ
3,,0210867,,,,βθ§,κΦs,‰w‘O
3,,0210884,,,,βθ§,κΦs,‘εθ’¬
3,,0210881,,,,βθ§,κΦs,‘ε’¬
3,,0210882,,,,βθ§,κΦs,γ‘ε’ΞX
3,,0210007,,,,βθ§,κΦs,γ“ϊΖ
3,,0210833,,,,βθ§,κΦs,•ΏL
3,,0290202,,,,βθ§,κΦs,μθ’¬”–ί
3,,0290201,,,,βθ§,κΦs,μθ’¬–εθ
3,,0210802,,,,βθ§,κΦs,–k\¬X
3,,0210814,,,,βθ§,κΦs,–k‚Ω‚¤‚θ‚ε‚¤
3,,0210811,,,,βθ§,κΦs,‹v•Ϋ
3,,0210101,,,,βθ§,κΦs,µ”ό’¬
3,,0210804,,,,βθ§,κΦs,ά\l’¬
3,,0290131,,,,βθ§,κΦs,Ο‘T›
3,,0210022,,,,βθ§,κΦs,ά‘γ’¬
3,,0210052,,,,βθ§,κΦs,υ’¬
3,,0210024,,,,βθ§,κΦs,K’¬
3,,0210891,,,,βθ§,κΦs,χ–Ψ’¬
3,,0210801,,,,βθ§,κΦs,χX
3,,0210852,,,,βθ§,κΦs,‘ς
3,,0210832,,,,βθ§,κΦs,U“c
3,,0210821,,,,βθ§,κΦs,OΦ
3,,0210893,,,,βθ§,κΦs,’nε’¬
3,,0210806,,,,βθ§,κΦs,‰Ί‘ε’ΞX
3,,0210877,,,,βθ§,κΦs,ι“ΰ
3,,0210006,,,,βθ§,κΦs,γ–V
3,,0210883,,,,βθ§,κΦs,V‘ε’¬
3,,0210001,,,,βθ§,κΦs,V’¬
3,,0210841,,,,βθ§,κΦs,‹zμX
3,,0210032,,,,βθ§,κΦs,––L
3,,0210851,,,,βθ§,κΦs,Φ‚‹u
3,,0290804,,,,βθ§,κΦs,η‰X’¬”Φ΄…
3,,0291111,,,,βθ§,κΦs,η‰X’¬‰‹Κ
3,,0290801,,,,βθ§,κΦs,η‰X’¬΄“c
3,,0290802,,,,βθ§,κΦs,η‰X’¬¬—
3,,0290803,,,,βθ§,κΦs,η‰X’¬η‰X
3,,0290711,,,,βθ§,κΦs,‘ε“’¬‘ε΄
3,,0290603,,,,βθ§,κΦs,‘ε“’¬‰«“c
3,,0290431,,,,βθ§,κΦs,‘ε“’¬‰‘ς
3,,0290521,,,,βθ§,κΦs,‘ε“’¬a–―
3,,0290523,,,,βθ§,κΦs,‘ε“’¬ ‘ς
3,,0290522,,,,βθ§,κΦs,‘ε“’¬‘]c
3,,0290602,,,,βθ§,κΦs,‘ε“’¬’ΉC
3,,0290601,,,,βθ§,κΦs,‘ε“’¬’†μ
3,,0210873,,,,βθ§,κΦs,‘δ’¬
3,,0210875,,,,βθ§,κΦs,‚θ’¬
3,,0290132,,,,βθ§,κΦs,‘κ‘ς
3,,0210027,,,,βθ§,κΦs,’|R’¬
3,,0210885,,,,βθ§,κΦs,“c‘Ί’¬
3,,0210844,,,,βθ§,κΦs,”½’¬
3,,0210021,,,,βθ§,κΦs,’†‰›’¬
3,,0210862,,,,βθ§,κΦs,η‘γ“c’¬
3,,0210874,,,,βθ§,κΦs,’ήR
3,,0210023,,,,βθ§,κΦs,“Ί’J’¬
3,,0210005,,,,βθ§,κΦs,’†—Άi‘ς“cj
3,,0210002,,,,βθ§,κΦs,’†—Άi‚»‚Μ‘Όj
3,,0210836,,,,βθ§,κΦs,–Β_
3,,0210865,,,,βθ§,κΦs,VR
3,,0210854,,,,βθ§,κΦs,Ό‘ς
3,,0210835,,,,βθ§,κΦs,“ρ–{–Ψ
3,,0210831,,,,βθ§,κΦs,ΐ“c
3,,0210102,,,,βθ§,κΦs,”‹‘‘iΤ’–qA°ƒmϋAΓnAV—¬A‘ε‘ςAγ‰F’Γ–μAγ–{‹½Aγ—vQA‰»Ο
3,,0210102,,,,βθ§,κΦs,βAO“cA‰Ί‰F’Γ–μA‰Ί–{‹½AORA“°‚Μ‘ςA“Θ‘qA“Θ‘q“μA’·‘qA’†‘ςA
3,,0210102,,,,βθ§,κΦs,”XA”nκAL–ΚA•½κAΓκA‹Θ•£AΌ΄A“μ‘ςA’J‹NAΔΨA”£A
3,,0210102,,,,βθ§,κΦs,””¦ARƒm‘ςj
3,,0210902,,,,βθ§,κΦs,”‹‘‘i‚»‚Μ‘Όj
3,,0210861,,,,βθ§,κΦs,‹@DR
3,,0210871,,,,βθ§,κΦs,””¦’¬
3,,0293103,,,,βθ§,κΦs,‰Τς’¬VΌ
3,,0293102,,,,βθ§,κΦs,‰Τς’¬‹ΰ‘ς
3,,0293206,,,,βθ§,κΦs,‰Τς’¬‰iδ
3,,0293101,,,,βθ§,κΦs,‰Τς’¬‰Τς
3,,0293104,,,,βθ§,κΦs,‰Τς’¬“ϊ`
3,,0293207,,,,βθ§,κΦs,‰Τς’¬–ϋ“‡
3,,0293105,,,,βθ§,κΦs,‰Τς’¬—O’Γiκƒm’¬A“ρƒm’¬Aγ΄A‹«AΓμA“Ή‰Ίj
3,,0293205,,,,βθ§,κΦs,‰Τς’¬—O’Γi‚»‚Μ‘Όj
3,,0210807,,,,βθ§,κΦs,“‰Τ‰¤’¬
3,,0210003,,,,βθ§,κΦs,“ά‘γ
3,,0210892,,,,βθ§,κΦs,“’nε’¬
3,,0210822,,,,βθ§,κΦs,“‘δ
3,,0290301,,,,βθ§,κΦs,“R’¬“c‰Ν’Γ
3,,0290302,,,,βθ§,κΦs,“R’¬’·β
3,,0290303,,,,βθ§,κΦs,“R’¬Όμ
3,,0210876,,,,βθ§,κΦs,LX
3,,0210812,,,,βθ§,κΦs,”σ“n
3,,0210843,,,,βθ§,κΦs,[’¬
3,,0293522,,,,βθ§,κΦs,“΅‘ς’¬‘εβΔ
3,,0293311,,,,βθ§,κΦs,“΅‘ς’¬‰©C
3,,0293403,,,,βθ§,κΦs,“΅‘ς’¬»q“c
3,,0293404,,,,βθ§,κΦs,“΅‘ς’¬“Ώ“c
3,,0293402,,,,βθ§,κΦs,“΅‘ς’¬Vΐ
3,,0293406,,,,βθ§,κΦs,“΅‘ς’¬Όϋ
3,,0293405,,,,βθ§,κΦs,“΅‘ς’¬“΅‘ς
3,,0293521,,,,βθ§,κΦs,“΅‘ς’¬•ΫC‰H
3,,0293401,,,,βθ§,κΦs,“΅‘ς’¬‘‘ς
3,,0210221,,,,βθ§,κΦs,•‘μ
3,,0210901,,,,βθ§,κΦs,^Δ
3,,0210004,,,,βθ§,κΦs,’¬‰Y
3,,0210803,,,,βθ§,κΦs,“μ\¬X
3,,0210866,,,,βθ§,κΦs,“μV’¬
3,,0210813,,,,βθ§,κΦs,“μ‚Ω‚¤‚θ‚ε‚¤
3,,0210863,,,,βθ§,κΦs,“μ’¬
3,,0210872,,,,βθ§,κΦs,‹{β’¬
3,,0210013,,,,βθ§,κΦs,‹{‰Ί’¬
3,,0210012,,,,βθ§,κΦs,‹{‘O’¬
3,,0291201,,,,βθ§,κΦs,Ί’¬ά•Η
3,,0291211,,,,βθ§,κΦs,Ί’¬’Γ’Jμ
3,,0291202,,,,βθ§,κΦs,Ί’¬–ξ‰z
3,,0290211,,,,βθ§,κΦs,–ν‰h
3,,0210842,,,,βθ§,κΦs,–φ’¬
3,,0210063,,,,βθ§,κΦs,R–Ϊi‘ε’Ξj
3,,0210035,,,,βθ§,κΦs,R–ΪiΛ“Vj
3,,0210054,,,,βθ§,κΦs,R–Ϊi‹«j
3,,0210033,,,,βθ§,κΦs,R–Ϊi—Ά‘Oj
3,,0210064,,,,βθ§,κΦs,R–Ϊi‘ς“ΰj
3,,0210051,,,,βθ§,κΦs,R–ΪiO”½“cj
3,,0210036,,,,βθ§,κΦs,R–Ϊi\“ρ_j
3,,0210034,,,,βθ§,κΦs,R–Ϊi—§‘ςj
3,,0210061,,,,βθ§,κΦs,R–ΪiΩj
3,,0210062,,,,βθ§,κΦs,R–Ϊi›‘Oj
3,,0210055,,,,βθ§,κΦs,R–Ϊi“D“cj
3,,0210056,,,,βθ§,κΦs,R–Ϊi“D“cR‰Ίj
3,,0210053,,,,βθ§,κΦs,R–Ϊi’†–μj
3,,0210026,,,,βθ§,κΦs,R–Ϊi‘O“cj
3,,0210025,,,,βθ§,κΦs,R–Ϊiό–μj
3,,0210011,,,,βθ§,κΦs,R–Ϊ’¬
3,,0210805,,,,βθ§,κΦs,–L’¬
3,,0210815,,,,βθ§,κΦs,—vQ
3,,0210014,,,,βθ§,κΦs,—–”~’¬
3,,0292200,,,,βθ§,—¤‘O‚“cs,Θ‰Ί‚ΙfΪ‚‚Θ‚Άκ‡
3,,0292207,,,,βθ§,—¤‘O‚“cs,¬—F’¬
3,,0292204,,,,βθ§,—¤‘O‚“cs,‹Cε’¬
3,,0292205,,,,βθ§,—¤‘O‚“cs,‚“c’¬
3,,0292203,,,,βθ§,—¤‘O‚“cs,’|‹ξ’¬
3,,0292208,,,,βθ§,—¤‘O‚“cs,L“c’¬
3,,0292201,,,,βθ§,—¤‘O‚“cs,–ξμ’¬
3,,0292202,,,,βθ§,—¤‘O‚“cs,‰΅“c’¬
3,,0292206,,,,βθ§,—¤‘O‚“cs,•Δθ’¬
3,,0260000,,,,βθ§,Ξs,Θ‰Ί‚ΙfΪ‚‚Θ‚Άκ‡
3,,0260012,,,,βθ§,Ξs,‹›‰Νέ
3,,0260301,,,,βθ§,Ξs,‰LZ‹’¬
3,,0260003,,,,βθ§,Ξs,πΞ’¬
3,,0260022,,,,βθ§,Ξs,‘ε‘ό‰z’¬
3,,0260002,,,,βθ§,Ξs,‘ε•½’¬
3,,0260024,,,,βθ§,Ξs,‘ε’¬
3,,0260025,,,,βθ§,Ξs,‘ε“n’¬
3,,0260302,,,,βθ§,Ξs,•Πέ’¬
3,,0260055,,,,βθ§,Ξs,bq’¬
3,,0260026,,,,βθ§,Ξs,Ξ
3,,0260041,,,,βθ§,Ξs,γ’†“‡’¬
3,,0260412,,,,βθ§,Ξs,I—Ρ’¬
3,,0260042,,,,βθ§,Ξs,Ή‘Ύ‘ς’¬
3,,0260045,,,,βθ§,Ξs,¬μ’¬
3,,0260052,,,,βθ§,Ξs,¬²–μ’¬
3,,0260033,,,,βθ§,Ξs,‹ξ–Ψ’¬
3,,0260046,,,,βθ§,Ξs,χ–Ψ’¬
3,,0260053,,,,βθ§,Ξs,’θ“ΰ’¬
3,,0260015,,,,βθ§,Ξs,V•l’¬
3,,0260043,,,,βθ§,Ξs,V’¬
3,,0260031,,,,βθ§,Ξs,—ιq’¬
3,,0260044,,,,βθ§,Ξs,Z‹g’¬
3,,0260021,,,,βθ§,Ξs,‘ό‰z’¬
3,,0260032,,,,βθ§,Ξs,η’Ή’¬
3,,0260023,,,,βθ§,Ξs,“V_’¬
3,,0260061,,,,βθ§,Ξs,“‚’O’¬i“η‘qj
3,,0260121,,,,βθ§,Ξs,“‚’O’¬i‚»‚Μ‘Όj
3,,0260034,,,,βθ§,Ξs,’†Θ’¬
3,,0260054,,,,βθ§,Ξs,–μ“c’¬
3,,0260303,,,,βθ§,Ξs,” θ’¬
3,,0260411,,,,βθ§,Ξs,‹΄–μ’¬
3,,0260013,,,,βθ§,Ξs,•l’¬
3,,0260014,,,,βθ§,Ξs,“‘O’¬
3,,0260001,,,,βθ§,Ξs,•½“c
3,,0260004,,,,βθ§,Ξs,Ό΄’¬
3,,0260011,,,,βθ§,Ξs,`’¬
3,,0260035,,,,βθ§,Ξs,”‰_’¬
3,,0260304,,,,βθ§,Ξs,—ΌΞ’¬
3,,0260051,,,,βθ§,Ξs,—ηƒPϋ’¬
3,,0286100,,,,βθ§,“ρΛs,Θ‰Ί‚ΙfΪ‚‚Θ‚Άκ‡
3,,0286723,,,,βθ§,“ρΛs,ΐ”δ
3,,0286103,,,,βθ§,“ρΛs,ΞΨ
3,,0285713,,,,βθ§,“ρΛs,‘ς
3,,0286108,,,,βθ§,“ρΛs,γ“l•Δ
3,,0285711,,,,βθ§,“ρΛs,‹ΰ“cκ
3,,0285702,,,,βθ§,“ρΛs,‰Ί“l•ΔiO‹Ϊ‘ςAάA“y‹΄j
3,,0286102,,,,βθ§,“ρΛs,‰Ί“l•Δi‚»‚Μ‘Όj
3,,0286857,,,,βθ§,“ρΛs,ς–@›’¬‡–Ό‘ς
3,,0286944,,,,βθ§,“ρΛs,ς–@›’¬”ς’Ή
3,,0286945,,,,βθ§,“ρΛs,ς–@›’¬”ς’Ή’J’n
3,,0286946,,,,βθ§,“ρΛs,ς–@›’¬ΐ”δ“ΰ
3,,0286947,,,,βθ§,“ρΛs,ς–@›’¬ΐ”δ“ΰ‘ς
3,,0286883,,,,βθ§,“ρΛs,ς–@›’¬r’J
3,,0286837,,,,βθ§,“ρΛs,ς–@›’¬r‰®•~
3,,0286866,,,,βθ§,“ρΛs,ς–@›’¬”Ρ‹ί
3,,0286924,,,,βθ§,“ρΛs,ς–@›’¬‰Ζƒmγ
3,,0286877,,,,βθ§,“ρΛs,ς–@›’¬Ιθ‘ς
3,,0286874,,,,βθ§,“ρΛs,ς–@›’¬κ”½“c
3,,0286847,,,,βθ§,“ρΛs,ς–@›’¬βΊ
3,,0286943,,,,βθ§,“ρΛs,ς–@›’¬γ‹v•Ϋ
3,,0286848,,,,βθ§,“ρΛs,ς–@›’¬ƒEƒgβ
3,,0286819,,,,βθ§,“ρΛs,ς–@›’¬”nτκ
3,,0286879,,,,βθ§,“ρΛs,ς–@›’¬”~ƒm–Ψ
3,,0286833,,,,βθ§,“ρΛs,ς–@›’¬½‘ς
3,,0286817,,,,βθ§,“ρΛs,ς–@›’¬½‘ς‘ε‹v•Ϋ
3,,0286832,,,,βθ§,“ρΛs,ς–@›’¬½‘ςγ•½
3,,0286845,,,,βθ§,“ρΛs,ς–@›’¬½‘ςγ‘O“c
3,,0286831,,,,βθ§,“ρΛs,ς–@›’¬½‘ς‰Ί•½
3,,0286835,,,,βθ§,“ρΛs,ς–@›’¬½‘ς‰Ίƒ‚‘O“c
3,,0286822,,,,βθ§,“ρΛs,ς–@›’¬½‘ςΪ
3,,0286842,,,,βθ§,“ρΛs,ς–@›’¬½‘ς’†‘O“c
3,,0286985,,,,βθ§,“ρΛs,ς–@›’¬½”¨
3,,0286878,,,,βθ§,“ρΛs,ς–@›’¬½΄
3,,0286861,,,,βθ§,“ρΛs,ς–@›’¬γ–μ
3,,0286873,,,,βθ§,“ρΛs,ς–@›’¬‘εu“c
3,,0286919,,,,βθ§,“ρΛs,ς–@›’¬‘ε΄…r‰®
3,,0286916,,,,βθ§,“ρΛs,ς–@›’¬‘ε΄…‰Ίƒ‚•½
3,,0286929,,,,βθ§,“ρΛs,ς–@›’¬‘ε΄…‹σ‹v•Ϋ
3,,0286917,,,,βθ§,“ρΛs,ς–@›’¬‘ε΄…‘O“c
3,,0286813,,,,βθ§,“ρΛs,ς–@›’¬‘ε•½
3,,0286958,,,,βθ§,“ρΛs,ς–@›’¬‘εθ
3,,0286937,,,,βθ§,“ρΛs,ς–@›’¬‘ε”¨
3,,0286849,,,,βθ§,“ρΛs,ς–@›’¬‰–{
3,,0286844,,,,βθ§,“ρΛs,ς–@›’¬‰–{‘O“c
3,,0286939,,,,βθ§,“ρΛs,ς–@›’¬’·—¬•”
3,,0286942,,,,βθ§,“ρΛs,ς–@›’¬δR‹v•Ϋ
3,,0286938,,,,βθ§,“ρΛs,ς–@›’¬δRγ•½
3,,0286933,,,,βθ§,“ρΛs,ς–@›’¬δRγ–μ
3,,0286952,,,,βθ§,“ρΛs,ς–@›’¬δR‘ε‹v•Ϋ
3,,0286935,,,,βθ§,“ρΛs,ς–@›’¬δR‰Ί‘O“c
3,,0286948,,,,βθ§,“ρΛs,ς–@›’¬δRΪ
3,,0286941,,,,βθ§,“ρΛs,ς–@›’¬δR’†‘O“c
3,,0286949,,,,βθ§,“ρΛs,ς–@›’¬δR‘O“c
3,,0286966,,,,βθ§,“ρΛs,ς–@›’¬Cγ
3,,0286957,,,,βθ§,“ρΛs,ς–@›’¬Cγ“c
3,,0286968,,,,βθ§,“ρΛs,ς–@›’¬Cγ‘O“c
3,,0286818,,,,βθ§,“ρΛs,ς–@›’¬‹Ύ“c
3,,0286984,,,,βθ§,“ρΛs,ς–@›’¬`ƒm–Ψ•½
3,,0286955,,,,βθ§,“ρΛs,ς–@›’¬j•½
3,,0286906,,,,βθ§,“ρΛs,ς–@›’¬γ™‘ς
3,,0286856,,,,βθ§,“ρΛs,ς–@›’¬γO–μ
3,,0286911,,,,βθ§,“ρΛs,ς–@›’¬γ‘O“c
3,,0286816,,,,βθ§,“ρΛs,ς–@›’¬γ’J’n
3,,0286826,,,,βθ§,“ρΛs,ς–@›’¬μ–”
3,,0286926,,,,βθ§,“ρΛs,ς–@›’¬–εθ
3,,0286953,,,,βθ§,“ρΛs,ς–@›’¬–Ψ‘ς”¨ό
3,,0286814,,,,βθ§,“ρΛs,ς–@›’¬–k‘Ί
3,,0286981,,,,βθ§,“ρΛs,ς–@›’¬άΑ
3,,0286851,,,,βθ§,“ρΛs,ς–@›’¬¬’r
3,,0286921,,,,βθ§,“ρΛs,ς–@›’¬¬ς
3,,0286821,,,,βθ§,“ρΛs,ς–@›’¬¬•½
3,,0286977,,,,βθ§,“ρΛs,ς–@›’¬‹ξƒP—δ
3,,0286973,,,,βθ§,“ρΛs,ς–@›’¬‹ξƒP—δΪ
3,,0286979,,,,βθ§,“ρΛs,ς–@›’¬‹ξƒP—δ–μ“c
3,,0286978,,,,βθ§,“ρΛs,ς–@›’¬‹ξƒP—δ‘O“c
3,,0286963,,,,βθ§,“ρΛs,ς–@›’¬¬–”
3,,0286853,,,,βθ§,“ρΛs,ς–@›’¬ƒTƒCƒJƒc“c
3,,0286918,,,,βθ§,“ρΛs,ς–@›’¬ƒTƒCƒJƒc•½
3,,0286903,,,,βθ§,“ρΛs,ς–@›’¬β–{
3,,0286972,,,,βθ§,“ρΛs,ς–@›’¬χ“c
3,,0286872,,,,βθ§,“ρΛs,ς–@›’¬—Άμ–Ϊ
3,,0286904,,,,βθ§,“ρΛs,ς–@›’¬—Ά‘γ
3,,0286934,,,,βθ§,“ρΛs,ς–@›’¬‘ς“c
3,,0286928,,,,βθ§,“ρΛs,ς–@›’¬R“ΰ
3,,0286846,,,,βθ§,“ρΛs,ς–@›’¬‰Ίƒ^‘O“c
3,,0286923,,,,βθ§,“ρΛs,ς–@›’¬‰Ί‘Ί
3,,0286931,,,,βθ§,“ρΛs,ς–@›’¬K•½
3,,0286951,,,,βθ§,“ρΛs,ς–@›’¬΄…K
3,,0286907,,,,βθ§,“ρΛs,ς–@›’¬‹GƒP•½
3,,0286812,,,,βθ§,“ρΛs,ς–@›’¬‰Ί‘ς
3,,0286913,,,,βθ§,“ρΛs,ς–@›’¬‰Ίƒm‘ς
3,,0286983,,,,βθ§,“ρΛs,ς–@›’¬‰Ί“΅
3,,0286854,,,,βθ§,“ρΛs,ς–@›’¬‰Ί‘O“c
3,,0286915,,,,βθ§,“ρΛs,ς–@›’¬‘‰®•~
3,,0286922,,,,βθ§,“ρΛs,ς–@›’¬‰Ί’J’n
3,,0286855,,,,βθ§,“ρΛs,ς–@›’¬ς–@›
3,,0286884,,,,βθ§,“ρΛs,ς–@›’¬VR
3,,0286836,,,,βθ§,“ρΛs,ς–@›’¬Φ“c
3,,0286967,,,,βθ§,“ρΛs,ς–@›’¬‘yμ΄“c
3,,0286905,,,,βθ§,“ρΛs,ς–@›’¬‹σ‹v•Ϋ
3,,0286956,,,,βθ§,“ρΛs,ς–@›’¬‘ε–V
3,,0286961,,,,βθ§,“ρΛs,ς–@›’¬‘κ©‹΄
3,,0286876,,,,βθ§,“ρΛs,ς–@›’¬“cq“ΰ‘ς
3,,0286875,,,,βθ§,“ρΛs,ς–@›’¬Ϊ
3,,0286975,,,,βθ§,“ρΛs,ς–@›’¬“c—]“ΰ
3,,0286868,,,,βθ§,“ρΛs,ς–@›’¬’·‰Τ
3,,0286843,,,,βθ§,“ρΛs,ς–@›’¬’ηϋ
3,,0286811,,,,βθ§,“ρΛs,ς–@›’¬θ‘qX
3,,0286862,,,,βθ§,“ρΛs,ς–@›’¬›ƒmγ
3,,0286976,,,,βθ§,“ρΛs,ς–@›’¬”σϋ
3,,0286852,,,,βθ§,“ρΛs,ς–@›’¬”σ“c
3,,0286825,,,,βθ§,“ρΛs,ς–@›’¬’·β
3,,0286936,,,,βθ§,“ρΛs,ς–@›’¬’·“nH
3,,0286974,,,,βθ§,“ρΛs,ς–@›’¬’†”¨
3,,0286912,,,,βθ§,“ρΛs,ς–@›’¬’†‘O“c
3,,0286824,,,,βθ§,“ρΛs,ς–@›’¬Όƒm‘ς
3,,0286964,,,,βθ§,“ρΛs,ς–@›’¬ΐ‹v•Ϋ
3,,0286908,,,,βθ§,“ρΛs,ς–@›’¬–μ•‘ς
3,,0286865,,,,βθ§,“ρΛs,ς–@›’¬–μ“c
3,,0286925,,,,βθ§,“ρΛs,ς–@›’¬”~“c
3,,0286863,,,,βθ§,“ρΛs,ς–@›’¬””¦Ϊ
3,,0286815,,,,βθ§,“ρΛs,ς–@›’¬”•ϋϋ
3,,0286962,,,,βθ§,“ρΛs,ς–@›’¬”nκό
3,,0286969,,,,βθ§,“ρΛs,ς–@›’¬’[•Ϋϋ
3,,0286954,,,,βθ§,“ρΛs,ς–@›’¬‘β
3,,0286882,,,,βθ§,“ρΛs,ς–@›’¬‰H—]“ΰ
3,,0286901,,,,βθ§,“ρΛs,ς–@›’¬[–x
3,,0286834,,,,βθ§,“ρΛs,ς–@›’¬Χ“c
3,,0286841,,,,βθ§,“ρΛs,ς–@›’¬Ό‰
3,,0286932,,,,βθ§,“ρΛs,ς–@›’¬Ό”¨
3,,0286823,,,,βθ§,“ρΛs,ς–@›’¬‹{‘ς
3,,0286902,,,,βθ§,“ρΛs,ς–@›’¬–Ύ_‘ς
3,,0286971,,,,βθ§,“ρΛs,ς–@›’¬όμ΄
3,,0286838,,,,βθ§,“ρΛs,ς–@›’¬ό“c
3,,0286885,,,,βθ§,“ρΛs,ς–@›’¬X‰z
3,,0286864,,,,βθ§,“ρΛs,ς–@›’¬–ε‘Oό
3,,0286867,,,,βθ§,“ρΛs,ς–@›’¬Δκ
3,,0286871,,,,βθ§,“ρΛs,ς–@›’¬ΐΛ
3,,0286965,,,,βθ§,“ρΛs,ς–@›’¬’J’n‰®•~
3,,0286982,,,,βθ§,“ρΛs,ς–@›’¬ΔΨ
3,,0286927,,,,βθ§,“ρΛs,ς–@›’¬“’‘ς
3,,0286914,,,,βθ§,“ρΛs,ς–@›’¬aς“c
3,,0286881,,,,βθ§,“ρΛs,ς–@›’¬“nƒm‰H
3,,0286107,,,,βθ§,“ρΛs,”’’Ή
3,,0286724,,,,βθ§,“ρΛs,‘«‘ς
3,,0286106,,,,βθ§,“ρΛs,m¶•½
3,,0286721,,,,βθ§,“ρΛs,—’Ή
3,,0285712,,,,βθ§,“ρΛs,–μXγ
3,,0286101,,,,βθ§,“ρΛs,•‰
3,,0286722,,,,βθ§,“ρΛs,•“c
3,,0286105,,,,βθ§,“ρΛs,–x–μ
3,,0286104,,,,βθ§,“ρΛs,•Δ‘ς
3,,0287100,,,,βθ§,””¦•½s,Θ‰Ί‚ΙfΪ‚‚Θ‚Άκ‡
3,,0287619,,,,βθ§,””¦•½s,‘‘ς
3,,0287635,,,,βθ§,””¦•½s,¤‚ΜR
3,,0287526,,,,βθ§,””¦•½s,Τq•½
3,,0287554,,,,βθ§,””¦•½s,Τβ“c
3,,0287679,,,,βθ§,””¦•½s,‘«[
3,,0287506,,,,βθ§,””¦•½s,ΐ‘γ›“c
3,,0287552,,,,βθ§,””¦•½s,ΐ‘γρ–Ψ
3,,0287306,,,,βθ§,””¦•½s,ΐ”δ‚΄
3,,0287621,,,,βθ§,””¦•½s,Zμ
3,,0287622,,,,βθ§,””¦•½s,Z”¨’†μ΄
3,,0287406,,,,βθ§,””¦•½s,r–Ψ“c
3,,0287534,,,,βθ§,””¦•½s,r‰®V’¬
3,,0287674,,,,βθ§,””¦•½s,‰Ζƒm— 
3,,0287521,,,,βθ§,””¦•½s,Ξ_
3,,0287615,,,,βθ§,””¦•½s,Ξ–Όβ
3,,0287614,,,,βθ§,””¦•½s,Ξ–Όβ‰Ίƒ^
3,,0287663,,,,βθ§,””¦•½s,ΞX
3,,0287562,,,,βθ§,””¦•½s,ά“ϊs
3,,0287501,,,,βθ§,””¦•½s,β–Ψό
3,,0287505,,,,βθ§,””¦•½s,β‰®
3,,0287531,,,,βθ§,””¦•½s,γ‚ΜR
3,,0287602,,,,βθ§,””¦•½s,‰NR
3,,0287604,,,,βθ§,””¦•½s,‰NRϋ
3,,0287536,,,,βθ§,””¦•½s,‘Ε“c“ΰ
3,,0287605,,,,βθ§,””¦•½s,‰L’J’n
3,,0287606,,,,βθ§,””¦•½s,‰WqΞ
3,,0287655,,,,βθ§,””¦•½s,”n—g‘ς
3,,0287403,,,,βθ§,””¦•½s,γΦ
3,,0287553,,,,βθ§,””¦•½s,ξ”¨
3,,0287661,,,,βθ§,””¦•½s,‘ε‘ς
3,,0287664,,,,βθ§,””¦•½s,‘ε‘ς“c
3,,0287607,,,,βθ§,””¦•½s,‘ε–Κ•½
3,,0287111,,,,βθ§,””¦•½s,‘εX
3,,0287624,,,,βθ§,””¦•½s,‘ε–”‘ςϋ
3,,0287611,,,,βθ§,””¦•½s,‰«“c•\
3,,0287625,,,,βθ§,””¦•½s,‰«ƒm•½
3,,0287617,,,,βθ§,””¦•½s,ά•Η
3,,0287612,,,,βθ§,””¦•½s,‡“c
3,,0287303,,,,βθ§,””¦•½s,”‘δ
3,,0287402,,,,βθ§,””¦•½s,›ηq
3,,0287533,,,,βθ§,””¦•½s,™Ϋ“c
3,,0287502,,,,βθ§,””¦•½s,γβ–Ψ
3,,0287527,,,,βθ§,””¦•½s,μ΄
3,,0287643,,,,βθ§,””¦•½s,Ψ’Κ
3,,0287657,,,,βθ§,””¦•½s,I–Ψ“c
3,,0287555,,,,βθ§,””¦•½s,•‘ς
3,,0287628,,,,βθ§,””¦•½s,¬βδ
3,,0287654,,,,βθ§,””¦•½s,¬“»
3,,0287632,,,,βθ§,””¦•½s,¬΄“Ήƒmγ
3,,0287638,,,,βθ§,””¦•½s,¬΄“Ήƒm‰Ί
3,,0287678,,,,βθ§,””¦•½s,¬X
3,,0287532,,,,βθ§,””¦•½s,¬–φ“c
3,,0287543,,,,βθ§,””¦•½s,¬‰®”¨
3,,0287621,,,,βθ§,””¦•½s,μ•½
3,,0287656,,,,βθ§,””¦•½s,¶Θ
3,,0287627,,,,βθ§,””¦•½s,²”δ“ΰ
3,,0287676,,,,βθ§,””¦•½s,‘ςϋ
3,,0287645,,,,βθ§,””¦•½s,‰Ίƒ^μ΄
3,,0287561,,,,βθ§,””¦•½s,‰Ί’¬
3,,0287535,,,,βθ§,””¦•½s,΄…
3,,0287675,,,,βθ§,””¦•½s,‰Ίƒ‚μ΄
3,,0287511,,,,βθ§,””¦•½s,‰Ί‚Μ“c
3,,0287618,,,,βθ§,””¦•½s,ΦΞ
3,,0287642,,,,βθ§,””¦•½s,‘Pμ΄
3,,0287629,,,,βθ§,””¦•½s,”’‘ςϋ
3,,0287551,,,,βθ§,””¦•½s,V“c
3,,0287662,,,,βθ§,””¦•½s,™‘ς
3,,0287644,,,,βθ§,””¦•½s,’·
3,,0287516,,,,βθ§,””¦•½s,Φ‘ςϋ
3,,0287631,,,,βθ§,””¦•½s,£ƒm‘ς
3,,0287405,,,,βθ§,””¦•½s,•½Ϊ
3,,0287542,,,,βθ§,””¦•½s,‚”¨
3,,0287566,,,,βθ§,””¦•½s,‘κ‘ς
3,,0287601,,,,βθ§,””¦•½s,“c‘ς
3,,0287623,,,,βθ§,””¦•½s,Ϊs
3,,0287672,,,,βθ§,””¦•½s,“c’†‰Ίƒ^
3,,0287563,,,,βθ§,””¦•½s,“c‚Μ‘ς
3,,0287677,,,,βθ§,””¦•½s,“cR
3,,0287651,,,,βθ§,””¦•½s,’·‘O
3,,0287513,,,,βθ§,””¦•½s,“y‘ς
3,,0287523,,,,βθ§,””¦•½s,q‘ς
3,,0287541,,,,βθ§,””¦•½s,›u“c
3,,0287112,,,,βθ§,””¦•½s,“c“
3,,0287303,,,,βθ§,””¦•½s,“΅µ‰·ς
3,,0287626,,,,βθ§,””¦•½s,Λ½
3,,0287567,,,,βθ§,””¦•½s,Λ‘ς
3,,0287673,,,,βθ§,””¦•½s,“aβ‰Ίƒ^
3,,0287514,,,,βθ§,””¦•½s,’†²δ
3,,0287503,,,,βθ§,””¦•½s,’†“c
3,,0287401,,,,βθ§,””¦•½s,Ό›“c
3,,0287652,,,,βθ§,””¦•½s,Ξ
3,,0287301,,,,βθ§,””¦•½s,–μ‘Κ
3,,0287302,,,,βθ§,””¦•½s,””¦•½‰·ς‹½
3,,0287671,,,,βθ§,””¦•½s,”nκ‰Ί
3,,0287525,,,,βθ§,””¦•½s,“ϊ‰e
3,,0287633,,,,βθ§,””¦•½s,“ϊ“D“Ήƒmγ
3,,0287637,,,,βθ§,””¦•½s,“ϊ“D“Ήƒm‰Ί
3,,0287113,,,,βθ§,””¦•½s,•½}
3,,0287653,,,,βθ§,””¦•½s,•½–”
3,,0287641,,,,βθ§,””¦•½s,”δH•½
3,,0287616,,,,βθ§,””¦•½s,“ρƒ^q
3,,0287515,,,,βθ§,””¦•½s,Γ‰®•~
3,,0287556,,,,βθ§,””¦•½s,―‘ς
3,,0287557,,,,βθ§,””¦•½s,Χ–μ
3,,0287544,,,,βθ§,””¦•½s,•ΫΛβ
3,,0287404,,,,βθ§,””¦•½s,–xΨ
3,,0287504,,,,βθ§,””¦•½s,‘O“c
3,,0287537,,,,βθ§,””¦•½s,‹Θ“c
3,,0287613,,,,βθ§,””¦•½s,–’Λμ΄
3,,0287305,,,,βθ§,””¦•½s,Ό”φ
3,,0287302,,,,βθ§,””¦•½s,Ό”φρ–Ψ
3,,0287302,,,,βθ§,””¦•½s,Όμ‰·ς
3,,0287545,,,,βθ§,””¦•½s,Ό–Ψ“c
3,,0287304,,,,βθ§,””¦•½s,—ΞƒK‹u
3,,0287565,,,,βθ§,””¦•½s,–Ϊ–Όs
3,,0287603,,,,βθ§,””¦•½s,–ξ_
3,,0287564,,,,βθ§,””¦•½s,’J’n“c
3,,0287608,,,,βθ§,””¦•½s,’J’n’†
3,,0287512,,,,βθ§,””¦•½s,Rέ
3,,0287522,,,,βθ§,””¦•½s,Rϋ
3,,0287524,,,,βθ§,””¦•½s,“’‚Μ‘ς
3,,0287634,,,,βθ§,””¦•½s,a‰®•~“Ήƒmγ
3,,0287636,,,,βθ§,””¦•½s,a‰®•~“Ήƒm‰Ί
3,,0230000,,,,βθ§,‰Bs,Θ‰Ί‚ΙfΪ‚‚Θ‚Άκ‡
3,,0230402,,,,βθ§,‰Bs,’_‘ς‹ζ¬R
3,,0230401,,,,βθ§,‰Bs,’_‘ς‹ζ“μ“s“c
3,,0230403,,,,βθ§,‰Bs,’_‘ς‹ζα–φ
3,,0231761,,,,βθ§,‰Bs,]h‹ζΙθ
3,,0231132,,,,βθ§,‰Bs,]h‹ζξ£
3,,0231101,,,,βθ§,‰Bs,]h‹ζβ’J“°
3,,0231111,,,,βθ§,‰Bs,]h‹ζ‘ε’Κ‚θ
3,,0231131,,,,βθ§,‰Bs,]h‹ζ¤“†
3,,0231121,,,,βθ§,‰Bs,]h‹ζ’jΞ
3,,0231114,,,,βθ§,‰Bs,]h‹ζμ΄’¬
3,,0231118,,,,βθ§,‰Bs,]h‹ζ‰h’¬
3,,0231105,,,,βθ§,‰Bs,]h‹ζ™ƒm’¬
3,,0231125,,,,βθ§,‰Bs,]h‹ζ‘K’¬
3,,0231122,,,,βθ§,‰Bs,]h‹ζΪR
3,,0231134,,,,βθ§,‰Bs,]h‹ζ‹Κ—Ά
3,,0230171,,,,βθ§,‰Bs,]h‹ζ“c΄
3,,0231116,,,,βθ§,‰Bs,]h‹ζdυ›
3,,0231104,,,,βθ§,‰Bs,]h‹ζ–L“c’¬
3,,0231113,,,,βθ§,‰Bs,]h‹ζ’†’¬
3,,0231103,,,,βθ§,‰Bs,]h‹ζΌ‘ε’Κ‚θ
3,,0231133,,,,βθ§,‰Bs,]h‹ζL£
3,,0231762,,,,βθ§,‰Bs,]h‹ζ“΅—Ά
3,,0231115,,,,βθ§,‰Bs,]h‹ζ–{’¬
3,,0231123,,,,βθ§,‰Bs,]h‹ζ‘O“c’¬
3,,0231112,,,,βθ§,‰Bs,]h‹ζ“μ‘ε’Κ‚θ
3,,0231117,,,,βθ§,‰Bs,]h‹ζ“μ’¬
3,,0231124,,,,βθ§,‰Bs,]h‹ζZ“ϊ’¬
3,,0231341,,,,βθ§,‰Bs,]h‹ζ—ΐμ
3,,0231102,,,,βθ§,‰Bs,]h‹ζ”“ϊ’¬
3,,0231551,,,,βθ§,‰Bs,]h‹ζ•Δ—Ά
3,,0294426,,,,βθ§,‰Bs,ίμ‹ζ¤“†‰Ί
3,,0294315,,,,βθ§,‰Bs,ίμ‹ζ“V“c
3,,0294365,,,,βθ§,‰Bs,ίμ‹ζ“V“y
3,,0294307,,,,βθ§,‰Bs,ίμ‹ζ—L‰Y
3,,0294434,,,,βθ§,‰Bs,ίμ‹ζ’r“c
3,,0294433,,,,βθ§,‰Bs,ίμ‹ζ’r“cΌ
3,,0294381,,,,βθ§,‰Bs,ίμ‹ζΞƒP‘ς
3,,0294384,,,,βθ§,‰Bs,ίμ‹ζΞ_
3,,0294313,,,,βθ§,‰Bs,ίμ‹ζΞ¶
3,,0294322,,,,βθ§,‰Bs,ίμ‹ζ”Β‘q
3,,0294352,,,,βθ§,‰Bs,ίμ‹ζβ‚Μγ
3,,0294465,,,,βθ§,‰Bs,ίμ‹ζγ‘κ‚Μ‘ς
3,,0294377,,,,βθ§,‰Bs,ίμ‹ζγR
3,,0294482,,,,βθ§,‰Bs,ίμ‹ζl”¨
3,,0294481,,,,βθ§,‰Bs,ίμ‹ζl”¨R
3,,0294425,,,,βθ§,‰Bs,ίμ‹ζΡ—‘ς
3,,0294442,,,,βθ§,‰Bs,ίμ‹ζγ–μ
3,,0294321,,,,βθ§,‰Bs,ίμ‹ζ‰_“μ“c
3,,0294436,,,,βθ§,‰Bs,ίμ‹ζ‘εΞƒP‘ς
3,,0294406,,,,βθ§,‰Bs,ίμ‹ζ‘εβ
3,,0294308,,,,βθ§,‰Bs,ίμ‹ζ‘ε•½
3,,0294419,,,,βθ§,‰Bs,ίμ‹ζ‘ε–Κ
3,,0294347,,,,βθ§,‰Bs,ίμ‹ζ‘εΌ
3,,0294488,,,,βθ§,‰Bs,ίμ‹ζ‘ε΄
3,,0294487,,,,βθ§,‰Bs,ίμ‹ζ‘ε΄R
3,,0294383,,,,βθ§,‰Bs,ίμ‹ζ‰«‚Μ–μ
3,,0294435,,,,βθ§,‰Bs,ίμ‹ζ‰Ψ
3,,0294454,,,,βθ§,‰Bs,ίμ‹ζ•\
3,,0294386,,,,βθ§,‰Bs,ίμ‹ζ—Ξ
3,,0294326,,,,βθ§,‰Bs,ίμ‹ζ“c
3,,0294452,,,,βθ§,‰Bs,ίμ‹ζR
3,,0294388,,,,βθ§,‰Bs,ίμ‹ζγ‘εX
3,,0294474,,,,βθ§,‰Bs,ίμ‹ζγ‰Ν“ΰ
3,,0294411,,,,βθ§,‰Bs,ίμ‹ζγ¬H
3,,0294491,,,,βθ§,‰Bs,ίμ‹ζγ—§‘ς
3,,0294329,,,,βθ§,‰Bs,ίμ‹ζγ›“c
3,,0294437,,,,βθ§,‰Bs,ίμ‹ζ“‚‹ΰ
3,,0294446,,,,βθ§,‰Bs,ίμ‹ζμ’[
3,,0294407,,,,βθ§,‰Bs,ίμ‹ζ‹ΰ¬
3,,0294303,,,,βθ§,‰Bs,ίμ‹ζί΄
3,,0294353,,,,βθ§,‰Bs,ίμ‹ζ‹“a
3,,0294375,,,,βθ§,‰Bs,ίμ‹ζΖ|
3,,0294424,,,,βθ§,‰Bs,ίμ‹ζ‹γ—Φ“°
3,,0294405,,,,βθ§,‰Bs,ίμ‹ζK–Ψ’J’n
3,,0294317,,,,βθ§,‰Bs,ίμ‹ζK”¨
3,,0294323,,,,βθ§,‰Bs,ίμ‹ζ¬ΐ‘γ
3,,0294306,,,,βθ§,‰Bs,ίμ‹ζ¬“c
3,,0294432,,,,βθ§,‰Bs,ίμ‹ζ¬—Ρ
3,,0294362,,,,βθ§,‰Bs,ίμ‹ζ¬—ΡR
3,,0294325,,,,βθ§,‰Bs,ίμ‹ζ¬³”Β
3,,0294333,,,,βθ§,‰Bs,ίμ‹ζ‹ξκ
3,,0294344,,,,βθ§,‰Bs,ίμ‹ζ‘ς“c
3,,0294444,,,,βθ§,‰Bs,ίμ‹ζ΄…‚Μγ
3,,0294387,,,,βθ§,‰Bs,ίμ‹ζ‰Ί‘εX
3,,0294471,,,,βθ§,‰Bs,ίμ‹ζ‰Ί‰Ν“ΰ
3,,0294492,,,,βθ§,‰Bs,ίμ‹ζ‰Ί—§‘ς
3,,0294328,,,,βθ§,‰Bs,ίμ‹ζ‰Ί›“c
3,,0294378,,,,βθ§,‰Bs,ίμ‹ζ—•½
3,,0294427,,,,βθ§,‰Bs,ίμ‹ζwκ‰Ί
3,,0294348,,,,βθ§,‰Bs,ίμ‹ζ™–μ
3,,0294418,,,,βθ§,‰Bs,ίμ‹ζ™—Ρ
3,,0294413,,,,βθ§,‰Bs,ίμ‹ζ‰‰Ί
3,,0294382,,,,βθ§,‰Bs,ίμ‹ζΦ‘ά
3,,0294422,,,,βθ§,‰Bs,ίμ‹ζ£΄
3,,0294423,,,,βθ§,‰Bs,ίμ‹ζ£΄Ό‰Y
3,,0294484,,,,βθ§,‰Bs,ίμ‹ζ‘X–΅
3,,0294304,,,,βθ§,‰Bs,ίμ‹ζO‚Μ‘ς
3,,0294486,,,,βθ§,‰Bs,ίμ‹ζ‘ι‚Μ‘ƒ
3,,0294342,,,,βθ§,‰Bs,ίμ‹ζ‚•ΫC
3,,0294345,,,,βθ§,‰Bs,ίμ‹ζΩι
3,,0294431,,,,βθ§,‰Bs,ίμ‹ζ“c’†
3,,0294439,,,,βθ§,‰Bs,ίμ‹ζ“c’†Ό
3,,0294408,,,,βθ§,‰Bs,ίμ‹ζ“y‰®
3,,0294404,,,,βθ§,‰Bs,ίμ‹ζ›‘ά
3,,0294385,,,,βθ§,‰Bs,ίμ‹ζ•x‘ς
3,,0294412,,,,βθ§,‰Bs,ίμ‹ζ•x“c
3,,0294417,,,,βθ§,‰Bs,ίμ‹ζ•x“c‘O
3,,0294346,,,,βθ§,‰Bs,ίμ‹ζ–L
3,,0294389,,,,βθ§,‰Bs,ίμ‹ζ’·”Β‘ς
3,,0294472,,,,βθ§,‰Bs,ίμ‹ζ’†‰Ν“ΰ
3,,0294305,,,,βθ§,‰Bs,ίμ‹ζ’·‘ά
3,,0294361,,,,βθ§,‰Bs,ίμ‹ζ’·”X
3,,0294314,,,,βθ§,‰Bs,ίμ‹ζ’†‰®•~
3,,0294475,,,,βθ§,‰Bs,ίμ‹ζ’†R
3,,0294351,,,,βθ§,‰Bs,ίμ‹ζ‰ΔH
3,,0294363,,,,βθ§,‰Bs,ίμ‹ζ‰Δ—
3,,0294445,,,,βθ§,‰Bs,ίμ‹ζµ“ϊsκ
3,,0294441,,,,βθ§,‰Bs,ίμ‹ζ•ΐ–Ψ‘O
3,,0294495,,,,βθ§,‰Bs,ίμ‹ζ“θ΄
3,,0294494,,,,βθ§,‰Bs,ίμ‹ζ“θ΄R
3,,0294364,,,,βθ§,‰Bs,ίμ‹ζΌ•—R
3,,0294316,,,,βθ§,‰Bs,ίμ‹ζ•c‘γ‘ς
3,,0294456,,,,βθ§,‰Bs,ίμ‹ζΌ— 
3,,0294312,,,,βθ§,‰Bs,ίμ‹ζΌE
3,,0294483,,,,βθ§,‰Bs,ίμ‹ζΐ–μ
3,,0294493,,,,βθ§,‰Bs,ίμ‹ζ–μθ
3,,0294354,,,,βθ§,‰Bs,ίμ‹ζ
3,,0294414,,,,βθ§,‰Bs,ίμ‹ζ–μ“c
3,,0294343,,,,βθ§,‰Bs,ίμ‹ζ”\“o‰®•~
3,,0294462,,,,βθ§,‰Bs,ίμ‹ζ”η
3,,0294401,,,,βθ§,‰Bs,ίμ‹ζ’£R
3,,0294451,,,,βθ§,‰Bs,ίμ‹ζ“— 
3,,0294421,,,,βθ§,‰Bs,ίμ‹ζ“ϊό
3,,0294371,,,,βθ§,‰Bs,ίμ‹ζ•OR‘ς
3,,0294374,,,,βθ§,‰Bs,ίμ‹ζ•OR‘ςR
3,,0294461,,,,βθ§,‰Bs,ίμ‹ζ•½
3,,0294331,,,,βθ§,‰Bs,ίμ‹ζ[‘ς
3,,0294311,,,,βθ§,‰Bs,ίμ‹ζΓΩ
3,,0294332,,,,βθ§,‰Bs,ίμ‹ζΓΛ
3,,0294485,,,,βθ§,‰Bs,ίμ‹ζ•σ“ƒ’J’n
3,,0294402,,,,βθ§,‰Bs,ίμ‹ζ―‰®
3,,0294403,,,,βθ§,‰Bs,ίμ‹ζ–{“c΄
3,,0294496,,,,βθ§,‰Bs,ίμ‹ζ^‘Ε
3,,0294464,,,,βθ§,‰Bs,ίμ‹ζ‘O‘κ‚Μ‘ς
3,,0294327,,,,βθ§,‰Bs,ίμ‹ζ”n
3,,0294324,,,,βθ§,‰Bs,ίμ‹ζ³”Β
3,,0294372,,,,βθ§,‰Bs,ίμ‹ζΌ—Ρ
3,,0294443,,,,βθ§,‰Bs,ίμ‹ζZ“ϊsκ
3,,0294473,,,,βθ§,‰Bs,ίμ‹ζό
3,,0294416,,,,βθ§,‰Bs,ίμ‹ζόΩ
3,,0294415,,,,βθ§,‰Bs,ίμ‹ζόΩ’J‹N
3,,0294438,,,,βθ§,‰Bs,ίμ‹ζΊ‚Μ–Ψ
3,,0294334,,,,βθ§,‰Bs,ίμ‹ζ•SƒP‘ά
3,,0294497,,,,βθ§,‰Bs,ίμ‹ζ–έ“]
3,,0294376,,,,βθ§,‰Bs,ίμ‹ζ–{
3,,0294355,,,,βθ§,‰Bs,ίμ‹ζRέ
3,,0294453,,,,βθ§,‰Bs,ίμ‹ζRϋ
3,,0294373,,,,βθ§,‰Bs,ίμ‹ζR“c
3,,0294455,,,,βθ§,‰Bs,ίμ‹ζ‰΅“Ή‰Ί
3,,0294463,,,,βθ§,‰Bs,ίμ‹ζδΡƒP‘ς
3,,0294341,,,,βθ§,‰Bs,ίμ‹ζZ“Ή
3,,0294205,,,,βθ§,‰Bs,‘O‘ς‹ζ‡ƒm‘ς
3,,0294206,,,,βθ§,‰Bs,‘O‘ς‹ζΤβ
3,,0294207,,,,βθ§,‰Bs,‘O‘ς‹ζΤ–Κ
3,,0294209,,,,βθ§,‰Bs,‘O‘ς‹ζ‚ ‚·‚©’Κ
3,,0294205,,,,βθ§,‰Bs,‘O‘ς‹ζΐ›‘ς
3,,0294201,,,,βθ§,‰Bs,‘O‘ς‹ζΆ•”Ϊ
3,,0294208,,,,βθ§,‰Bs,‘O‘ς‹ζΎƒP“‡
3,,0294205,,,,βθ§,‰Bs,‘O‘ς‹ζΞ“c
3,,0294205,,,,βθ§,‰Bs,‘O‘ς‹ζκƒm‘ς
3,,0294207,,,,βθ§,‰Bs,‘O‘ς‹ζκ–{™
3,,0294205,,,,βθ§,‰Bs,‘O‘ς‹ζ‰Lƒm–Ψ
3,,0294205,,,,βθ§,‰Bs,‘O‘ς‹ζ‰Lƒm–Ψ“c
3,,0294206,,,,βθ§,‰Bs,‘O‘ς‹ζ— V“c
3,,0294205,,,,βθ§,‰Bs,‘O‘ς‹ζ‚¤‚ι‚µ–μ
3,,0294211,,,,βθ§,‰Bs,‘O‘ς‹ζ‰w“
3,,0294207,,,,βθ§,‰Bs,‘O‘ς‹ζ‘εχ
3,,0294205,,,,βθ§,‰Bs,‘O‘ς‹ζ‘ε‘ά
3,,0294205,,,,βθ§,‰Bs,‘O‘ς‹ζ‰«“c
3,,0294205,,,,βθ§,‰Bs,‘O‘ς‹ζ¬‘ςϋ
3,,0294208,,,,βθ§,‰Bs,‘O‘ς‹ζ‰Νƒm”¨
3,,0294208,,,,βθ§,‰Bs,‘O‘ς‹ζ”χ
3,,0294205,,,,βθ§,‰Bs,‘O‘ς‹ζμ“ΰ
3,,0294203,,,,βθ§,‰Bs,‘O‘ς‹ζ–k‹v•Ϋ
3,,0294206,,,,βθ§,‰Bs,‘O‘ς‹ζΟΞ
3,,0294203,,,,βθ§,‰Bs,‘O‘ς‹ζΟ“°
3,,0294205,,,,βθ§,‰Bs,‘O‘ς‹ζίΦ
3,,0294201,,,,βθ§,‰Bs,‘O‘ς‹ζ‹v“c
3,,0294201,,,,βθ§,‰Bs,‘O‘ς‹ζΉƒPθ
3,,0294208,,,,βθ§,‰Bs,‘O‘ς‹ζά‡“c
3,,0294207,,,,βθ§,‰Bs,‘O‘ς‹ζά\l’¬
3,,0294201,,,,βθ§,‰Bs,‘O‘ς‹ζΓι
3,,0294206,,,,βθ§,‰Bs,‘O‘ς‹ζ‹ξ…
3,,0294205,,,,βθ§,‰Bs,‘O‘ς‹ζ—Ά
3,,0294204,,,,βθ§,‰Bs,‘O‘ς‹ζ‰Ί’J‹N
3,,0294204,,,,βθ§,‰Bs,‘O‘ς‹ζ“‡
3,,0294205,,,,βθ§,‰Bs,‘O‘ς‹ζ΄…
3,,0294207,,,,βθ§,‰Bs,‘O‘ς‹ζ‰Ί¬H
3,,0294205,,,,βθ§,‰Bs,‘O‘ς‹ζΦƒm•@
3,,0294204,,,,βθ§,‰Bs,‘O‘ς‹ζh
3,,0294202,,,,βθ§,‰Bs,‘O‘ς‹ζ”’R
3,,0294205,,,,βθ§,‰Bs,‘O‘ς‹ζ”’’ΉΪ
3,,0294205,,,,βθ§,‰Bs,‘O‘ς‹ζVι
3,,0294206,,,,βθ§,‰Bs,‘O‘ς‹ζwκ
3,,0294208,,,,βθ§,‰Bs,‘O‘ς‹ζV’¬
3,,0294208,,,,βθ§,‰Bs,‘O‘ς‹ζV’¬— 
3,,0294203,,,,βθ§,‰Bs,‘O‘ς‹ζ¶•κ
3,,0294207,,,,βθ§,‰Bs,‘O‘ς‹ζ•½¬H
3,,0294207,,,,βθ§,‰Bs,‘O‘ς‹ζ•½‘O
3,,0294208,,,,βθ§,‰Bs,‘O‘ς‹ζ‘ε—Ρ›‰Ί
3,,0294204,,,,βθ§,‰Bs,‘O‘ς‹ζ‚”¨
3,,0294208,,,,βθ§,‰Bs,‘O‘ς‹ζ’|‘ς
3,,0294208,,,,βθ§,‰Bs,‘O‘ς‹ζ—§Ξ
3,,0294204,,,,βθ§,‰Bs,‘O‘ς‹ζ“c’†
3,,0294208,,,,βθ§,‰Bs,‘O‘ς‹ζ“c”©
3,,0294206,,,,βθ§,‰Bs,‘O‘ς‹ζ‘ΎYƒP‘ς
3,,0294205,,,,βθ§,‰Bs,‘O‘ς‹ζ’η“c
3,,0294205,,,,βθ§,‰Bs,‘O‘ς‹ζΖδΪ
3,,0294207,,,,βθ§,‰Bs,‘O‘ς‹ζ“ƒƒPθ
3,,0294204,,,,βθ§,‰Bs,‘O‘ς‹ζ“Ήκ
3,,0294205,,,,βθ§,‰Bs,‘O‘ς‹ζ“Ώ‘ς
3,,0294207,,,,βθ§,‰Bs,‘O‘ς‹ζ”‘ƒPθ
3,,0294204,,,,βθ§,‰Bs,‘O‘ς‹ζ’Ή‘¬‰®
3,,0294204,,,,βθ§,‰Bs,‘O‘ς‹ζ’†‹v•Ϋ
3,,0294205,,,,βθ§,‰Bs,‘O‘ς‹ζ‰i‘ς
3,,0294208,,,,βθ§,‰Bs,‘O‘ς‹ζ’†“c
3,,0294204,,,,βθ§,‰Bs,‘O‘ς‹ζ’·’h
3,,0294205,,,,βθ§,‰Bs,‘O‘ς‹ζ’·
3,,0294204,,,,βθ§,‰Bs,‘O‘ς‹ζ’†‘Ί
3,,0294205,,,,βθ§,‰Bs,‘O‘ς‹ζ’†‰®•~
3,,0294208,,,,βθ§,‰Bs,‘O‘ς‹ζµ“ϊ’¬
3,,0294208,,,,βθ§,‰Bs,‘O‘ς‹ζµ“ϊ’¬— 
3,,0294205,,,,βθ§,‰Bs,‘O‘ς‹ζQτ
3,,0294208,,,,βθ§,‰Bs,‘O‘ς‹ζ“ρ\l’¬
3,,0294208,,,,βθ§,‰Bs,‘O‘ς‹ζ“ρ\l’¬— 
3,,0294205,,,,βθ§,‰Bs,‘O‘ς‹ζ“ρƒm‘ς
3,,0294205,,,,βθ§,‰Bs,‘O‘ς‹ζΐK
3,,0294205,,,,βθ§,‰Bs,‘O‘ς‹ζΐƒm‘ς
3,,0294205,,,,βθ§,‰Bs,‘O‘ς‹ζ“ϊό
3,,0294206,,,,βθ§,‰Bs,‘O‘ς‹ζ“ϊΌ
3,,0294205,,,,βθ§,‰Bs,‘O‘ς‹ζ•—{
3,,0294204,,,,βθ§,‰Bs,‘O‘ς‹ζΓμ
3,,0294205,,,,βθ§,‰Bs,‘O‘ς‹ζ±κ
3,,0294205,,,,βθ§,‰Bs,‘O‘ς‹ζ‘O–μ
3,,0294206,,,,βθ§,‰Bs,‘O‘ς‹ζ—ϊX
3,,0294207,,,,βθ§,‰Bs,‘O‘ς‹ζO“ϊ’¬
3,,0294207,,,,βθ§,‰Bs,‘O‘ς‹ζO“ϊ’¬‰Y
3,,0294207,,,,βθ§,‰Bs,‘O‘ς‹ζO“ϊ’¬V— 
3,,0294205,,,,βθ§,‰Bs,‘O‘ς‹ζ“μwκ
3,,0294205,,,,βθ§,‰Bs,‘O‘ς‹ζ“μ“ƒƒ–θ
3,,0294205,,,,βθ§,‰Bs,‘O‘ς‹ζ“μ’†“‡
3,,0294204,,,,βθ§,‰Bs,‘O‘ς‹ζ“μ‘O‘ς
3,,0294205,,,,βθ§,‰Bs,‘O‘ς‹ζ–¥—Φ
3,,0294204,,,,βθ§,‰Bs,‘O‘ς‹ζό“c
3,,0294204,,,,βθ§,‰Bs,‘O‘ς‹ζ–{™
3,,0294205,,,,βθ§,‰Bs,‘O‘ς‹ζ—Όθ‘ς
3,,0294205,,,,βθ§,‰Bs,‘O‘ς‹ζ’J‹L
3,,0294205,,,,βθ§,‰Bs,‘O‘ς‹ζ’J‹N
3,,0294205,,,,βθ§,‰Bs,‘O‘ς‹ζ’J‹L“c
3,,0294205,,,,βθ§,‰Bs,‘O‘ς‹ζ’J‹N“c
3,,0294205,,,,βθ§,‰Bs,‘O‘ς‹ζE‘O
3,,0294207,,,,βθ§,‰Bs,‘O‘ς‹ζ‰®•~
3,,0294204,,,,βθ§,‰Bs,‘O‘ς‹ζ’J’n
3,,0294208,,,,βθ§,‰Bs,‘O‘ς‹ζR‰Ί
3,,0294204,,,,βθ§,‰Bs,‘O‘ς‹ζ””¦
3,,0294204,,,,βθ§,‰Bs,‘O‘ς‹ζ””¦‘O
3,,0294206,,,,βθ§,‰Bs,‘O‘ς‹ζ—{ƒPX
3,,0294205,,,,βθ§,‰Bs,‘O‘ς‹ζZ–{Ό
3,,0230035,,,,βθ§,‰Bs,…‘ς‹ζΤ“y“c
3,,0230041,,,,βθ§,‰Bs,…‘ς‹ζH—t’¬
3,,0230823,,,,βθ§,‰Bs,…‘ς‹ζ’©“ϊ’¬
3,,0230818,,,,βθ§,‰Bs,…‘ς‹ζ“’¬
3,,0230831,,,,βθ§,‰Bs,…‘ς‹ζo‘Μ’¬
3,,0230824,,,,βθ§,‰Bs,…‘ς‹ζς’¬
3,,0230013,,,,βθ§,‰Bs,…‘ς‹ζκ–{–φ
3,,0230011,,,,βθ§,‰Bs,…‘ς‹ζξ‰Χ“c
3,,0230898,,,,βθ§,‰Bs,…‘ς‹ζγ“c
3,,0230057,,,,βθ§,‰Bs,…‘ς‹ζγ’¬
3,,0230854,,,,βθ§,‰Bs,…‘ς‹ζ‘εΰ’¬
3,,0230084,,,,βθ§,‰Bs,…‘ς‹ζ‘εγ
3,,0230053,,,,βθ§,‰Bs,…‘ς‹ζ‘εθ’¬
3,,0230867,,,,βθ§,‰Bs,…‘ς‹ζ‘ε‹΄
3,,0230802,,,,βθ§,‰Bs,…‘ς‹ζ‘ε”¨¬H
3,,0230045,,,,βθ§,‰Bs,…‘ς‹ζ‘ε’¬
3,,0230085,,,,βθ§,‰Bs,…‘ς‹ζ—xq
3,,0230001,,,,βθ§,‰Bs,…‘ς‹ζ‰µ’¬
3,,0230021,,,,βθ§,‰Bs,…‘ς‹ζ‡ƒm‰Ί
3,,0230051,,,,βθ§,‰Bs,…‘ς‹ζθ’¬
3,,0230892,,,,βθ§,‰Bs,…‘ς‹ζ“c
3,,0230833,,,,βθ§,‰Bs,…‘ς‹ζγo‘Μ
3,,0230052,,,,βθ§,‰Bs,…‘ς‹ζθ’
3,,0230034,,,,βθ§,‰Bs,…‘ς‹ζμϋ’¬
3,,0230863,,,,βθ§,‰Bs,…‘ς‹ζμ’[
3,,0230046,,,,βθ§,‰Bs,…‘ς‹ζμ΄¬H
3,,0230031,,,,βθ§,‰Bs,…‘ς‹ζ–k‰N‘ς
3,,0230036,,,,βθ§,‰Bs,…‘ς‹ζ–kI—Ρ
3,,0230881,,,,βθ§,‰Bs,…‘ς‹ζ–k“c
3,,0230092,,,,βθ§,‰Bs,…‘ς‹ζ–k”Ό‹½
3,,0230054,,,,βθ§,‰Bs,…‘ς‹ζ‹g¬H
3,,0230056,,,,βθ§,‰Bs,…‘ς‹ζ‹v“c
3,,0230101,,,,βθ§,‰Bs,…‘ς‹ζ•Ξ’¬
3,,0230071,,,,βθ§,‰Bs,…‘ς‹ζ•q
3,,0230077,,,,βθ§,‰Bs,…‘ς‹ζK”¨
3,,0230062,,,,βθ§,‰Bs,…‘ς‹ζ¬Ξ“c
3,,0230025,,,,βθ§,‰Bs,…‘ς‹ζ‚–Τ
3,,0230087,,,,βθ§,‰Bs,…‘ς‹ζ‚’Jh
3,,0230055,,,,βθ§,‰Bs,…‘ς‹ζ‹•‹σ‘ ¬H
3,,0230074,,,,βθ§,‰Bs,…‘ς‹ζ‹Ιy
3,,0230015,,,,βθ§,‰Bs,…‘ς‹ζάη 
3,,0230018,,,,βθ§,‰Bs,…‘ς‹ζ¬’†
3,,0230094,,,,βθ§,‰Bs,…‘ς‹ζά—Φ
3,,0230012,,,,βθ§,‰Bs,…‘ς‹ζΔ“c
3,,0230805,,,,βθ§,‰Bs,…‘ς‹ζΔ‚Μ_
3,,0230897,,,,βθ§,‰Bs,…‘ς‹ζχμ
3,,0230003,,,,βθ§,‰Bs,…‘ς‹ζ²‘q‰Ν
3,,0230865,,,,βθ§,‰Bs,…‘ς‹ζχ‰®•~
3,,0230872,,,,βθ§,‰Bs,…‘ς‹ζχ‰®•~Ό
3,,0230873,,,,βθ§,‰Bs,…‘ς‹ζωX’J’n
3,,0230026,,,,βθ§,‰Bs,…‘ς‹ζ—Ά‘™
3,,0230044,,,,βθ§,‰Bs,…‘ς‹ζO–{–Ψ
3,,0230014,,,,βθ§,‰Bs,…‘ς‹ζ’n‘ “c
3,,0230017,,,,βθ§,‰Bs,…‘ς‹ζa“c
3,,0230063,,,,βθ§,‰Bs,…‘ς‹ζΉ“V
3,,0230073,,,,βθ§,‰Bs,…‘ς‹ζ›—Μ
3,,0230807,,,,βθ§,‰Bs,…‘ς‹ζV¬H
3,,0230841,,,,βθ§,‰Bs,…‘ς‹ζ^ι
3,,0230842,,,,βθ§,‰Bs,…‘ς‹ζ^ι‚‹u
3,,0230821,,,,βθ§,‰Bs,…‘ς‹ζ_–Ύ’¬
3,,0230095,,,,βθ§,‰Bs,…‘ς‹ζ“c
3,,0230866,,,,βθ§,‰Bs,…‘ς‹ζ‰‡
3,,0230083,,,,βθ§,‰Bs,…‘ς‹ζ‘O‹½
3,,0230877,,,,βθ§,‰Bs,…‘ς‹ζ‘³’J’n
3,,0230871,,,,βθ§,‰Bs,…‘ς‹ζO’J’n
3,,0230081,,,,βθ§,‰Bs,…‘ς‹ζπ’¬
3,,0230827,,,,βθ§,‰Bs,…‘ς‹ζ‘Ύ“ϊ’Κ‚θ
3,,0230825,,,,βθ§,‰Bs,…‘ς‹ζ‘δ’¬
3,,0230894,,,,βθ§,‰Bs,…‘ς‹ζ‘ε–Ύ_
3,,0230032,,,,βθ§,‰Bs,…‘ς‹ζ‘½‰κ
3,,0230889,,,,βθ§,‰Bs,…‘ς‹ζ‚‰®•~
3,,0230091,,,,βθ§,‰Bs,…‘ς‹ζ‚R
3,,0230891,,,,βθ§,‰Bs,…‘ς‹ζ“ΰ “c
3,,0230803,,,,βθ§,‰Bs,…‘ς‹ζ“c¬H
3,,0230047,,,,βθ§,‰Bs,…‘ς‹ζ—§’¬
3,,0230895,,,,βθ§,‰Bs,…‘ς‹ζ‘«‘άj
3,,0230019,,,,βθ§,‰Bs,…‘ς‹ζ’zΪ
3,,0230076,,,,βθ§,‰Bs,…‘ς‹ζ‘Ά“Ή
3,,0230876,,,,βθ§,‰Bs,…‘ς‹ζ’ί•£
3,,0230811,,,,βθ§,‰Bs,…‘ς‹ζ›¬H
3,,0230812,,,,βθ§,‰Bs,…‘ς‹ζ›e
3,,0230815,,,,βθ§,‰Bs,…‘ς‹ζ“V•¶‘δ’Κ‚θ
3,,0230064,,,,βθ§,‰Bs,…‘ς‹ζ“yν“c
3,,0230857,,,,βθ§,‰Bs,…‘ς‹ζ’†γ–μ’¬
3,,0230022,,,,βθ§,‰Bs,…‘ς‹ζ’†ι
3,,0230826,,,,βθ§,‰Bs,…‘ς‹ζ’†“c’¬
3,,0230813,,,,βθ§,‰Bs,…‘ς‹ζ’†’¬
3,,0230061,,,,βθ§,‰Bs,…‘ς‹ζ’·’¬
3,,0230024,,,,βθ§,‰Bs,…‘ς‹ζ–Όc
3,,0230856,,,,βθ§,‰Bs,…‘ς‹ζΌγ–μ’¬
3,,0230896,,,,βθ§,‰Bs,…‘ς‹ζΌυ“c
3,,0230885,,,,βθ§,‰Bs,…‘ς‹ζΌ“c
3,,0230816,,,,βθ§,‰Bs,…‘ς‹ζΌ’¬
3,,0230067,,,,βθ§,‰Bs,…‘ς‹ζ“ρ”½“c
3,,0230102,,,,βθ§,‰Bs,…‘ς‹ζ‰H“c’¬‰w“
3,,0230104,,,,βθ§,‰Bs,…‘ς‹ζ‰H“c’¬‰w‘O
3,,0230103,,,,βθ§,‰Bs,…‘ς‹ζ‰H“c’¬‰w“μ
3,,0230106,,,,βθ§,‰Bs,…‘ς‹ζ‰H“c’¬‹v•Ϋ
3,,0230105,,,,βθ§,‰Bs,…‘ς‹ζ‰H“c’¬•σ¶
3,,0230107,,,,βθ§,‰Bs,…‘ς‹ζ‰H“c’¬•σ–φ–Ψ
3,,0230108,,,,βθ§,‰Bs,…‘ς‹ζ‰H“c’¬ό”¨
3,,0230832,,,,βθ§,‰Bs,…‘ς‹ζ‰H“c’¬i‘δΐA‰ΊΐA’J–ΨA³’J–Ψj
3,,0230132,,,,βθ§,‰Bs,…‘ς‹ζ‰H“c’¬i‚»‚Μ‘Όj
3,,0230888,,,,βθ§,‰Bs,…‘ς‹ζ””½“c
3,,0230023,,,,βθ§,‰Bs,…‘ς‹ζ””½’¬
3,,0230829,,,,βθ§,‰Bs,…‘ς‹ζ‰Τ‰€’¬
3,,0230027,,,,βθ§,‰Bs,…‘ς‹ζ•‰Ί
3,,0230853,,,,βθ§,‰Bs,…‘ς‹ζ“γ–μ’¬
3,,0230828,,,,βθ§,‰Bs,…‘ς‹ζ“‘ε’Κ‚θ
3,,0230822,,,,βθ§,‰Bs,…‘ς‹ζ“’†’Κ‚θ
3,,0230082,,,,βθ§,‰Bs,…‘ς‹ζ“”Ό‹½
3,,0230808,,,,βθ§,‰Bs,…‘ς‹ζ“ϊ‚¬H
3,,0230806,,,,βθ§,‰Bs,…‘ς‹ζ“ϊ‚Ό
3,,0230016,,,,βθ§,‰Bs,…‘ς‹ζ•½‘ς
3,,0230072,,,,βθ§,‰Bs,…‘ς‹ζ”σ“n
3,,0230862,,,,βθ§,‰Bs,…‘ς‹ζ•‹g’¬
3,,0230814,,,,βθ§,‰Bs,…‘ς‹ζ‘ά’¬
3,,0230882,,,,βθ§,‰Bs,…‘ς‹ζ•΄
3,,0230033,,,,βθ§,‰Bs,…‘ς‹ζ•s’f’¬
3,,0230861,,,,βθ§,‰Bs,…‘ς‹ζ―ƒK‹u’¬
3,,0230058,,,,βθ§,‰Bs,…‘ς‹ζ–xƒm“ΰ
3,,0230066,,,,βθ§,‰Bs,…‘ς‹ζ‘O“c‘ά
3,,0230884,,,,βθ§,‰Bs,…‘ς‹ζ‘O’J’n
3,,0230883,,,,βθ§,‰Bs,…‘ς‹ζ’¬— 
3,,0230093,,,,βθ§,‰Bs,…‘ς‹ζ…_
3,,0230002,,,,βθ§,‰Bs,…‘ς‹ζ…‘ςH‹Ζ’c’n
3,,0230065,,,,βθ§,‰Bs,…‘ς‹ζ…R
3,,0230043,,,,βθ§,‰Bs,…‘ς‹ζ“Ή‡
3,,0230037,,,,βθ§,‰Bs,…‘ς‹ζ“μ‰N‘ς
3,,0230855,,,,βθ§,‰Bs,…‘ς‹ζ“μ‘εΰ
3,,0230851,,,,βθ§,‰Bs,…‘ς‹ζ“μ’¬
3,,0230886,,,,βθ§,‰Bs,…‘ς‹ζ“μ–ξ’†
3,,0230075,,,,βθ§,‰Bs,…‘ς‹ζ…ƒmϋ
3,,0230817,,,,βθ§,‰Bs,…‘ς‹ζ‹{‰Ί’¬
3,,0230874,,,,βθ§,‰Bs,…‘ς‹ζ©•X
3,,0230096,,,,βθ§,‰Bs,…‘ς‹ζό“c
3,,0230875,,,,βθ§,‰Bs,…‘ς‹ζX‰Ί
3,,0230086,,,,βθ§,‰Bs,…‘ς‹ζ’J’n’†
3,,0230804,,,,βθ§,‰Bs,…‘ς‹ζ’J’n–Ύ‰~
3,,0230887,,,,βθ§,‰Bs,…‘ς‹ζ–ξ’†
3,,0230042,,,,βθ§,‰Bs,…‘ς‹ζ–φ’¬
3,,0230852,,,,βθ§,‰Bs,…‘ς‹ζRθ’¬
3,,0230801,,,,βθ§,‰Bs,…‘ς‹ζ‰΅’¬
3,,0230893,,,,βθ§,‰Bs,…‘ς‹ζ–H“c
3,,0230864,,,,βθ§,‰Bs,…‘ς‹ζ—΄ƒP”nκ
3,,0200600,,,,βθ§,‘κ‘ςs,Θ‰Ί‚ΙfΪ‚‚Θ‚Άκ‡
3,,0200633,,,,βθ§,‘κ‘ςs,ϋ
3,,0200604,,,,βθ§,‘κ‘ςs,κ–{–Ψ
3,,0200618,,,,βθ§,‘κ‘ςs,βθR
3,,0200685,,,,βθ§,‘κ‘ςs,‰L”ΐ’B
3,,0200673,,,,βθ§,‘κ‘ςs,‰L”Ξ—―
3,,0200681,,,,βθ§,‘κ‘ςs,‰L”‰W‰®•~
3,,0200662,,,,βθ§,‘κ‘ςs,‰L”‘εΙ
3,,0200686,,,,βθ§,‘κ‘ςs,‰L”‹S‰z
3,,0200655,,,,βθ§,‘κ‘ςs,‰L”δ’λ“c
3,,0200657,,,,βθ§,‘κ‘ςs,‰L”‚X
3,,0200671,,,,βθ§,‘κ‘ςs,‰L”γ‚–φ
3,,0200656,,,,βθ§,‘κ‘ςs,‰L”γR
3,,0200688,,,,βθ§,‘κ‘ςs,‰L”γ‘O“c
3,,0200668,,,,βθ§,‘κ‘ςs,‰L”Ο“΄
3,,0200664,,,,βθ§,‘κ‘ςs,‰L”ωX
3,,0200658,,,,βθ§,‘κ‘ςs,‰L”΄…‘ς
3,,0200672,,,,βθ§,‘κ‘ςs,‰L”‰Ί‚–φ
3,,0200661,,,,βθ§,‘κ‘ςs,‰L””’Ξ
3,,0200666,,,,βθ§,‘κ‘ςs,‰L”ζΓμ
3,,0200659,,,,βθ§,‘κ‘ςs,‰L”O‹v•Ϋ
3,,0200674,,,,βθ§,‘κ‘ςs,‰L”‚–φ
3,,0200675,,,,βθ§,‘κ‘ςs,‰L”‘κό
3,,0200677,,,,βθ§,‘κ‘ςs,‰L””σ‚Μϋ
3,,0200652,,,,βθ§,‘κ‘ςs,‰L”“΄”¨
3,,0200678,,,,βθ§,‘κ‘ςs,‰L””N–Ρ
3,,0200684,,,,βθ§,‘κ‘ςs,‰L”ΐX
3,,0200653,,,,βθ§,‘κ‘ςs,‰L””—
3,,0200676,,,,βθ§,‘κ‘ςs,‰L””l‘Ε
3,,0200683,,,,βθ§,‘κ‘ςs,‰L”‰Τ•½
3,,0200651,,,,βθ§,‘κ‘ςs,‰L”Χ’J’n
3,,0200667,,,,βθ§,‘κ‘ςs,‰L”όV“c
3,,0200663,,,,βθ§,‘κ‘ςs,‰L””‹μ
3,,0200682,,,,βθ§,‘κ‘ςs,‰L”—Υΐ
3,,0200601,,,,βθ§,‘κ‘ςs,γ
3,,0200615,,,,βθ§,‘κ‘ςs,‰K‰“β
3,,0200627,,,,βθ§,‘κ‘ςs,T‹v•Ϋ
3,,0200613,,,,βθ§,‘κ‘ςs,‘εΞ“n
3,,0200769,,,,βθ§,‘κ‘ςs,‘εr‰®•~
3,,0200754,,,,βθ§,‘κ‘ςs,‘εγ
3,,0200758,,,,βθ§,‘κ‘ςs,‘ε‘ε΄…
3,,0200763,,,,βθ§,‘κ‘ςs,‘ε‘ε”¨
3,,0200776,,,,βθ§,‘κ‘ςs,‘ε‹S‚‘κ
3,,0200757,,,,βθ§,‘κ‘ςs,‘ε•——Ρ
3,,0200755,,,,βθ§,‘κ‘ςs,‘εϋ
3,,0200773,,,,βθ§,‘κ‘ςs,‘εγ’|•@
3,,0200765,,,,βθ§,‘κ‘ςs,‘ε¬‰®•~
3,,0200774,,,,βθ§,‘κ‘ςs,‘ε‰–‚ΜX
3,,0200752,,,,βθ§,‘κ‘ςs,‘ε”’R
3,,0200751,,,,βθ§,‘κ‘ςs,‘εη‚E
3,,0200756,,,,βθ§,‘κ‘ςs,‘ε‚X
3,,0200771,,,,βθ§,‘κ‘ςs,‘ε’|•@
3,,0200761,,,,βθ§,‘κ‘ςs,‘ε“c‚ΜK
3,,0200764,,,,βθ§,‘κ‘ςs,‘ε“yδK
3,,0200762,,,,βθ§,‘κ‘ςs,‘εOΩ
3,,0200772,,,,βθ§,‘κ‘ςs,‘ε’†£
3,,0200767,,,,βθ§,‘κ‘ςs,‘ε’†“Ή
3,,0200777,,,,βθ§,‘κ‘ςs,‘εm‘ς£
3,,0200775,,,,βθ§,‘κ‘ςs,‘εΐ‘ά
3,,0200766,,,,βθ§,‘κ‘ςs,‘ε””¦‘O
3,,0200753,,,,βθ§,‘κ‘ςs,‘εΧ‰®
3,,0200778,,,,βθ§,‘κ‘ςs,‘ε‹g…
3,,0200779,,,,βθ§,‘κ‘ςs,‘ε‹g΄…
3,,0200768,,,,βθ§,‘κ‘ςs,‘εa“c
3,,0200636,,,,βθ§,‘κ‘ςs,‘ε‹v•Ϋ
3,,0200621,,,,βθ§,‘κ‘ςs,‘εθ
3,,0200701,,,,βθ§,‘κ‘ςs,‘ε‘ςβΔ‰®•~
3,,0200702,,,,βθ§,‘κ‘ςs,‘ε‘ςγ’ίq
3,,0200718,,,,βθ§,‘κ‘ςs,‘ε‘ς¬’J’n
3,,0200715,,,,βθ§,‘κ‘ςs,‘ε‘ς‰Ί‰®•~
3,,0200713,,,,βθ§,‘κ‘ςs,‘ε‘ςV“Ή
3,,0200703,,,,βθ§,‘κ‘ςs,‘ε‘ς‰‡
3,,0200707,,,,βθ§,‘κ‘ςs,‘ε‘ςΩ
3,,0200719,,,,βθ§,‘κ‘ςs,‘ε‘ς’ίq
3,,0200709,,,,βθ§,‘κ‘ςs,‘ε‘ςOR–μ
3,,0200712,,,,βθ§,‘κ‘ςs,‘ε‘ς’·’Ψ
3,,0200708,,,,βθ§,‘κ‘ςs,‘ε‘ς”Ά–Ψ•½
3,,0200705,,,,βθ§,‘κ‘ςs,‘ε‘ς“ρƒ^–”
3,,0200714,,,,βθ§,‘κ‘ςs,‘ε‘ς‘C‘Ί
3,,0200710,,,,βθ§,‘κ‘ςs,‘ε‘ς–νμ”¨
3,,0200711,,,,βθ§,‘κ‘ςs,‘ε‘ς’J’nγ
3,,0200704,,,,βθ§,‘κ‘ςs,‘ε‘ς’J’n’†
3,,0200717,,,,βθ§,‘κ‘ςs,‘ε‘ςl‚Β‰Ζ
3,,0200716,,,,βθ§,‘κ‘ςs,‘ε‘ς•Δ‘q
3,,0200706,,,,βθ§,‘κ‘ςs,‘ε‘ς„“c
3,,0200602,,,,βθ§,‘κ‘ςs,‘εX•½
3,,0200606,,,,βθ§,‘κ‘ςs,‰Α‰κ“ΰ
3,,0200619,,,,βθ§,‘κ‘ςs,γβθR
3,,0200687,,,,βθ§,‘κ‘ςs,γ‰L”
3,,0200614,,,,βθ§,‘κ‘ςs,γ’†‘Ί
3,,0200646,,,,βθ§,‘κ‘ςs,•‘ς
3,,0200624,,,,βθ§,‘κ‘ςs,Θ‚Μ_
3,,0200723,,,,βθ§,‘κ‘ςs,Β–Ψ»D
3,,0200726,,,,βθ§,‘κ‘ςs,Β–Ψr‰®
3,,0200745,,,,βθ§,‘κ‘ςs,Β–Ψ‘ε›‘ς
3,,0200742,,,,βθ§,‘κ‘ςs,Β–Ψ’—‰±‘ς
3,,0200722,,,,βθ§,‘κ‘ςs,Β–Ψγ»D
3,,0200734,,,,βθ§,‘κ‘ςs,Β–Ψγ•”¨
3,,0200728,,,,βθ§,‘κ‘ςs,Β–ΨγΒ–Ψ
3,,0200735,,,,βθ§,‘κ‘ςs,Β–Ψ•”¨
3,,0200724,,,,βθ§,‘κ‘ςs,Β–Ψ¬’J’n
3,,0200736,,,,βθ§,‘κ‘ςs,Β–ΨQ‹½
3,,0200738,,,,βθ§,‘κ‘ςs,Β–ΨQ‹½‚ΜX
3,,0200743,,,,βθ§,‘κ‘ςs,Β–ΨOR
3,,0200744,,,,βθ§,‘κ‘ςs,Β–ΨΩ‚‘ς
3,,0200737,,,,βθ§,‘κ‘ςs,Β–Ψ’η
3,,0200732,,,,βθ§,‘κ‘ςs,Β–Ψ”σ‚Μϋ
3,,0200727,,,,βθ§,‘κ‘ςs,Β–Ψ’Ή’J•½
3,,0200721,,,,βθ§,‘κ‘ςs,Β–Ψ’†‘Ί
3,,0200725,,,,βθ§,‘κ‘ςs,Β–Ψ’†‰®•~
3,,0200746,,,,βθ§,‘κ‘ςs,Β–Ψm‘ς£
3,,0200733,,,,βθ§,‘κ‘ςs,Β–Ψ‘κ
3,,0200731,,,,βθ§,‘κ‘ςs,Β–Ψ–Ύ–@
3,,0200741,,,,βθ§,‘κ‘ςs,Β–Ψ–ξζX
3,,0200665,,,,βθ§,‘κ‘ςs,‰Ί‰L”
3,,0200611,,,,βθ§,‘κ‘ςs,‘ƒq
3,,0200605,,,,βθ§,‘κ‘ςs,»
3,,0200643,,,,βθ§,‘κ‘ςs,OR
3,,0200645,,,,βθ§,‘κ‘ςs,‚‰®•~
3,,0200637,,,,βθ§,‘κ‘ςs,‚‰®•~•½
3,,0200608,,,,βθ§,‘κ‘ςs,’·‘ΎY—Ρ
3,,0200638,,,,βθ§,‘κ‘ςs,“y‘ς
3,,0200616,,,,βθ§,‘κ‘ςs,–Ψ‘―μ
3,,0200603,,,,βθ§,‘κ‘ςs,—―‚X
3,,0200654,,,,βθ§,‘κ‘ςs,’†‰L”
3,,0200642,,,,βθ§,‘κ‘ςs,’†‘Ί
3,,0200623,,,,βθ§,‘κ‘ςs,“θ‚Μ–Ψ‘ς
3,,0200641,,,,βθ§,‘κ‘ςs,”I‹X‰®•~
3,,0200631,,,,βθ§,‘κ‘ςs,–xβ
3,,0200622,,,,βθ§,‘κ‘ςs,–μ‘ς
3,,0200625,,,,βθ§,‘κ‘ςs,—t‚Μ–Ψ‘ςR
3,,0200644,,,,βθ§,‘κ‘ςs,•½‘ ‘ς
3,,0200632,,,,βθ§,‘κ‘ςs,–q–μ—Ρ
3,,0200635,,,,βθ§,‘κ‘ςs,¨ζR
3,,0200626,,,,βθ§,‘κ‘ςs,–Ύ_•½
3,,0200634,,,,βθ§,‘κ‘ςs,Ί¬H
3,,0200612,,,,βθ§,‘κ‘ςs,–φ‘ς
3,,0200609,,,,βθ§,‘κ‘ςs,–φ΄
3,,0200607,,,,βθ§,‘κ‘ςs,–ν•ΊƒG—Ρ
3,,0200617,,,,βθ§,‘κ‘ςs,“’M‘ς
3,,0200500,,,,βθ§,βθS΄Ξ’¬,Θ‰Ί‚ΙfΪ‚‚Θ‚Άκ‡
3,,0200502,,,,βθ§,βθS΄Ξ’¬,”Β‹΄
3,,0200546,,,,βθ§,βθS΄Ξ’¬,ξ‰Χ‰Ί
3,,0200583,,,,βθ§,βθS΄Ξ’¬,γ–μ
3,,0200574,,,,βθ§,βθS΄Ξ’¬,‰§h
3,,0200581,,,,βθ§,βθS΄Ξ’¬,δ–Ύ_
3,,0200544,,,,βθ§,βθS΄Ξ’¬,`–Ψ
3,,0200559,,,,βθ§,βθS΄Ξ’¬,γωX
3,,0200555,,,,βθ§,βθS΄Ξ’¬,γ‘]“c
3,,0200557,,,,βθ§,βθS΄Ξ’¬,γ•½
3,,0200538,,,,βθ§,βθS΄Ξ’¬,γ’¬–k
3,,0200537,,,,βθ§,βθS΄Ξ’¬,γ’¬Ό
3,,0200539,,,,βθ§,βθS΄Ξ’¬,γ’¬“
3,,0200530,,,,βθ§,βθS΄Ξ’¬,γ’¬“μ
3,,0200534,,,,βθ§,βθS΄Ξ’¬,μ΄
3,,0200517,,,,βθ§,βθS΄Ξ’¬,•‘ςμ
3,,0200525,,,,βθ§,βθS΄Ξ’¬,Ή‘ε“°
3,,0200535,,,,βθ§,βθS΄Ξ’¬,¬“ϊ’J’n
3,,0200551,,,,βθ§,βθS΄Ξ’¬,ωX
3,,0200512,,,,βθ§,βθS΄Ξ’¬,‰–ƒPX
3,,0200513,,,,βθ§,βθS΄Ξ’¬,‰Ί“e–μ
3,,0200522,,,,βθ§,βθS΄Ξ’¬,‰Ί‹v•Ϋ
3,,0200558,,,,βθ§,βθS΄Ξ’¬,‰ΊωX
3,,0200553,,,,βθ§,βθS΄Ξ’¬,‰Ί‘]“c
3,,0200552,,,,βθ§,βθS΄Ξ’¬,‰Ί•½
3,,0200515,,,,βθ§,βθS΄Ξ’¬,‰Ί’·
3,,0200528,,,,βθ§,βθS΄Ξ’¬,‰Ί’¬
3,,0200529,,,,βθ§,βθS΄Ξ’¬,‰Ί’¬Ό
3,,0200520,,,,βθ§,βθS΄Ξ’¬,‰Ί’¬“
3,,0200541,,,,βθ§,βθS΄Ξ’¬,η “c
3,,0200521,,,,βθ§,βθS΄Ξ’¬,κe’Γ“c
3,,0200543,,,,βθ§,βθS΄Ξ’¬,‚‘O“c
3,,0200571,,,,βθ§,βθS΄Ξ’¬,q
3,,0200524,,,,βθ§,βθS΄Ξ’¬,›‚Μ‰Ί
3,,0200505,,,,βθ§,βθS΄Ξ’¬,’†•‘ςμ
3,,0200504,,,,βθ§,βθS΄Ξ’¬,’†ΐ
3,,0200527,,,,βθ§,βθS΄Ξ’¬,’†’¬
3,,0200511,,,,βθ§,βθS΄Ξ’¬,’·”¨
3,,0200585,,,,βθ§,βθS΄Ξ’¬,’·R
3,,0200556,,,,βθ§,βθS΄Ξ’¬,–Όq
3,,0200503,,,,βθ§,βθS΄Ξ’¬,µƒcX
3,,0200501,,,,βθ§,βθS΄Ξ’¬,m²£
3,,0200572,,,,βθ§,βθS΄Ξ’¬,Όΐ’λ
3,,0200584,,,,βθ§,βθS΄Ξ’¬,Ό
3,,0200506,,,,βθ§,βθS΄Ξ’¬,ΐ•Τ
3,,0200523,,,,βθ§,βθS΄Ξ’¬,–x
3,,0200514,,,,βθ§,βθS΄Ξ’¬,–μ’†
3,,0200582,,,,βθ§,βθS΄Ξ’¬,‹΄κ
3,,0200536,,,,βθ§,βθS΄Ξ’¬,”T
3,,0200533,,,,βθ§,βθS΄Ξ’¬,—Ρ
3,,0200532,,,,βθ§,βθS΄Ξ’¬,•¥μ
3,,0200547,,,,βθ§,βθS΄Ξ’¬,°R
3,,0200554,,,,βθ§,βθS΄Ξ’¬,’¬— 
3,,0200531,,,,βθ§,βθS΄Ξ’¬,–ƒ©“c
3,,0200507,,,,βθ§,βθS΄Ξ’¬,Ϋ’J’n
3,,0200542,,,,βθ§,βθS΄Ξ’¬,–“c“n
3,,0200573,,,,βθ§,βθS΄Ξ’¬,“μ”¨
3,,0200545,,,,βθ§,βθS΄Ξ’¬,’J’n
3,,0285400,,,,βθ§,βθS‹’¬,Θ‰Ί‚ΙfΪ‚‚Θ‚Άκ‡
3,,0285403,,,,βθ§,βθS‹’¬,] 
3,,0285102,,,,βθ§,βθS‹’¬,‹i‘ζ‚S‚O’n„u‚T‚V”Τ’n‚P‚Q‚TA‚P‚V‚U‚π‚­v`‘ζ‚S‚T
3,,0285102,,,,βθ§,βθS‹’¬,’n„j
3,,0285402,,,,βθ§,βθS‹’¬,‹i‚»‚Μ‘Όj
3,,0285401,,,,βθ§,βθS‹’¬,“c•”
3,,0284300,,,,βθ§,βθSβθ’¬,Θ‰Ί‚ΙfΪ‚‚Θ‚Άκ‡
3,,0284307,,,,βθ§,βθSβθ’¬,ά“ϊs
3,,0284421,,,,βθ§,βθSβθ’¬,κ•ϋδ
3,,0284303,,,,βθ§,βθSβθ’¬,] “ΰ
3,,0284211,,,,βθ§,βθSβθ’¬,μϋ
3,,0284305,,,,βθ§,βθSβθ’¬,‹v•Ϋ
3,,0284424,,,,βθ§,βθSβθ’¬,•Ξ
3,,0284426,,,,βθ§,βθSβθ’¬,•“ΰ
3,,0284304,,,,βθ§,βθSβθ’¬,q•ψ
3,,0284302,,,,βθ§,βθSβθ’¬,‘ε–V
3,,0284423,,,,βθ§,βθSβθ’¬,“yμ
3,,0284301,,,,βθ§,βθSβθ’¬,ΐ‹{“ΰ
3,,0284425,,,,βθ§,βθSβθ’¬,—t–Ψ“c
3,,0284422,,,,βθ§,βθSβθ’¬,–V
3,,0284306,,,,βθ§,βθSβθ’¬,δ“°
3,,0283300,,,,βθ§,‡”gS‡”g’¬,Θ‰Ί‚ΙfΪ‚‚Θ‚Άκ‡
3,,0283533,,,,βθ§,‡”gS‡”g’¬,Τ‘ς
3,,0283451,,,,βθ§,‡”gS‡”g’¬,ξ“΅
3,,0283311,,,,βθ§,‡”gS‡”g’¬,ΆΊ
3,,0283312,,,,βθ§,‡”gS‡”g’¬,Ά–iX
3,,0283321,,,,βθ§,‡”gS‡”g’¬,]•Ώ
3,,0283314,,,,βθ§,‡”gS‡”g’¬,‘ε
3,,0283452,,,,βθ§,‡”gS‡”g’¬,•Πρ
3,,0283441,,,,βθ§,‡”gS‡”g’¬,γ•½‘ς
3,,0283443,,,,βθ§,‡”gS‡”g’¬,γΌ–{
3,,0283323,,,,βθ§,‡”gS‡”g’¬,–k‘ς
3,,0283536,,,,βθ§,‡”gS‡”g’¬,–k“c
3,,0283309,,,,βθ§,‡”gS‡”g’¬,–k“ϊ‹l
3,,0283325,,,,βθ§,‡”gS‡”g’¬,‘ 
3,,0283303,,,,βθ§,‡”gS‡”g’¬,‚…›
3,,0283444,,,,βθ§,‡”gS‡”g’¬,¬‰®•~
3,,0283307,,,,βθ§,‡”gS‡”g’¬,χ’¬
3,,0283316,,,,βθ§,‡”gS‡”g’¬,²”δ“ΰ
3,,0283446,,,,βθ§,‡”gS‡”g’¬,‰ΊΌ–{
3,,0283318,,,,βθ§,‡”gS‡”g’¬,‡”g’†‰›‰w‘O
3,,0283302,,,,βθ§,‡”gS‡”g’¬,wƒP‰
3,,0283453,,,,βθ§,‡”gS‡”g’¬,“yΪ
3,,0283535,,,,βθ§,‡”gS‡”g’¬,‰“R
3,,0283322,,,,βθ§,‡”gS‡”g’¬,“Θ“ΰ
3,,0283301,,,,βθ§,‡”gS‡”g’¬,’†“‡
3,,0283326,,,,βθ§,‡”gS‡”g’¬,Ό’·‰
3,,0283324,,,,βθ§,‡”gS‡”g’¬,“’·‰
3,,0283315,,,,βθ§,‡”gS‡”g’¬,•F•”
3,,0283305,,,,βθ§,‡”gS‡”g’¬,“ϊ‹l
3,,0283310,,,,βθ§,‡”gS‡”g’¬,“ϊ‹l‰w‘O
3,,0283306,,,,βθ§,‡”gS‡”g’¬,“ϊ‹lΌ
3,,0283308,,,,βθ§,‡”gS‡”g’¬,•½‘ς
3,,0283304,,,,βθ§,‡”gS‡”g’¬,“ρ“ϊ’¬
3,,0283532,,,,βθ§,‡”gS‡”g’¬,‘D‹v•Ϋ
3,,0283313,,,,βθ§,‡”gS‡”g’¬,―R
3,,0283442,,,,βθ§,‡”gS‡”g’¬,΅‘ς
3,,0283445,,,,βθ§,‡”gS‡”g’¬,“μ“`–@›
3,,0283317,,,,βθ§,‡”gS‡”g’¬,“μ“ϊ‹l
3,,0283447,,,,βθ§,‡”gS‡”g’¬,‹{θ
3,,0283534,,,,βθ§,‡”gS‡”g’¬,‡–μ
3,,0283531,,,,βθ§,‡”gS‡”g’¬,R‰®
3,,0283448,,,,βθ§,‡”gS‡”g’¬,‹g…
3,,0283600,,,,βθ§,‡”gS–ξ‹Π’¬,Θ‰Ί‚ΙfΪ‚‚Θ‚Άκ‡
3,,0283605,,,,βθ§,‡”gS–ξ‹Π’¬,Τ–μX
3,,0283611,,,,βθ§,‡”gS–ξ‹Π’¬,Τ—Ρ
3,,0283626,,,,βθ§,‡”gS–ξ‹Π’¬,β΄…
3,,0283617,,,,βθ§,‡”gS–ξ‹Π’¬,‘Ύ“c
3,,0283622,,,,βθ§,‡”gS–ξ‹Π’¬,γ–ξ
3,,0283608,,,,βθ§,‡”gS–ξ‹Π’¬,–kSR
3,,0283624,,,,βθ§,‡”gS–ξ‹Π’¬,–k“`–@›
3,,0283613,,,,βθ§,‡”gS–ξ‹Π’¬,–k–ξ•
3,,0283623,,,,βθ§,‡”gS–ξ‹Π’¬,‰R
3,,0283607,,,,βθ§,‡”gS–ξ‹Π’¬,‚…›
3,,0283612,,,,βθ§,‡”gS–ξ‹Π’¬,‰Ί–ξ
3,,0283616,,,,βθ§,‡”gS–ξ‹Π’¬,”’‘ς
3,,0283601,,,,βθ§,‡”gS–ξ‹Π’¬,‚“c
3,,0283606,,,,βθ§,‡”gS–ξ‹Π’¬,“y‹΄
3,,0283603,,,,βθ§,‡”gS–ξ‹Π’¬,Ό“Ώ“c
3,,0283604,,,,βθ§,‡”gS–ξ‹Π’¬,““Ώ“c
3,,0283621,,,,βθ§,‡”gS–ξ‹Π’¬,L‹{‘ς
3,,0283602,,,,βθ§,‡”gS–ξ‹Π’¬,“΅‘ς
3,,0283614,,,,βθ§,‡”gS–ξ‹Π’¬,–”•ΊƒGV“c
3,,0283615,,,,βθ§,‡”gS–ξ‹Π’¬,“μ–ξ•
3,,0283625,,,,βθ§,‡”gS–ξ‹Π’¬,Ί‰
3,,0200891,,,,βθ§,‡”gS–ξ‹Π’¬,—¬’ΚƒZƒ“ƒ^[“μ
3,,0283627,,,,βθ§,‡”gS–ξ‹Π’¬,a–΅
3,,0295500,,,,βθ§,a‰κSΌa‰κ’¬,Θ‰Ί‚ΙfΪ‚‚Θ‚Άκ‡
3,,0295503,,,,βθ§,a‰κSΌa‰κ’¬,–Ύ‚Q‚Q’n„A–Ύ‚Q‚R’n„
3,,0295511,,,,βθ§,a‰κSΌa‰κ’¬,γ–μX‚R‚X’n„
3,,0295523,,,,βθ§,a‰κSΌa‰κ’¬,‰z’†”¨‚U‚S’n„`‰z’†”¨‚U‚U’n„
3,,0295507,,,,βθ§,a‰κSΌa‰κ’¬,‘εB‚R‚U’n„
3,,0295521,,,,βθ§,a‰κSΌa‰κ’¬,‘ε“n‚T‚V’n„
3,,0295513,,,,βθ§,a‰κSΌa‰κ’¬,bq‚T‚P’n„
3,,0295523,,,,βθ§,a‰κSΌa‰κ’¬,jq‘ς‚V‚T’n„Ajq‘ς‚V‚U’n„
3,,0295502,,,,βθ§,a‰κSΌa‰κ’¬,’‘ς‚P‚U’n„A’‘ς‚P‚V’n„
3,,0295512,,,,βθ§,a‰κSΌa‰κ’¬,μK‚S‚O’n„AμK‚S‚P’n„
3,,0295513,,,,βθ§,a‰κSΌa‰κ’¬,‘δ‘ς‚S‚V’n„
3,,0295521,,,,βθ§,a‰κSΌa‰κ’¬,¬q‘ς‚T‚S’n„`¬q‘ς‚T‚U’n„
3,,0295501,,,,βθ§,a‰κSΌa‰κ’¬,¶‘‚P’n„`¶‘‚U’n„
3,,0295616,,,,βθ§,a‰κSΌa‰κ’¬,‘ς“ΰς‘ς
3,,0295614,,,,βθ§,a‰κSΌa‰κ’¬,‘ς“ΰ‘Ύ“c
3,,0295612,,,,βθ§,a‰κSΌa‰κ’¬,‘ς“ΰ‘ε–μ
3,,0295703,,,,βθ§,a‰κSΌa‰κ’¬,‘ς“ΰL‘ς
3,,0295701,,,,βθ§,a‰κSΌa‰κ’¬,‘ς“ΰμM
3,,0295621,,,,βθ§,a‰κSΌa‰κ’¬,‘ς“ΰ®”Ρ
3,,0295615,,,,βθ§,a‰κSΌa‰κ’¬,‘ς“ΰ‰‹΄
3,,0295611,,,,βθ§,a‰κSΌa‰κ’¬,‘ς“ΰV’¬
3,,0295617,,,,βθ§,a‰κSΌa‰κ’¬,‘ς“ΰ’·£–μ
3,,0295619,,,,βθ§,a‰κSΌa‰κ’¬,‘ς“ΰ•Ω“V
3,,0295613,,,,βθ§,a‰κSΌa‰κ’¬,‘ς“ΰ‘O‹½
3,,0295618,,,,βθ§,a‰κSΌa‰κ’¬,‘ς“ΰ—Ό‘ς
3,,0295702,,,,βθ§,a‰κSΌa‰κ’¬,‘ς“ΰα”¨
3,,0295523,,,,βθ§,a‰κSΌa‰κ’¬,‘ς’†‚V‚R’n„A‘ς’†‚V‚S’n„
3,,0295502,,,,βθ§,a‰κSΌa‰κ’¬,‰Ί‘O‚V’n„`‰Ί‘O‚P‚S’n„
3,,0295503,,,,βθ§,a‰κSΌa‰κ’¬,΄…ƒP–μ‚P‚W’n„
3,,0295501,,,,βθ§,a‰κSΌa‰κ’¬,‰Ί¶‘‚V‚V’n„`‰Ί¶‘‚W‚O’n„
3,,0295523,,,,βθ§,a‰κSΌa‰κ’¬,”’–Ψ–μ‚U‚V’n„
3,,0240341,,,,βθ§,a‰κSΌa‰κ’¬,™–Ό”¨‚S‚S’n„i“’“cƒ_ƒ€Η—––±AγϋRA“–yj
3,,0295513,,,,βθ§,a‰κSΌa‰κ’¬,™–Ό”¨‚S‚S’n„i‚»‚Μ‘Όj
3,,0295522,,,,βθ§,a‰κSΌa‰κ’¬,‘ƒ‹½‚U‚R’n„
3,,0295504,,,,βθ§,a‰κSΌa‰κ’¬,’Ξ‘ς‚Q‚T’n„`’Ξ‘ς‚Q‚W’n„
3,,0295502,,,,βθ§,a‰κSΌa‰κ’¬,“Π‘ς‚P‚T’n„
3,,0295522,,,,βθ§,a‰κSΌa‰κ’¬,’†‘Ί‚T‚W’n„A’†‘Ί‚T‚X’n„
3,,0295522,,,,βθ§,a‰κSΌa‰κ’¬,–μXh‚U‚O’n„`–μXh‚U‚Q’n„
3,,0295523,,,,βθ§,a‰κSΌa‰κ’¬,Χ“ΰ‚U‚W’n„AΧ“ΰ‚U‚X’n„
3,,0295513,,,,βθ§,a‰κSΌa‰κ’¬,–{“ΰ‚S‚U’n„
3,,0295503,,,,βθ§,a‰κSΌa‰κ’¬,Τ–Ψ–μ‚Q‚S’n„
3,,0295513,,,,βθ§,a‰κSΌa‰κ’¬,¨ζ‚S‚X’n„
3,,0295513,,,,βθ§,a‰κSΌa‰κ’¬,–{‰®•~‚S‚W’n„
3,,0295523,,,,βθ§,a‰κSΌa‰κ’¬,–φ‘ς‚V‚O’n„A–φ‘ς‚V‚P’n„
3,,0295514,,,,βθ§,a‰κSΌa‰κ’¬,“’μ‚T‚Q’n„A“’μ‚T‚R’n„
3,,0295503,,,,βθ§,a‰κSΌa‰κ’¬,“’“c‚P‚X’n„`“’“c‚Q‚P’n„
3,,0295506,,,,βθ§,a‰κSΌa‰κ’¬,“’”V‘ς‚R‚P’n„`“’”V‘ς‚R‚T’n„
3,,0295505,,,,βθ§,a‰κSΌa‰κ’¬,“’–{‚Q‚X’n„A“’–{‚R‚O’n„
3,,0295523,,,,βθ§,a‰κSΌa‰κ’¬,°ƒP‘ς‚V‚Q’n„
3,,0295513,,,,βθ§,a‰κSΌa‰κ’¬,h”V‘ƒ‚T‚O’n„
3,,0294500,,,,βθ§,’_‘ςS‹ΰƒPθ’¬,Θ‰Ί‚ΙfΪ‚‚Θ‚Άκ‡
3,,0294505,,,,βθ§,’_‘ςS‹ΰƒPθ’¬,‰i‰h
3,,0294504,,,,βθ§,’_‘ςS‹ΰƒPθ’¬,‰i‘ς
3,,0294503,,,,βθ§,’_‘ςS‹ΰƒPθ’¬,Ό
3,,0294502,,,,βθ§,’_‘ςS‹ΰƒPθ’¬,OƒPK
3,,0294501,,,,βθ§,’_‘ςS‹ΰƒPθ’¬,Z΄
3,,0294100,,,,βθ§,Ό”ΦδS•½ς’¬,Θ‰Ί‚ΙfΪ‚‚Θ‚Άκ‡
3,,0294101,,,,βθ§,Ό”ΦδS•½ς’¬,’·“‡
3,,0294102,,,,βθ§,Ό”ΦδS•½ς’¬,•½ς
3,,0292300,,,,βθ§,‹CεSZ“c’¬,Θ‰Ί‚ΙfΪ‚‚Θ‚Άκ‡
3,,0292501,,,,βθ§,‹CεSZ“c’¬,γ—LZ
3,,0292502,,,,βθ§,‹CεSZ“c’¬,‰Ί—LZ
3,,0292311,,,,βθ§,‹CεSZ“c’¬,Ά“c•Δ
3,,0281100,,,,βθ§,γ•ΒΙS‘ε’Ζ’¬,Θ‰Ί‚ΙfΪ‚‚Θ‚Άκ‡
3,,0281102,,,,βθ§,γ•ΒΙS‘ε’Ζ’¬,Τ•l
3,,0281105,,,,βθ§,γ•ΒΙS‘ε’Ζ’¬,ΐ“n
3,,0281131,,,,βθ§,γ•ΒΙS‘ε’Ζ’¬,‘ε’Ζ
3,,0281112,,,,βθ§,γ•ΒΙS‘ε’Ζ’¬,‘ε’¬
3,,0281132,,,,βθ§,γ•ΒΙS‘ε’Ζ’¬,‘εƒPϋ
3,,0281133,,,,βθ§,γ•ΒΙS‘ε’Ζ’¬,‹ΰ‘ς
3,,0281115,,,,βθ§,γ•ΒΙS‘ε’Ζ’¬,γ’¬
3,,0281101,,,,βθ§,γ•ΒΙS‘ε’Ζ’¬,‹g—Ά‹g—Ά
3,,0281121,,,,βθ§,γ•ΒΙS‘ε’Ζ’¬,¬’Θ
3,,0281114,,,,βθ§,γ•ΒΙS‘ε’Ζ’¬,‰h’¬
3,,0281122,,,,βθ§,γ•ΒΙS‘ε’Ζ’¬,χ–Ψ’¬
3,,0281111,,,,βθ§,γ•ΒΙS‘ε’Ζ’¬,V’¬
3,,0281104,,,,βθ§,γ•ΒΙS‘ε’Ζ’¬,V`’¬
3,,0281117,,,,βθ§,γ•ΒΙS‘ε’Ζ’¬,––L’¬
3,,0281113,,,,βθ§,γ•ΒΙS‘ε’Ζ’¬,{‰κ’¬
3,,0281116,,,,βθ§,γ•ΒΙS‘ε’Ζ’¬,–{’¬
3,,0281103,,,,βθ§,γ•ΒΙS‘ε’Ζ’¬,`’¬
3,,0281300,,,,βθ§,‰Ί•ΒΙSR“c’¬,Θ‰Ί‚ΙfΪ‚‚Θ‚Άκ‡
3,,0281303,,,,βθ§,‰Ί•ΒΙSR“c’¬,rμ
3,,0281352,,,,βθ§,‰Ί•ΒΙSR“c’¬,”Ρ‰
3,,0281301,,,,βθ§,‰Ί•ΒΙSR“c’¬,Ξ“»
3,,0281311,,,,βθ§,‰Ί•ΒΙSR“c’¬,‘ε‘ς
3,,0281361,,,,βθ§,‰Ί•ΒΙSR“c’¬,D}
3,,0281342,,,,βθ§,‰Ί•ΒΙSR“c’¬,μό’¬
3,,0281331,,,,βθ§,‰Ί•ΒΙSR“c’¬,–k•l’¬
3,,0281333,,,,βθ§,‰Ί•ΒΙSR“c’¬,γy’¬
3,,0281343,,,,βθ§,‰Ί•ΒΙSR“c’¬,‹«“c’¬
3,,0281332,,,,βθ§,‰Ί•ΒΙSR“c’¬,’†‰›’¬
3,,0281302,,,,βθ§,‰Ί•ΒΙSR“c’¬,–LΤ
3,,0281351,,,,βθ§,‰Ί•ΒΙSR“c’¬,’·θ
3,,0281341,,,,βθ§,‰Ί•ΒΙSR“c’¬,””¦’¬
3,,0281371,,,,βθ§,‰Ί•ΒΙSR“c’¬,‘D‰z
3,,0281321,,,,βθ§,‰Ί•ΒΙSR“c’¬,R“c
3,,0270500,,,,βθ§,‰Ί•ΒΙSβς’¬,Θ‰Ί‚ΙfΪ‚‚Θ‚Άκ‡
3,,0282231,,,,βθ§,‰Ί•ΒΙSβς’¬,σ“ΰ
3,,0270611,,,,βθ§,‰Ί•ΒΙSβς’¬,ΐ‰Ζ
3,,0285642,,,,βθ§,‰Ί•ΒΙSβς’¬,‘ς
3,,0270508,,,,βθ§,‰Ί•ΒΙSβς’¬,“ςz
3,,0270501,,,,βθ§,‰Ί•ΒΙSβς’¬,βς
3,,0282232,,,,βθ§,‰Ί•ΒΙSβς’¬,‘εμ
3,,0270502,,,,βθ§,‰Ί•ΒΙSβς’¬,‰³–Ξ
3,,0270421,,,,βθ§,‰Ί•ΒΙSβς’¬,¬–{
3,,0285641,,,,βθ§,‰Ί•ΒΙSβς’¬,–ε
3,,0285633,,,,βθ§,‰Ί•ΒΙSβς’¬,’Γ“ciγIhAIhA »j
3,,0282233,,,,βθ§,‰Ί•ΒΙSβς’¬,’Γ“ci‚»‚Μ‘Όj
3,,0270505,,,,βθ§,‰Ί•ΒΙSβς’¬,γ—L|
3,,0270503,,,,βθ§,‰Ί•ΒΙSβς’¬,‰‘ς
3,,0270504,,,,βθ§,‰Ί•ΒΙSβς’¬,‰Ί—L|
3,,0270506,,,,βθ§,‰Ί•ΒΙSβς’¬,‘l“ό
3,,0270423,,,,βθ§,‰Ί•ΒΙSβς’¬,’†—Ά
3,,0270422,,,,βθ§,‰Ί•ΒΙSβς’¬,’†“‡
3,,0270507,,,,βθ§,‰Ί•ΒΙSβς’¬,“ρ΅Ξ
3,,0270424,,,,βθ§,‰Ί•ΒΙSβς’¬,εά–μ
3,,0285643,,,,βθ§,‰Ί•ΒΙSβς’¬,εά–Θ
3,,0288400,,,,βθ§,‰Ί•ΒΙS“c–μ”¨‘Ί,Θ‰Ί‚ΙfΪ‚‚Θ‚Άκ‡
3,,0288402,,,,βθ§,‰Ί•ΒΙS“c–μ”¨‘Ί,–ΎΛ
3,,0288401,,,,βθ§,‰Ί•ΒΙS“c–μ”¨‘Ί,κ‚Μ“n
3,,0288401,,,,βθ§,‰Ί•ΒΙS“c–μ”¨‘Ί,‰ΪΞX
3,,0288405,,,,βθ§,‰Ί•ΒΙS“c–μ”¨‘Ί,‘ε°
3,,0288401,,,,βθ§,‰Ί•ΒΙS“c–μ”¨‘Ί,‘εX
3,,0288401,,,,βθ§,‰Ί•ΒΙS“c–μ”¨‘Ί,”φΜ—v
3,,0288401,,,,βθ§,‰Ί•ΒΙS“c–μ”¨‘Ί,‰’n
3,,0288401,,,,βθ§,‰Ί•ΒΙS“c–μ”¨‘Ί,‰’nό
3,,0288401,,,,βθ§,‰Ί•ΒΙS“c–μ”¨‘Ί, ‘ς
3,,0288407,,,,βθ§,‰Ί•ΒΙS“c–μ”¨‘Ί,μ•½
3,,0288402,,,,βθ§,‰Ί•ΒΙS“c–μ”¨‘Ί,–kR
3,,0288405,,,,βθ§,‰Ί•ΒΙS“c–μ”¨‘Ί,Ψ‹
3,,0288406,,,,βθ§,‰Ί•ΒΙS“c–μ”¨‘Ί,‰R
3,,0288404,,,,βθ§,‰Ί•ΒΙS“c–μ”¨‘Ί,“‡‰z
3,,0288407,,,,βθ§,‰Ί•ΒΙS“c–μ”¨‘Ί,›E
3,,0288401,,,,βθ§,‰Ί•ΒΙS“c–μ”¨‘Ί,‘ƒ‡
3,,0288401,,,,βθ§,‰Ί•ΒΙS“c–μ”¨‘Ί,ηδ
3,,0288401,,,,βθ§,‰Ί•ΒΙS“c–μ”¨‘Ί,η‘«
3,,0288401,,,,βθ§,‰Ί•ΒΙS“c–μ”¨‘Ί,‘κƒm‘ς
3,,0288401,,,,βθ§,‰Ί•ΒΙS“c–μ”¨‘Ί,“c‘γ
3,,0288407,,,,βθ§,‰Ί•ΒΙS“c–μ”¨‘Ί,“c–μ”¨
3,,0288402,,,,βθ§,‰Ί•ΒΙS“c–μ”¨‘Ί,χ
3,,0288406,,,,βθ§,‰Ί•ΒΙS“c–μ”¨‘Ί,”NC•”
3,,0288401,,,,βθ§,‰Ί•ΒΙS“c–μ”¨‘Ί,’·
3,,0288406,,,,βθ§,‰Ί•ΒΙS“c–μ”¨‘Ί,µ‘κ
3,,0288401,,,,βθ§,‰Ί•ΒΙS“c–μ”¨‘Ί,ΐ‘ά
3,,0288401,,,,βθ§,‰Ί•ΒΙS“c–μ”¨‘Ί,q–Ψ’n
3,,0288401,,,,βθ§,‰Ί•ΒΙS“c–μ”¨‘Ί,q–Ψ‰®•~
3,,0288401,,,,βθ§,‰Ί•ΒΙS“c–μ”¨‘Ί,”‹‹
3,,0288405,,,,βθ§,‰Ί•ΒΙS“c–μ”¨‘Ί,•lβς
3,,0288401,,,,βθ§,‰Ί•ΒΙS“c–μ”¨‘Ί,“ϊό
3,,0288401,,,,βθ§,‰Ί•ΒΙS“c–μ”¨‘Ί,•PΌ
3,,0288405,,,,βθ§,‰Ί•ΒΙS“c–μ”¨‘Ί,^–Ψ‘ς
3,,0288404,,,,βθ§,‰Ί•ΒΙS“c–μ”¨‘Ί,Ό‘O‘ς
3,,0288401,,,,βθ§,‰Ί•ΒΙS“c–μ”¨‘Ί,O‘ς
3,,0288405,,,,βθ§,‰Ί•ΒΙS“c–μ”¨‘Ί,“μ‘ε°
3,,0288406,,,,βθ§,‰Ί•ΒΙS“c–μ”¨‘Ί,Ίκ
3,,0288406,,,,βθ§,‰Ί•ΒΙS“c–μ”¨‘Ί,–Ϊ–Ό
3,,0288403,,,,βθ§,‰Ί•ΒΙS“c–μ”¨‘Ί,—…‰κ
3,,0288407,,,,βθ§,‰Ί•ΒΙS“c–μ”¨‘Ί,a–μ
3,,0288300,,,,βθ§,‰Ί•ΒΙS•‘γ‘Ί,Θ‰Ί‚ΙfΪ‚‚Θ‚Άκ‡
3,,0288366,,,,βθ§,‰Ί•ΒΙS•‘γ‘Ί,°¶
3,,0288365,,,,βθ§,‰Ί•ΒΙS•‘γ‘Ί,°“n
3,,0288343,,,,βθ§,‰Ί•ΒΙS•‘γ‘Ί,γ‚ΜR
3,,0288362,,,,βθ§,‰Ί•ΒΙS•‘γ‘Ί,‰Kq“Ρ
3,,0288331,,,,βθ§,‰Ί•ΒΙS•‘γ‘Ί,‰F—―•”
3,,0288345,,,,βθ§,‰Ί•ΒΙS•‘γ‘Ί,‘Ύ“c–Ό•”
3,,0288368,,,,βθ§,‰Ί•ΒΙS•‘γ‘Ί,”–Ψ•½
3,,0288352,,,,βθ§,‰Ί•ΒΙS•‘γ‘Ί,γ‘Ί
3,,0288361,,,,βθ§,‰Ί•ΒΙS•‘γ‘Ί,–kƒm
3,,0288353,,,,βθ§,‰Ί•ΒΙS•‘γ‘Ί,•θ
3,,0288312,,,,βθ§,‰Ί•ΒΙS•‘γ‘Ί,¬’J’n
3,,0288303,,,,βθ§,‰Ί•ΒΙS•‘γ‘Ί,‘ςό
3,,0288351,,,,βθ§,‰Ί•ΒΙS•‘γ‘Ί,‰Ί‘Ί
3,,0288311,,,,βθ§,‰Ί•ΒΙS•‘γ‘Ί,”’δ
3,,0288313,,,,βθ§,‰Ί•ΒΙS•‘γ‘Ί,“yζκ
3,,0288336,,,,βθ§,‰Ί•ΒΙS•‘γ‘Ί,’η
3,,0288322,,,,βθ§,‰Ί•ΒΙS•‘γ‘Ί,“V”qβ
3,,0288332,,,,βθ§,‰Ί•ΒΙS•‘γ‘Ί,“Ί‰®
3,,0288323,,,,βθ§,‰Ί•ΒΙS•‘γ‘Ί,’Ή‹
3,,0288334,,,,βθ§,‰Ί•ΒΙS•‘γ‘Ί,’†‘Ί
3,,0288344,,,,βθ§,‰Ί•ΒΙS•‘γ‘Ί,’†R
3,,0288321,,,,βθ§,‰Ί•ΒΙS•‘γ‘Ί,–μΣ“
3,,0288367,,,,βθ§,‰Ί•ΒΙS•‘γ‘Ί,”‹‹
3,,0288301,,,,βθ§,‰Ί•ΒΙS•‘γ‘Ί,”nκ–μ
3,,0288335,,,,βθ§,‰Ί•ΒΙS•‘γ‘Ί,•‘γ
3,,0288302,,,,βθ§,‰Ί•ΒΙS•‘γ‘Ί,–x“ΰ
3,,0288364,,,,βθ§,‰Ί•ΒΙS•‘γ‘Ί,“μ
3,,0288341,,,,βθ§,‰Ί•ΒΙS•‘γ‘Ί,–Ύ_
3,,0288363,,,,βθ§,‰Ί•ΒΙS•‘γ‘Ί,–Ξs
3,,0288333,,,,βθ§,‰Ί•ΒΙS•‘γ‘Ί,—…‰κ
3,,0288342,,,,βθ§,‰Ί•ΒΙS•‘γ‘Ί,a–μR
3,,0286300,,,,βθ§,‹γΛSy•Δ’¬,Θ‰Ί‚ΙfΪ‚‚Θ‚Άκ‡
3,,0286223,,,,βθ§,‹γΛSy•Δ’¬,ΰ½’Λ
3,,0286301,,,,βθ§,‹γΛSy•Δ’¬,γΪ
3,,0286302,,,,βθ§,‹γΛSy•Δ’¬,y•Δ
3,,0286303,,,,βθ§,‹γΛSy•Δ’¬,‚‰Ζ
3,,0286411,,,,βθ§,‹γΛSy•Δ’¬,¬y•Δ
3,,0286222,,,,βθ§,‹γΛSy•Δ’¬,R“ΰ
3,,0286304,,,,βθ§,‹γΛSy•Δ’¬,’·‘q
3,,0286221,,,,βθ§,‹γΛSy•Δ’¬,°R
3,,0286412,,,,βθ§,‹γΛSy•Δ’¬,Φϋ
3,,0286413,,,,βθ§,‹γΛSy•Δ’¬,‰~q
3,,0288200,,,,βθ§,‹γΛS–μ“c‘Ί,Θ‰Ί‚ΙfΪ‚‚Θ‚Άκ‡
3,,0288202,,,,βθ§,‹γΛS–μ“c‘Ί,‹Κμ
3,,0288201,,,,βθ§,‹γΛS–μ“c‘Ί,–μ“c
3,,0286500,,,,βθ§,‹γΛS‹γΛ‘Ί,Θ‰Ί‚ΙfΪ‚‚Θ‚Άκ‡
3,,0286501,,,,βθ§,‹γΛS‹γΛ‘Ί,r’J
3,,0286502,,,,βθ§,‹γΛS‹γΛ‘Ί,Ι•Ϋ“ΰ
3,,0286505,,,,βθ§,‹γΛS‹γΛ‘Ί,]h‰Ζ
3,,0286503,,,,βθ§,‹γΛS‹γΛ‘Ί,¬‘q
3,,0286611,,,,βθ§,‹γΛS‹γΛ‘Ί,R
3,,0286504,,,,βθ§,‹γΛS‹γΛ‘Ί,’·‹»›
3,,0286612,,,,βθ§,‹γΛS‹γΛ‘Ί,Λ“c
3,,0286506,,,,βθ§,‹γΛS‹γΛ‘Ί,R‰®
3,,0286507,,,,βθ§,‹γΛS‹γΛ‘Ί,α‰®
3,,0287900,,,,βθ§,‹γΛS—m–μ’¬,Θ‰Ί‚ΙfΪ‚‚Θ‚Άκ‡
3,,0288803,,,,βθ§,‹γΛS—m–μ’¬,Άq–Ψ
3,,0287905,,,,βθ§,‹γΛS—m–μ’¬,—L‰Ζ
3,,0288802,,,,βθ§,‹γΛS—m–μ’¬,‘ε–μ
3,,0287904,,,,βθ§,‹γΛS—m–μ’¬,¬q“ΰ
3,,0288801,,,,βθ§,‹γΛS—m–μ’¬,γΩ
3,,0288804,,,,βθ§,‹γΛS—m–μ’¬,‘Ρ“‡
3,,0287915,,,,βθ§,‹γΛS—m–μ’¬,νs‘ζ‚P‚T’n„`‘ζ‚Q‚P’n„i­fA¬H‡A—Ξ’¬A‘ε‹v•ΫA‚ζj
3,,0287903,,,,βθ§,‹γΛS—m–μ’¬,νs‘ζ‚P’n„`‘ζ‚R’n„i”–Ψ“μ’¬A”–Ψ–k’¬j
3,,0287914,,,,βθ§,‹γΛS—m–μ’¬,νs‘ζ‚Q‚Q’n„`‘ζ‚Q‚R’n„iκ‹ζA“ρ‹ζAO‹ζAl‹ζA‘ε’¬A¬‹΄AZ‹g’¬j
3,,0287913,,,,βθ§,‹γΛS—m–μ’¬,νs‘ζ‚Q‚S’n„`‘ζ‚Q‚T’n„i—ΞƒP‹u’¬A‰΅θj
3,,0287912,,,,βθ§,‹γΛS—m–μ’¬,νs‘ζ‚Q‚U’n„`‘ζ‚R‚W’n„iμKA•½“ΰj
3,,0287911,,,,βθ§,‹γΛS—m–μ’¬,νs‘ζ‚R‚X’n„`‘ζ‚S‚T’n„ip•lA“`‹gj
3,,0287918,,,,βθ§,‹γΛS—m–μ’¬,νs‘ζ‚S‚U’n„`‘ζ‚S‚X’n„i”‘ςj
3,,0287902,,,,βθ§,‹γΛS—m–μ’¬,νs‘ζ‚S’n„`‘ζ‚V’n„ihΛj
3,,0287917,,,,βθ§,‹γΛS—m–μ’¬,νs‘ζ‚T‚O’n„`‘ζ‚V‚O’n„i‘ε‘ςAι“ΰA‘κ‘ςj
3,,0287916,,,,βθ§,‹γΛS—m–μ’¬,νs‘ζ‚V‚P’n„`‘ζ‚V‚S’n„i‘ε’JAaΐj
3,,0287901,,,,βθ§,‹γΛS—m–μ’¬,νs‘ζ‚W’n„`‘ζ‚P‚S’n„i‹ΚμAΛ—ή‰Ζj
3,,0287906,,,,βθ§,‹γΛS—m–μ’¬,’†–μ
3,,0288805,,,,βθ§,‹γΛS—m–μ’¬,…‘ς
3,,0285300,,,,βθ§,“ρΛSκΛ’¬,Θ‰Ί‚ΙfΪ‚‚Θ‚Άκ‡
3,,0285222,,,,βθ§,“ρΛSκΛ’¬,o‘Ρ
3,,0285304,,,,βθ§,“ρΛSκΛ’¬,oƒ‹’¬
3,,0285312,,,,βθ§,“ρΛSκΛ’¬,κΛ
3,,0285316,,,,βθ§,“ρΛSκΛ’¬,βΪ
3,,0285131,,,,βθ§,“ρΛSκΛ’¬,‰F•Κ
3,,0285134,,,,βθ§,“ρΛSκΛ’¬,‰’†R
3,,0285303,,,,βθ§,“ρΛSκΛ’¬,¬—F
3,,0285223,,,,βθ§,“ρΛSκΛ’¬,–Κέ
3,,0285311,,,,βθ§,“ρΛSκΛ’¬,‚‘P›
3,,0285221,,,,βθ§,“ρΛSκΛ’¬,¬’Ή’J
3,,0285132,,,,βθ§,“ρΛSκΛ’¬,¬q
3,,0285301,,,,βθ§,“ρΛSκΛ’¬,Ό–@›
3,,0285305,,,,βθ§,“ρΛSκΛ’¬,Ϊ
3,,0285313,,,,βθ§,“ρΛSκΛ’¬,’Ή‰z
3,,0285306,,,,βθ§,“ρΛSκΛ’¬,’†—Ά
3,,0285233,,,,βθ§,“ρΛSκΛ’¬,’†RiV“c‚P‚V|‚QA‚R‚V”Τ’nA“‰Ξs‚P”Τ’nj
3,,0285133,,,,βθ§,“ρΛSκΛ’¬,’†Ri‚»‚Μ‘Όj
3,,0285314,,,,βθ§,“ρΛSκΛ’¬,“θR
3,,0285315,,,,βθ§,“ρΛSκΛ’¬,”½
3,,0285224,,,,βθ§,“ρΛSκΛ’¬,•½f
3,,0285302,,,,βθ§,“ρΛSκΛ’¬,—­
