5,,0100000,,,,秋田県,秋田市,以下に掲載がない場合
5,,0100831,,,,秋田県,秋田市,旭川清澄町
5,,0100833,,,,秋田県,秋田市,旭川新藤田東町
5,,0100832,,,,秋田県,秋田市,旭川新藤田西町
5,,0100834,,,,秋田県,秋田市,旭川南町
5,,0101613,,,,秋田県,秋田市,新屋朝日町
5,,0101632,,,,秋田県,秋田市,新屋大川町
5,,0101637,,,,秋田県,秋田市,新屋扇町
5,,0101634,,,,秋田県,秋田市,新屋沖田町
5,,0101638,,,,秋田県,秋田市,新屋表町
5,,0101603,,,,秋田県,秋田市,新屋勝平台
5,,0101605,,,,秋田県,秋田市,新屋勝平町
5,,0101608,,,,秋田県,秋田市,新屋北浜町
5,,0101621,,,,秋田県,秋田市,新屋栗田町
5,,0101606,,,,秋田県,秋田市,新屋寿町
5,,0101602,,,,秋田県,秋田市,新屋下川原町
5,,0101642,,,,秋田県,秋田市,新屋渋谷町
5,,0101641,,,,秋田県,秋田市,新屋高美町
5,,0101644,,,,秋田県,秋田市,新屋田尻沢中町
5,,0101643,,,,秋田県,秋田市,新屋田尻沢東町
5,,0101645,,,,秋田県,秋田市,新屋田尻沢西町
5,,0101611,,,,秋田県,秋田市,新屋天秤野
5,,0101633,,,,秋田県,秋田市,新屋鳥木町
5,,0101636,,,,秋田県,秋田市,新屋比内町
5,,0101622,,,,秋田県,秋田市,新屋日吉町
5,,0101615,,,,秋田県,秋田市,新屋船場町
5,,0101635,,,,秋田県,秋田市,新屋前野町
5,,0101617,,,,秋田県,秋田市,新屋松美ガ丘東町
5,,0101616,,,,秋田県,秋田市,新屋松美ガ丘南町
5,,0101618,,,,秋田県,秋田市,新屋松美ガ丘北町
5,,0101604,,,,秋田県,秋田市,新屋松美町
5,,0101607,,,,秋田県,秋田市,新屋南浜町
5,,0101631,,,,秋田県,秋田市,新屋元町
5,,0101612,,,,秋田県,秋田市,新屋豊町
5,,0101614,,,,秋田県,秋田市,新屋割山町
5,,0101623,,,,秋田県,秋田市,新屋町
5,,0110911,,,,秋田県,秋田市,飯島
5,,0110949,,,,秋田県,秋田市,飯島飯田
5,,0110912,,,,秋田県,秋田市,飯島川端
5,,0110916,,,,秋田県,秋田市,飯島穀丁
5,,0110947,,,,秋田県,秋田市,飯島新町
5,,0110928,,,,秋田県,秋田市,飯島長野上町
5,,0110925,,,,秋田県,秋田市,飯島長野中町
5,,0110924,,,,秋田県,秋田市,飯島長野本町
5,,0110948,,,,秋田県,秋田市,飯島西袋
5,,0110913,,,,秋田県,秋田市,飯島鼠田
5,,0110923,,,,秋田県,秋田市,飯島文京町
5,,0110922,,,,秋田県,秋田市,飯島松根東町
5,,0110921,,,,秋田県,秋田市,飯島松根西町
5,,0110914,,,,秋田県,秋田市,飯島美砂町
5,,0110917,,,,秋田県,秋田市,飯島道東
5,,0110915,,,,秋田県,秋田市,飯島緑丘町
5,,0100816,,,,秋田県,秋田市,泉
5,,0100813,,,,秋田県,秋田市,泉一ノ坪
5,,0100811,,,,秋田県,秋田市,泉釜ノ町
5,,0100916,,,,秋田県,秋田市,泉北
5,,0100817,,,,秋田県,秋田市,泉菅野（丁目）
5,,0100917,,,,秋田県,秋田市,泉中央
5,,0100815,,,,秋田県,秋田市,泉馬場
5,,0100814,,,,秋田県,秋田市,泉東町
5,,0100812,,,,秋田県,秋田市,泉三嶽根
5,,0100918,,,,秋田県,秋田市,泉南
5,,0100064,,,,秋田県,秋田市,牛島
5,,0100062,,,,秋田県,秋田市,牛島東
5,,0100063,,,,秋田県,秋田市,牛島西
5,,0100066,,,,秋田県,秋田市,牛島南
5,,0101436,,,,秋田県,秋田市,大住
5,,0100921,,,,秋田県,秋田市,大町
5,,0101428,,,,秋田県,秋田市,大平台
5,,0101424,,,,秋田県,秋田市,御野場
5,,0101425,,,,秋田県,秋田市,御野場新町
5,,0100061,,,,秋田県,秋田市,卸町
5,,0100111,,,,秋田県,秋田市,金足岩瀬
5,,0100113,,,,秋田県,秋田市,金足浦山
5,,0100126,,,,秋田県,秋田市,金足追分
5,,0100115,,,,秋田県,秋田市,金足大清水
5,,0100123,,,,秋田県,秋田市,金足片田
5,,0100121,,,,秋田県,秋田市,金足黒川
5,,0100116,,,,秋田県,秋田市,金足小泉
5,,0100114,,,,秋田県,秋田市,金足下刈
5,,0100125,,,,秋田県,秋田市,金足高岡
5,,0100124,,,,秋田県,秋田市,金足鳰崎
5,,0100112,,,,秋田県,秋田市,金足堀内
5,,0100122,,,,秋田県,秋田市,金足吉田
5,,0101403,,,,秋田県,秋田市,上北手荒巻
5,,0101401,,,,秋田県,秋田市,上北手大杉沢
5,,0101408,,,,秋田県,秋田市,上北手大戸
5,,0101405,,,,秋田県,秋田市,上北手大山田
5,,0101402,,,,秋田県,秋田市,上北手小山田
5,,0101404,,,,秋田県,秋田市,上北手古野
5,,0101411,,,,秋田県,秋田市,上北手御所野
5,,0101406,,,,秋田県,秋田市,上北手猿田
5,,0101407,,,,秋田県,秋田市,上北手百崎
5,,0100137,,,,秋田県,秋田市,上新城石名坂
5,,0100132,,,,秋田県,秋田市,上新城小又
5,,0100135,,,,秋田県,秋田市,上新城五十丁
5,,0100131,,,,秋田県,秋田市,上新城白山
5,,0100136,,,,秋田県,秋田市,上新城中
5,,0100138,,,,秋田県,秋田市,上新城保多野
5,,0100134,,,,秋田県,秋田市,上新城道川
5,,0100133,,,,秋田県,秋田市,上新城湯ノ里
5,,0100947,,,,秋田県,秋田市,川尻上野町
5,,0100942,,,,秋田県,秋田市,川尻大川町
5,,0100943,,,,秋田県,秋田市,川尻御休町
5,,0100948,,,,秋田県,秋田市,川尻新川町
5,,0100946,,,,秋田県,秋田市,川尻総社町
5,,0100945,,,,秋田県,秋田市,川尻みよし町
5,,0100944,,,,秋田県,秋田市,川尻若葉町
5,,0100941,,,,秋田県,秋田市,川尻町
5,,0192623,,,,秋田県,秋田市,河辺赤平
5,,0192741,,,,秋田県,秋田市,河辺岩見
5,,0192624,,,,秋田県,秋田市,河辺大沢
5,,0192632,,,,秋田県,秋田市,河辺大張野
5,,0192625,,,,秋田県,秋田市,河辺北野田高屋
5,,0192742,,,,秋田県,秋田市,河辺三内
5,,0192631,,,,秋田県,秋田市,河辺神内
5,,0192622,,,,秋田県,秋田市,河辺高岡
5,,0192611,,,,秋田県,秋田市,河辺戸島
5,,0192614,,,,秋田県,秋田市,河辺豊成
5,,0192612,,,,秋田県,秋田市,河辺畑谷
5,,0192613,,,,秋田県,秋田市,河辺松渕
5,,0192621,,,,秋田県,秋田市,河辺諸井
5,,0192601,,,,秋田県,秋田市,河辺和田
5,,0100935,,,,秋田県,秋田市,川元小川町
5,,0100932,,,,秋田県,秋田市,川元開和町
5,,0100933,,,,秋田県,秋田市,川元松丘町
5,,0100934,,,,秋田県,秋田市,川元むつみ町
5,,0100931,,,,秋田県,秋田市,川元山下町
5,,0100925,,,,秋田県,秋田市,旭南
5,,0100922,,,,秋田県,秋田市,旭北栄町
5,,0100924,,,,秋田県,秋田市,旭北寺町
5,,0100923,,,,秋田県,秋田市,旭北錦町
5,,0110927,,,,秋田県,秋田市,港北新町
5,,0110926,,,,秋田県,秋田市,港北松野町
5,,0100966,,,,秋田県,秋田市,高陽青柳町
5,,0100967,,,,秋田県,秋田市,高陽幸町
5,,0101412,,,,秋田県,秋田市,御所野下堤
5,,0101413,,,,秋田県,秋田市,御所野地蔵田
5,,0101419,,,,秋田県,秋田市,御所野堤台
5,,0101414,,,,秋田県,秋田市,御所野元町
5,,0101415,,,,秋田県,秋田市,御所野湯本
5,,0100042,,,,秋田県,秋田市,桜
5,,0100043,,,,秋田県,秋田市,桜ガ丘
5,,0100059,,,,秋田県,秋田市,桜台
5,,0100823,,,,秋田県,秋田市,山内
5,,0100951,,,,秋田県,秋田市,山王
5,,0100952,,,,秋田県,秋田市,山王新町
5,,0100955,,,,秋田県,秋田市,山王中島町
5,,0100953,,,,秋田県,秋田市,山王中園町
5,,0100954,,,,秋田県,秋田市,山王沼田町
5,,0100956,,,,秋田県,秋田市,山王臨海町
5,,0100056,,,,秋田県,秋田市,下北手黒川
5,,0100058,,,,秋田県,秋田市,下北手桜
5,,0100053,,,,秋田県,秋田市,下北手寒川
5,,0100054,,,,秋田県,秋田市,下北手宝川
5,,0100055,,,,秋田県,秋田市,下北手通沢
5,,0100057,,,,秋田県,秋田市,下北手梨平
5,,0100051,,,,秋田県,秋田市,下北手松崎
5,,0100052,,,,秋田県,秋田市,下北手柳舘
5,,0100142,,,,秋田県,秋田市,下新城青崎
5,,0100144,,,,秋田県,秋田市,下新城岩城
5,,0100143,,,,秋田県,秋田市,下新城小友
5,,0100145,,,,秋田県,秋田市,下新城笠岡
5,,0100146,,,,秋田県,秋田市,下新城中野
5,,0100141,,,,秋田県,秋田市,下新城長岡
5,,0101501,,,,秋田県,秋田市,下浜桂根
5,,0101502,,,,秋田県,秋田市,下浜長浜
5,,0101506,,,,秋田県,秋田市,下浜楢田
5,,0101505,,,,秋田県,秋田市,下浜八田
5,,0101503,,,,秋田県,秋田市,下浜羽川
5,,0101504,,,,秋田県,秋田市,下浜名ケ沢
5,,0110932,,,,秋田県,秋田市,将軍野青山町
5,,0110934,,,,秋田県,秋田市,将軍野桂町
5,,0110933,,,,秋田県,秋田市,将軍野堰越
5,,0110935,,,,秋田県,秋田市,将軍野向山
5,,0110931,,,,秋田県,秋田市,将軍野東
5,,0110936,,,,秋田県,秋田市,将軍野南
5,,0100826,,,,秋田県,秋田市,新藤田
5,,0100872,,,,秋田県,秋田市,千秋北の丸
5,,0100874,,,,秋田県,秋田市,千秋久保田町
5,,0100876,,,,秋田県,秋田市,千秋公園
5,,0100873,,,,秋田県,秋田市,千秋城下町
5,,0100871,,,,秋田県,秋田市,千秋中島町
5,,0100875,,,,秋田県,秋田市,千秋明徳町
5,,0100877,,,,秋田県,秋田市,千秋矢留町
5,,0100822,,,,秋田県,秋田市,添川
5,,0100802,,,,秋田県,秋田市,外旭川
5,,0100804,,,,秋田県,秋田市,外旭川八幡田（丁目）
5,,0100803,,,,秋田県,秋田市,外旭川八柳
5,,0101105,,,,秋田県,秋田市,太平黒沢
5,,0101104,,,,秋田県,秋田市,太平寺庭
5,,0101103,,,,秋田県,秋田市,太平中関
5,,0101101,,,,秋田県,秋田市,太平八田
5,,0101102,,,,秋田県,秋田市,太平目長崎
5,,0101106,,,,秋田県,秋田市,太平山谷
5,,0110944,,,,秋田県,秋田市,土崎港穀保町
5,,0110951,,,,秋田県,秋田市,土崎港相染町
5,,0110946,,,,秋田県,秋田市,土崎港中央
5,,0110942,,,,秋田県,秋田市,土崎港東
5,,0110951,,,,秋田県,秋田市,土崎港古川町
5,,0110945,,,,秋田県,秋田市,土崎港西
5,,0110943,,,,秋田県,秋田市,土崎港南
5,,0110941,,,,秋田県,秋田市,土崎港北
5,,0100851,,,,秋田県,秋田市,手形
5,,0100861,,,,秋田県,秋田市,手形からみでん
5,,0100852,,,,秋田県,秋田市,手形学園町
5,,0100863,,,,秋田県,秋田市,手形休下町
5,,0100865,,,,秋田県,秋田市,手形新栄町
5,,0100864,,,,秋田県,秋田市,手形住吉町
5,,0100862,,,,秋田県,秋田市,手形田中
5,,0100854,,,,秋田県,秋田市,手形山崎町
5,,0100844,,,,秋田県,秋田市,手形山中町
5,,0100843,,,,秋田県,秋田市,手形山東町
5,,0100841,,,,秋田県,秋田市,手形山西町
5,,0100845,,,,秋田県,秋田市,手形山南町
5,,0100842,,,,秋田県,秋田市,手形山北町
5,,0110901,,,,秋田県,秋田市,寺内
5,,0110903,,,,秋田県,秋田市,寺内油田
5,,0110906,,,,秋田県,秋田市,寺内後城
5,,0110938,,,,秋田県,秋田市,寺内鵜ノ木
5,,0110908,,,,秋田県,秋田市,寺内大小路
5,,0110939,,,,秋田県,秋田市,寺内大畑
5,,0110905,,,,秋田県,秋田市,寺内神屋敷
5,,0110937,,,,秋田県,秋田市,寺内高野
5,,0110909,,,,秋田県,秋田市,寺内児桜
5,,0110902,,,,秋田県,秋田市,寺内堂ノ沢
5,,0110904,,,,秋田県,秋田市,寺内蛭根
5,,0110907,,,,秋田県,秋田市,寺内焼山
5,,0101651,,,,秋田県,秋田市,豊岩石田坂
5,,0101653,,,,秋田県,秋田市,豊岩小山
5,,0101652,,,,秋田県,秋田市,豊岩豊巻
5,,0100001,,,,秋田県,秋田市,中通
5,,0100034,,,,秋田県,秋田市,楢山
5,,0100037,,,,秋田県,秋田市,楢山愛宕下
5,,0100033,,,,秋田県,秋田市,楢山石塚町
5,,0100032,,,,秋田県,秋田市,楢山太田町
5,,0100031,,,,秋田県,秋田市,楢山大元町
5,,0100029,,,,秋田県,秋田市,楢山川口境
5,,0100028,,,,秋田県,秋田市,楢山共和町
5,,0100036,,,,秋田県,秋田市,楢山金照町
5,,0100025,,,,秋田県,秋田市,楢山佐竹町
5,,0100038,,,,秋田県,秋田市,楢山城南新町
5,,0100035,,,,秋田県,秋田市,楢山城南町
5,,0100021,,,,秋田県,秋田市,楢山登町
5,,0100026,,,,秋田県,秋田市,楢山古川新町
5,,0100023,,,,秋田県,秋田市,楢山本町
5,,0100024,,,,秋田県,秋田市,楢山南新町上丁
5,,0100027,,,,秋田県,秋田市,楢山南新町下丁
5,,0100022,,,,秋田県,秋田市,楢山南中町
5,,0101423,,,,秋田県,秋田市,仁井田
5,,0101435,,,,秋田県,秋田市,仁井田潟中町
5,,0101426,,,,秋田県,秋田市,仁井田小中島
5,,0101433,,,,秋田県,秋田市,仁井田栄町
5,,0101427,,,,秋田県,秋田市,仁井田新田
5,,0101434,,,,秋田県,秋田市,仁井田蕗見町
5,,0101432,,,,秋田県,秋田市,仁井田福島
5,,0101431,,,,秋田県,秋田市,仁井田二ツ屋
5,,0101421,,,,秋田県,秋田市,仁井田本町
5,,0101437,,,,秋田県,秋田市,仁井田緑町
5,,0101422,,,,秋田県,秋田市,仁井田目長田
5,,0100821,,,,秋田県,秋田市,濁川
5,,0100824,,,,秋田県,秋田市,仁別
5,,0101654,,,,秋田県,秋田市,浜田
5,,0100065,,,,秋田県,秋田市,茨島
5,,0100003,,,,秋田県,秋田市,東通
5,,0100004,,,,秋田県,秋田市,東通観音前
5,,0100006,,,,秋田県,秋田市,東通館ノ越
5,,0100002,,,,秋田県,秋田市,東通仲町
5,,0100005,,,,秋田県,秋田市,東通明田
5,,0100041,,,,秋田県,秋田市,広面
5,,0100853,,,,秋田県,秋田市,蛇野
5,,0100915,,,,秋田県,秋田市,保戸野
5,,0100902,,,,秋田県,秋田市,保戸野金砂町
5,,0100901,,,,秋田県,秋田市,保戸野桜町
5,,0100911,,,,秋田県,秋田市,保戸野すわ町
5,,0100914,,,,秋田県,秋田市,保戸野千代田町
5,,0100913,,,,秋田県,秋田市,保戸野鉄砲町
5,,0100912,,,,秋田県,秋田市,保戸野通町
5,,0100905,,,,秋田県,秋田市,保戸野中町
5,,0100903,,,,秋田県,秋田市,保戸野八丁
5,,0100904,,,,秋田県,秋田市,保戸野原の町
5,,0100011,,,,秋田県,秋田市,南通亀の町
5,,0100013,,,,秋田県,秋田市,南通築地
5,,0100012,,,,秋田県,秋田市,南通みその町
5,,0100014,,,,秋田県,秋田市,南通宮田
5,,0101601,,,,秋田県,秋田市,向浜
5,,0100825,,,,秋田県,秋田市,柳田
5,,0100975,,,,秋田県,秋田市,八橋
5,,0100961,,,,秋田県,秋田市,八橋イサノ
5,,0100974,,,,秋田県,秋田市,八橋運動公園
5,,0100963,,,,秋田県,秋田市,八橋大沼町
5,,0100962,,,,秋田県,秋田市,八橋大畑
5,,0100965,,,,秋田県,秋田市,八橋新川向
5,,0100977,,,,秋田県,秋田市,八橋大道東
5,,0100972,,,,秋田県,秋田市,八橋田五郎
5,,0100964,,,,秋田県,秋田市,八橋鯲沼町
5,,0100973,,,,秋田県,秋田市,八橋本町
5,,0100976,,,,秋田県,秋田市,八橋南
5,,0100971,,,,秋田県,秋田市,八橋三和町
5,,0101429,,,,秋田県,秋田市,山手台
5,,0101231,,,,秋田県,秋田市,雄和相川
5,,0101341,,,,秋田県,秋田市,雄和新波
5,,0101351,,,,秋田県,秋田市,雄和碇田
5,,0101222,,,,秋田県,秋田市,雄和石田
5,,0101352,,,,秋田県,秋田市,雄和萱ケ沢
5,,0101225,,,,秋田県,秋田市,雄和左手子
5,,0101202,,,,秋田県,秋田市,雄和芝野新田
5,,0101203,,,,秋田県,秋田市,雄和下黒瀬
5,,0101342,,,,秋田県,秋田市,雄和神ケ村
5,,0101201,,,,秋田県,秋田市,雄和田草川
5,,0101224,,,,秋田県,秋田市,雄和種沢
5,,0101343,,,,秋田県,秋田市,雄和繋
5,,0101211,,,,秋田県,秋田市,雄和椿川
5,,0101232,,,,秋田県,秋田市,雄和戸賀沢
5,,0101212,,,,秋田県,秋田市,雄和平尾鳥
5,,0101221,,,,秋田県,秋田市,雄和平沢
5,,0101223,,,,秋田県,秋田市,雄和妙法
5,,0101344,,,,秋田県,秋田市,雄和向野
5,,0101233,,,,秋田県,秋田市,雄和女米木
5,,0100044,,,,秋田県,秋田市,横森
5,,0101417,,,,秋田県,秋田市,四ツ小屋
5,,0101418,,,,秋田県,秋田市,四ツ小屋小阿地
5,,0101416,,,,秋田県,秋田市,四ツ小屋末戸松本
5,,0160000,,,,秋田県,能代市,以下に掲載がない場合
5,,0160865,,,,秋田県,能代市,青葉町
5,,0160835,,,,秋田県,能代市,赤沼
5,,0160115,,,,秋田県,能代市,悪戸
5,,0160179,,,,秋田県,能代市,浅内
5,,0182802,,,,秋田県,能代市,天内
5,,0160804,,,,秋田県,能代市,万町
5,,0160102,,,,秋田県,能代市,一本木
5,,0160017,,,,秋田県,能代市,磐
5,,0160143,,,,秋田県,能代市,上ノ山
5,,0160144,,,,秋田県,能代市,上ノ山台
5,,0160863,,,,秋田県,能代市,後谷地
5,,0160136,,,,秋田県,能代市,鵜鳥
5,,0160137,,,,秋田県,能代市,鵜鳥悪戸
5,,0160138,,,,秋田県,能代市,鵜鳥川原
5,,0160141,,,,秋田県,能代市,鵜ノ沢
5,,0160135,,,,秋田県,能代市,姥懐
5,,0160842,,,,秋田県,能代市,追分町
5,,0160122,,,,秋田県,能代市,扇田
5,,0160162,,,,秋田県,能代市,大内田
5,,0160181,,,,秋田県,能代市,大瀬儘下
5,,0160164,,,,秋田県,能代市,大塚
5,,0160805,,,,秋田県,能代市,大手町
5,,0182812,,,,秋田県,能代市,大曲
5,,0160803,,,,秋田県,能代市,大町
5,,0160155,,,,秋田県,能代市,大森
5,,0160807,,,,秋田県,能代市,大森山
5,,0160014,,,,秋田県,能代市,落合
5,,0160884,,,,秋田県,能代市,卸町
5,,0160876,,,,秋田県,能代市,海詠坂
5,,0160121,,,,秋田県,能代市,鰄渕
5,,0160166,,,,秋田県,能代市,柏子所
5,,0182813,,,,秋田県,能代市,上悪土
5,,0160153,,,,秋田県,能代市,上関
5,,0160172,,,,秋田県,能代市,上古川布
5,,0160154,,,,秋田県,能代市,上谷地
5,,0160182,,,,秋田県,能代市,上柳
5,,0160878,,,,秋田県,能代市,臥竜山
5,,0160171,,,,秋田県,能代市,河戸川
5,,0160802,,,,秋田県,能代市,川反町
5,,0160817,,,,秋田県,能代市,上町
5,,0182814,,,,秋田県,能代市,狐森
5,,0182806,,,,秋田県,能代市,久喜沢
5,,0160178,,,,秋田県,能代市,九郎左衛門笹台
5,,0160892,,,,秋田県,能代市,景林町
5,,0160834,,,,秋田県,能代市,下内崎
5,,0160883,,,,秋田県,能代市,五雲岱
5,,0160815,,,,秋田県,能代市,御指南町
5,,0160177,,,,秋田県,能代市,権現台
5,,0182804,,,,秋田県,能代市,槐
5,,0160861,,,,秋田県,能代市,彩霞長根
5,,0160846,,,,秋田県,能代市,栄町
5,,0160011,,,,秋田県,能代市,坂形
5,,0182811,,,,秋田県,能代市,産物
5,,0160167,,,,秋田県,能代市,塩干田
5,,0160167,,,,秋田県,能代市,塩干田前
5,,0160168,,,,秋田県,能代市,十洲崎
5,,0160872,,,,秋田県,能代市,芝童森
5,,0160113,,,,秋田県,能代市,下悪戸
5,,0160185,,,,秋田県,能代市,下瀬
5,,0160104,,,,秋田県,能代市,下関
5,,0160186,,,,秋田県,能代市,下野
5,,0160173,,,,秋田県,能代市,下古川布
5,,0160187,,,,秋田県,能代市,下柳
5,,0160862,,,,秋田県,能代市,寿域長根
5,,0160897,,,,秋田県,能代市,昭南町
5,,0160871,,,,秋田県,能代市,昇平岱
5,,0160174,,,,秋田県,能代市,新山前
5,,0160895,,,,秋田県,能代市,末広町
5,,0160015,,,,秋田県,能代市,須田
5,,0160881,,,,秋田県,能代市,砂留山
5,,0160824,,,,秋田県,能代市,住吉町
5,,0160806,,,,秋田県,能代市,清助町
5,,0160877,,,,秋田県,能代市,仙遊長根
5,,0160163,,,,秋田県,能代市,袖又
5,,0160001,,,,秋田県,能代市,外荒巻
5,,0160146,,,,秋田県,能代市,外堤
5,,0160184,,,,秋田県,能代市,高塙
5,,0160016,,,,秋田県,能代市,竹生
5,,0160857,,,,秋田県,能代市,田子向
5,,0160123,,,,秋田県,能代市,田床内
5,,0160149,,,,秋田県,能代市,田中谷地
5,,0160165,,,,秋田県,能代市,田屋
5,,0160843,,,,秋田県,能代市,中和
5,,0160131,,,,秋田県,能代市,鶴形
5,,0160853,,,,秋田県,能代市,出戸後
5,,0160852,,,,秋田県,能代市,出戸本町
5,,0160188,,,,秋田県,能代市,寺向
5,,0182815,,,,秋田県,能代市,東面
5,,0160845,,,,秋田県,能代市,通町
5,,0160176,,,,秋田県,能代市,戸川向
5,,0182801,,,,秋田県,能代市,常盤
5,,0160134,,,,秋田県,能代市,戸草沢
5,,0182805,,,,秋田県,能代市,轟
5,,0160816,,,,秋田県,能代市,富町
5,,0160147,,,,秋田県,能代市,鳥矢場
5,,0160864,,,,秋田県,能代市,鳥小屋
5,,0182803,,,,秋田県,能代市,外割田
5,,0160114,,,,秋田県,能代市,中悪戸
5,,0160814,,,,秋田県,能代市,中川原
5,,0160156,,,,秋田県,能代市,中沢
5,,0160812,,,,秋田県,能代市,中嶋（１−９７〜１１６）
5,,0160112,,,,秋田県,能代市,中嶋（その他）
5,,0160101,,,,秋田県,能代市,中関
5,,0160183,,,,秋田県,能代市,中柳
5,,0160873,,,,秋田県,能代市,長崎
5,,0160875,,,,秋田県,能代市,南陽崎
5,,0160111,,,,秋田県,能代市,仁井田白山
5,,0160837,,,,秋田県,能代市,西赤沼
5,,0160855,,,,秋田県,能代市,西大瀬
5,,0160891,,,,秋田県,能代市,西通町
5,,0160003,,,,秋田県,能代市,荷八田
5,,0160874,,,,秋田県,能代市,沼ノ上
5,,0160813,,,,秋田県,能代市,能代町
5,,0160894,,,,秋田県,能代市,萩の台
5,,0160116,,,,秋田県,能代市,機織轌ノ目
5,,0160821,,,,秋田県,能代市,畠町
5,,0160844,,,,秋田県,能代市,花園町
5,,0160801,,,,秋田県,能代市,浜通町
5,,0160157,,,,秋田県,能代市,腹鞁ノ沢
5,,0160142,,,,秋田県,能代市,半戸沢
5,,0160896,,,,秋田県,能代市,盤若町
5,,0160836,,,,秋田県,能代市,東赤沼
5,,0160839,,,,秋田県,能代市,東大瀬
5,,0160822,,,,秋田県,能代市,東町
5,,0160012,,,,秋田県,能代市,比八田
5,,0160148,,,,秋田県,能代市,冷清水
5,,0160151,,,,秋田県,能代市,檜山
5,,0160811,,,,秋田県,能代市,日吉町
5,,0160808,,,,秋田県,能代市,日和山下
5,,0160856,,,,秋田県,能代市,藤山
5,,0183101,,,,秋田県,能代市,二ツ井町麻生
5,,0183116,,,,秋田県,能代市,二ツ井町家後
5,,0183119,,,,秋田県,能代市,二ツ井町薄井
5,,0183131,,,,秋田県,能代市,二ツ井町梅内
5,,0183118,,,,秋田県,能代市,二ツ井町上台
5,,0183142,,,,秋田県,能代市,二ツ井町上野
5,,0183143,,,,秋田県,能代市,二ツ井町太田面
5,,0183115,,,,秋田県,能代市,二ツ井町海道上
5,,0183105,,,,秋田県,能代市,二ツ井町上山崎
5,,0183107,,,,秋田県,能代市,二ツ井町苅又石
5,,0183126,,,,秋田県,能代市,二ツ井町狐台
5,,0183124,,,,秋田県,能代市,二ツ井町切石
5,,0183112,,,,秋田県,能代市,二ツ井町小掛
5,,0183141,,,,秋田県,能代市,二ツ井町五千苅
5,,0183147,,,,秋田県,能代市,二ツ井町小槻木
5,,0183102,,,,秋田県,能代市,二ツ井町小繋
5,,0183123,,,,秋田県,能代市,二ツ井町駒形
5,,0183114,,,,秋田県,能代市,二ツ井町桜台
5,,0183104,,,,秋田県,能代市,二ツ井町沢口
5,,0183151,,,,秋田県,能代市,二ツ井町三千苅
5,,0183157,,,,秋田県,能代市,二ツ井町下野
5,,0183152,,,,秋田県,能代市,二ツ井町下野家後
5,,0183156,,,,秋田県,能代市,二ツ井町下野川端
5,,0183128,,,,秋田県,能代市,二ツ井町下稗柄
5,,0183134,,,,秋田県,能代市,二ツ井町高関
5,,0183111,,,,秋田県,能代市,二ツ井町田代
5,,0183133,,,,秋田県,能代市,二ツ井町種（竹原）
5,,0183132,,,,秋田県,能代市,二ツ井町種（その他）
5,,0183125,,,,秋田県,能代市,二ツ井町茶屋下
5,,0183117,,,,秋田県,能代市,二ツ井町塚台
5,,0183148,,,,秋田県,能代市,二ツ井町槻ノ木
5,,0183121,,,,秋田県,能代市,二ツ井町飛根（富根）
5,,0183122,,,,秋田県,能代市,二ツ井町飛根（その他）
5,,0183144,,,,秋田県,能代市,二ツ井町中坪
5,,0183146,,,,秋田県,能代市,二ツ井町中坪道下
5,,0183153,,,,秋田県,能代市,二ツ井町滑良子川端
5,,0183103,,,,秋田県,能代市,二ツ井町荷上場
5,,0183106,,,,秋田県,能代市,二ツ井町濁川
5,,0183113,,,,秋田県,能代市,二ツ井町仁鮒
5,,0183155,,,,秋田県,能代市,二ツ井町比井野
5,,0183129,,,,秋田県,能代市,二ツ井町稗柄
5,,0183127,,,,秋田県,能代市,二ツ井町稗川原
5,,0183154,,,,秋田県,能代市,二ツ井町町尻
5,,0183145,,,,秋田県,能代市,二ツ井町道上中坪
5,,0183135,,,,秋田県,能代市,二ツ井町山根
5,,0160004,,,,秋田県,能代市,吹越
5,,0160175,,,,秋田県,能代市,古屋布
5,,0160879,,,,秋田県,能代市,不老岱
5,,0160882,,,,秋田県,能代市,鳳凰岱
5,,0160169,,,,秋田県,能代市,坊ケ崎
5,,0160854,,,,秋田県,能代市,豊祥岱
5,,0160002,,,,秋田県,能代市,朴瀬
5,,0160005,,,,秋田県,能代市,真壁地
5,,0160132,,,,秋田県,能代市,町後
5,,0160161,,,,秋田県,能代市,松長布
5,,0160893,,,,秋田県,能代市,松美町
5,,0160851,,,,秋田県,能代市,緑町
5,,0160832,,,,秋田県,能代市,南元町
5,,0160103,,,,秋田県,能代市,宮ノ前
5,,0160133,,,,秋田県,能代市,向田表
5,,0160013,,,,秋田県,能代市,向能代
5,,0160833,,,,秋田県,能代市,明治町
5,,0160152,,,,秋田県,能代市,母体
5,,0160831,,,,秋田県,能代市,元町
5,,0160139,,,,秋田県,能代市,谷地上
5,,0160825,,,,秋田県,能代市,柳町
5,,0160841,,,,秋田県,能代市,養蚕
5,,0160838,,,,秋田県,能代市,養蚕脇
5,,0160145,,,,秋田県,能代市,若田
5,,0160823,,,,秋田県,能代市,若松町
5,,0130000,,,,秋田県,横手市,以下に掲載がない場合
5,,0130073,,,,秋田県,横手市,赤川
5,,0130064,,,,秋田県,横手市,赤坂
5,,0130028,,,,秋田県,横手市,朝倉町
5,,0130033,,,,秋田県,横手市,旭川
5,,0130055,,,,秋田県,横手市,朝日が丘
5,,0130065,,,,秋田県,横手市,猪岡
5,,0130068,,,,秋田県,横手市,梅の木町
5,,0130036,,,,秋田県,横手市,駅前町
5,,0130062,,,,秋田県,横手市,駅南
5,,0130002,,,,秋田県,横手市,追廻
5,,0130041,,,,秋田県,横手市,大沢
5,,0130007,,,,秋田県,横手市,大鳥町
5,,0130021,,,,秋田県,横手市,大町
5,,0130026,,,,秋田県,横手市,大水戸町
5,,0130501,,,,秋田県,横手市,大森町板井田
5,,0130546,,,,秋田県,横手市,大森町牛ケ沢
5,,0130511,,,,秋田県,横手市,大森町牛中島
5,,0130552,,,,秋田県,横手市,大森町上溝
5,,0130514,,,,秋田県,横手市,大森町大中島
5,,0130521,,,,秋田県,横手市,大森町大森
5,,0130532,,,,秋田県,横手市,大森町久保
5,,0130562,,,,秋田県,横手市,大森町坂部
5,,0130531,,,,秋田県,横手市,大森町佐渡
5,,0130551,,,,秋田県,横手市,大森町猿田
5,,0130524,,,,秋田県,横手市,大森町清水上
5,,0130536,,,,秋田県,横手市,大森町真山
5,,0130525,,,,秋田県,横手市,大森町菅生田
5,,0130517,,,,秋田県,横手市,大森町高口下水戸堤
5,,0130542,,,,秋田県,横手市,大森町高野中島
5,,0130544,,,,秋田県,横手市,大森町長助巻
5,,0130534,,,,秋田県,横手市,大森町峠町頭
5,,0130523,,,,秋田県,横手市,大森町堂林
5,,0130503,,,,秋田県,横手市,大森町十日町
5,,0130545,,,,秋田県,横手市,大森町鯲沼
5,,0130541,,,,秋田県,横手市,大森町中嶋
5,,0130533,,,,秋田県,横手市,大森町中田
5,,0130515,,,,秋田県,横手市,大森町西中島
5,,0130526,,,,秋田県,横手市,大森町西野
5,,0130502,,,,秋田県,横手市,大森町袴形
5,,0130516,,,,秋田県,横手市,大森町東中島
5,,0130543,,,,秋田県,横手市,大森町本郷
5,,0130535,,,,秋田県,横手市,大森町町田
5,,0130522,,,,秋田県,横手市,大森町町回
5,,0130519,,,,秋田県,横手市,大森町持向
5,,0130518,,,,秋田県,横手市,大森町文天鏡田
5,,0130561,,,,秋田県,横手市,大森町八沢木
5,,0130512,,,,秋田県,横手市,大森町湯ノ沢
5,,0130513,,,,秋田県,横手市,大森町湯ノ島
5,,0130051,,,,秋田県,横手市,大屋新町
5,,0130052,,,,秋田県,横手市,大屋寺内
5,,0130201,,,,秋田県,横手市,雄物川町会塚
5,,0130205,,,,秋田県,横手市,雄物川町今宿
5,,0130481,,,,秋田県,横手市,雄物川町薄井
5,,0130218,,,,秋田県,横手市,雄物川町大沢
5,,0130214,,,,秋田県,横手市,雄物川町柏木
5,,0130215,,,,秋田県,横手市,雄物川町常野
5,,0130202,,,,秋田県,横手市,雄物川町砂子田
5,,0130212,,,,秋田県,横手市,雄物川町造山
5,,0130203,,,,秋田県,横手市,雄物川町東里
5,,0130217,,,,秋田県,横手市,雄物川町道地
5,,0130213,,,,秋田県,横手市,雄物川町南形
5,,0130206,,,,秋田県,横手市,雄物川町二井山
5,,0130216,,,,秋田県,横手市,雄物川町西野
5,,0130208,,,,秋田県,横手市,雄物川町沼館
5,,0130211,,,,秋田県,横手市,雄物川町深井
5,,0130207,,,,秋田県,横手市,雄物川町矢神
5,,0130204,,,,秋田県,横手市,雄物川町谷地新田
5,,0130072,,,,秋田県,横手市,卸町
5,,0130031,,,,秋田県,横手市,鍛冶町
5,,0130813,,,,秋田県,横手市,金沢
5,,0130814,,,,秋田県,横手市,金沢中野
5,,0130812,,,,秋田県,横手市,金沢本町
5,,0130014,,,,秋田県,横手市,上内町
5,,0130821,,,,秋田県,横手市,上境
5,,0130822,,,,秋田県,横手市,上八丁
5,,0130032,,,,秋田県,横手市,清川町
5,,0130826,,,,秋田県,横手市,黒川
5,,0130025,,,,秋田県,横手市,寿町
5,,0130005,,,,秋田県,横手市,幸町
5,,0191107,,,,秋田県,横手市,山内筏
5,,0191109,,,,秋田県,横手市,山内大沢
5,,0191101,,,,秋田県,横手市,山内大松川
5,,0191103,,,,秋田県,横手市,山内黒沢
5,,0191102,,,,秋田県,横手市,山内小松川
5,,0191108,,,,秋田県,横手市,山内土渕
5,,0191105,,,,秋田県,横手市,山内南郷
5,,0191106,,,,秋田県,横手市,山内平野沢
5,,0191104,,,,秋田県,横手市,山内三又
5,,0130074,,,,秋田県,横手市,三本柳
5,,0130069,,,,秋田県,横手市,三枚橋
5,,0130075,,,,秋田県,横手市,静町
5,,0130056,,,,秋田県,横手市,清水町新田
5,,0130824,,,,秋田県,横手市,下境
5,,0130823,,,,秋田県,横手市,下八丁
5,,0130017,,,,秋田県,横手市,蛇の崎町
5,,0190525,,,,秋田県,横手市,十文字町曙町
5,,0190513,,,,秋田県,横手市,十文字町植田
5,,0190501,,,,秋田県,横手市,十文字町腕越
5,,0190512,,,,秋田県,横手市,十文字町越前
5,,0190529,,,,秋田県,横手市,十文字町海道下
5,,0190511,,,,秋田県,横手市,十文字町鼎
5,,0190531,,,,秋田県,横手市,十文字町上佐吉開
5,,0190507,,,,秋田県,横手市,十文字町上鍋倉
5,,0190517,,,,秋田県,横手市,十文字町木下
5,,0190516,,,,秋田県,横手市,十文字町源太左馬
5,,0190506,,,,秋田県,横手市,十文字町佐賀会
5,,0190528,,,,秋田県,横手市,十文字町栄町
5,,0190533,,,,秋田県,横手市,十文字町下佐吉開
5,,0190508,,,,秋田県,横手市,十文字町十五野新田
5,,0190523,,,,秋田県,横手市,十文字町十文字
5,,0190527,,,,秋田県,横手市,十文字町大道東
5,,0190526,,,,秋田県,横手市,十文字町通町
5,,0190509,,,,秋田県,横手市,十文字町梨木
5,,0190505,,,,秋田県,横手市,十文字町仁井田
5,,0190522,,,,秋田県,横手市,十文字町西上
5,,0190521,,,,秋田県,横手市,十文字町西下
5,,0190503,,,,秋田県,横手市,十文字町西原１番町
5,,0190502,,,,秋田県,横手市,十文字町西原２番町
5,,0190518,,,,秋田県,横手市,十文字町宝竜
5,,0190532,,,,秋田県,横手市,十文字町麻当
5,,0190514,,,,秋田県,横手市,十文字町睦合
5,,0190524,,,,秋田県,横手市,十文字町本町
5,,0190515,,,,秋田県,横手市,十文字町谷地新田
5,,0130060,,,,秋田県,横手市,条里
5,,0130011,,,,秋田県,横手市,城西町
5,,0130013,,,,秋田県,横手市,城南町
5,,0130012,,,,秋田県,横手市,城山町
5,,0130006,,,,秋田県,横手市,新坂町
5,,0130046,,,,秋田県,横手市,神明町
5,,0130001,,,,秋田県,横手市,杉沢
5,,0130076,,,,秋田県,横手市,杉目
5,,0130053,,,,秋田県,横手市,外目
5,,0130003,,,,秋田県,横手市,台所町
5,,0130459,,,,秋田県,横手市,大雄赤沼
5,,0130447,,,,秋田県,横手市,大雄阿久戸
5,,0130427,,,,秋田県,横手市,大雄阿気
5,,0130484,,,,秋田県,横手市,大雄新処
5,,0130464,,,,秋田県,横手市,大雄石持
5,,0130465,,,,秋田県,横手市,大雄石持下
5,,0130463,,,,秋田県,横手市,大雄石持前
5,,0130471,,,,秋田県,横手市,大雄板橋堰添
5,,0130353,,,,秋田県,横手市,大雄一ノ関
5,,0130352,,,,秋田県,横手市,大雄一ノ関東
5,,0130356,,,,秋田県,横手市,大雄一ノ関南
5,,0130431,,,,秋田県,横手市,大雄牛中島
5,,0130316,,,,秋田県,横手市,大雄潤井谷地
5,,0130382,,,,秋田県,横手市,大雄上堰東
5,,0130421,,,,秋田県,横手市,大雄江原
5,,0130452,,,,秋田県,横手市,大雄大関
5,,0130317,,,,秋田県,横手市,大雄大戸川端
5,,0130313,,,,秋田県,横手市,大雄大森道北
5,,0130454,,,,秋田県,横手市,大雄大谷地
5,,0130455,,,,秋田県,横手市,大雄大谷地西
5,,0130335,,,,秋田県,横手市,大雄折橋
5,,0130451,,,,秋田県,横手市,大雄折橋西
5,,0130337,,,,秋田県,横手市,大雄折橋南
5,,0130365,,,,秋田県,横手市,大雄鍛治村
5,,0130359,,,,秋田県,横手市,大雄柏木
5,,0130362,,,,秋田県,横手市,大雄柏木下
5,,0130361,,,,秋田県,横手市,大雄柏木西
5,,0130305,,,,秋田県,横手市,大雄柏木南
5,,0130404,,,,秋田県,横手市,大雄上柏木
5,,0130355,,,,秋田県,横手市,大雄上桜森
5,,0130351,,,,秋田県,横手市,大雄上田村
5,,0130349,,,,秋田県,横手市,大雄上田村西
5,,0130326,,,,秋田県,横手市,大雄上田村東
5,,0130372,,,,秋田県,横手市,大雄上田村南
5,,0130408,,,,秋田県,横手市,大雄北四津屋
5,,0130354,,,,秋田県,横手市,大雄狐塚
5,,0130426,,,,秋田県,横手市,大雄木戸口
5,,0130438,,,,秋田県,横手市,大雄木戸口下
5,,0130435,,,,秋田県,横手市,大雄木戸口西
5,,0130314,,,,秋田県,横手市,大雄傾城塚
5,,0130336,,,,秋田県,横手市,大雄傾城塚南
5,,0130437,,,,秋田県,横手市,大雄小林
5,,0130436,,,,秋田県,横手市,大雄小林西
5,,0130324,,,,秋田県,横手市,大雄根田谷地
5,,0130321,,,,秋田県,横手市,大雄根田谷地西
5,,0130323,,,,秋田県,横手市,大雄根田谷地東
5,,0130318,,,,秋田県,横手市,大雄根田谷地南
5,,0130308,,,,秋田県,横手市,大雄佐加里
5,,0130309,,,,秋田県,横手市,大雄佐加里南
5,,0130474,,,,秋田県,横手市,大雄桜森
5,,0130363,,,,秋田県,横手市,大雄桜森西
5,,0130477,,,,秋田県,横手市,大雄桜森東
5,,0130475,,,,秋田県,横手市,大雄桜森前
5,,0130434,,,,秋田県,横手市,大雄山王
5,,0130439,,,,秋田県,横手市,大雄山王西
5,,0130315,,,,秋田県,横手市,大雄下根田谷地
5,,0130483,,,,秋田県,横手市,大雄島田
5,,0130485,,,,秋田県,横手市,大雄下新処
5,,0130487,,,,秋田県,横手市,大雄下田町
5,,0130334,,,,秋田県,横手市,大雄新町
5,,0130302,,,,秋田県,横手市,大雄新町北
5,,0130333,,,,秋田県,横手市,大雄新町西
5,,0130332,,,,秋田県,横手市,大雄新町西野添
5,,0130307,,,,秋田県,横手市,大雄新町東
5,,0130304,,,,秋田県,横手市,大雄新町南
5,,0130344,,,,秋田県,横手市,大雄精兵西
5,,0130342,,,,秋田県,横手市,大雄精兵村
5,,0130412,,,,秋田県,横手市,大雄剰水
5,,0130411,,,,秋田県,横手市,大雄剰水東
5,,0130457,,,,秋田県,横手市,大雄大慈寺東
5,,0130456,,,,秋田県,横手市,大雄大慈寺前
5,,0130458,,,,秋田県,横手市,大雄大慈寺谷地
5,,0130443,,,,秋田県,横手市,大雄高津野
5,,0130442,,,,秋田県,横手市,大雄高津野下
5,,0130348,,,,秋田県,横手市,大雄田根森
5,,0130343,,,,秋田県,横手市,大雄田根森西
5,,0130325,,,,秋田県,横手市,大雄田根森東
5,,0130486,,,,秋田県,横手市,大雄田町
5,,0130306,,,,秋田県,横手市,大雄田村
5,,0130428,,,,秋田県,横手市,大雄鶴巻田
5,,0130322,,,,秋田県,横手市,大雄伝蔵村
5,,0130423,,,,秋田県,横手市,大雄土井尻
5,,0130462,,,,秋田県,横手市,大雄樋脇
5,,0130424,,,,秋田県,横手市,大雄中館合
5,,0130312,,,,秋田県,横手市,大雄中野
5,,0130311,,,,秋田県,横手市,大雄中野東
5,,0130468,,,,秋田県,横手市,大雄中谷地
5,,0130476,,,,秋田県,横手市,大雄西桜森
5,,0130425,,,,秋田県,横手市,大雄西館合
5,,0130433,,,,秋田県,横手市,大雄西中島
5,,0130406,,,,秋田県,横手市,大雄西四津屋
5,,0130441,,,,秋田県,横手市,大雄野中
5,,0130446,,,,秋田県,横手市,大雄乗阿気
5,,0130448,,,,秋田県,横手市,大雄乗阿気下
5,,0130472,,,,秋田県,横手市,大雄東阿気
5,,0130473,,,,秋田県,横手市,大雄東桜森
5,,0130331,,,,秋田県,横手市,大雄東高津野
5,,0130488,,,,秋田県,横手市,大雄東館合
5,,0130432,,,,秋田県,横手市,大雄東中島
5,,0130409,,,,秋田県,横手市,大雄東四津屋
5,,0130482,,,,秋田県,横手市,大雄平柳
5,,0130301,,,,秋田県,横手市,大雄福島
5,,0130303,,,,秋田県,横手市,大雄福島南
5,,0130364,,,,秋田県,横手市,大雄袋谷地
5,,0130414,,,,秋田県,横手市,大雄藤巻
5,,0130416,,,,秋田県,横手市,大雄藤巻中島
5,,0130415,,,,秋田県,横手市,大雄藤巻西
5,,0130371,,,,秋田県,横手市,大雄文蔵開
5,,0130345,,,,秋田県,横手市,大雄本庄道北堰間
5,,0130347,,,,秋田県,横手市,大雄本庄道南
5,,0130385,,,,秋田県,横手市,大雄万貝
5,,0130422,,,,秋田県,横手市,大雄南阿気
5,,0130405,,,,秋田県,横手市,大雄南四津屋
5,,0130339,,,,秋田県,横手市,大雄耳取
5,,0130338,,,,秋田県,横手市,大雄耳取西
5,,0130466,,,,秋田県,横手市,大雄三村
5,,0130453,,,,秋田県,横手市,大雄三村北
5,,0130467,,,,秋田県,横手市,大雄三村西
5,,0130461,,,,秋田県,横手市,大雄三村東
5,,0130429,,,,秋田県,横手市,大雄宮小路
5,,0130413,,,,秋田県,横手市,大雄宮田
5,,0130358,,,,秋田県,横手市,大雄向
5,,0130445,,,,秋田県,横手市,大雄向田
5,,0130444,,,,秋田県,横手市,大雄向田東
5,,0130357,,,,秋田県,横手市,大雄向東
5,,0130402,,,,秋田県,横手市,大雄八柏
5,,0130379,,,,秋田県,横手市,大雄八柏家間
5,,0130376,,,,秋田県,横手市,大雄八柏馬道添
5,,0130378,,,,秋田県,横手市,大雄八柏街道添
5,,0130375,,,,秋田県,横手市,大雄八柏釜蓋
5,,0130381,,,,秋田県,横手市,大雄八柏下村
5,,0130377,,,,秋田県,横手市,大雄八柏中村
5,,0130374,,,,秋田県,横手市,大雄八柏中村東
5,,0130384,,,,秋田県,横手市,大雄八柏村表
5,,0130383,,,,秋田県,横手市,大雄八柏村西
5,,0130373,,,,秋田県,横手市,大雄八柏谷地
5,,0130327,,,,秋田県,横手市,大雄焼野
5,,0130341,,,,秋田県,横手市,大雄四ッ屋
5,,0130407,,,,秋田県,横手市,大雄四津屋下
5,,0130346,,,,秋田県,横手市,大雄四ツ屋西
5,,0130319,,,,秋田県,横手市,大雄四ツ屋東
5,,0130419,,,,秋田県,横手市,大雄六町
5,,0130417,,,,秋田県,横手市,大雄六町下
5,,0130418,,,,秋田県,横手市,大雄六町東
5,,0130024,,,,秋田県,横手市,田中町
5,,0130023,,,,秋田県,横手市,中央町
5,,0130066,,,,秋田県,横手市,塚堀
5,,0130016,,,,秋田県,横手市,根岸町
5,,0130015,,,,秋田県,横手市,羽黒町
5,,0130825,,,,秋田県,横手市,百万刈
5,,0130105,,,,秋田県,横手市,平鹿町浅舞
5,,0130101,,,,秋田県,横手市,平鹿町上吉田
5,,0130103,,,,秋田県,横手市,平鹿町下鍋倉
5,,0130107,,,,秋田県,横手市,平鹿町下吉田
5,,0130102,,,,秋田県,横手市,平鹿町醍醐
5,,0130104,,,,秋田県,横手市,平鹿町樽見内
5,,0130106,,,,秋田県,横手市,平鹿町中吉田
5,,0130027,,,,秋田県,横手市,平城町
5,,0130063,,,,秋田県,横手市,婦気大堤
5,,0130019,,,,秋田県,横手市,二葉町
5,,0130035,,,,秋田県,横手市,平和町
5,,0130034,,,,秋田県,横手市,本郷町
5,,0130042,,,,秋田県,横手市,前郷
5,,0130038,,,,秋田県,横手市,前郷一番町
5,,0130037,,,,秋田県,横手市,前郷二番町
5,,0190711,,,,秋田県,横手市,増田町荻袋
5,,0190702,,,,秋田県,横手市,増田町亀田
5,,0190712,,,,秋田県,横手市,増田町熊渕
5,,0190705,,,,秋田県,横手市,増田町狙半内
5,,0190714,,,,秋田県,横手市,増田町戸波
5,,0190701,,,,秋田県,横手市,増田町増田
5,,0190713,,,,秋田県,横手市,増田町三又
5,,0190715,,,,秋田県,横手市,増田町八木
5,,0190704,,,,秋田県,横手市,増田町湯野沢
5,,0190703,,,,秋田県,横手市,増田町吉野
5,,0130047,,,,秋田県,横手市,松原町
5,,0130045,,,,秋田県,横手市,南町
5,,0130004,,,,秋田県,横手市,明永町
5,,0130008,,,,秋田県,横手市,睦成
5,,0130018,,,,秋田県,横手市,本町
5,,0130043,,,,秋田県,横手市,安田
5,,0130048,,,,秋田県,横手市,安田原町
5,,0130811,,,,秋田県,横手市,安本
5,,0130054,,,,秋田県,横手市,柳田
5,,0130071,,,,秋田県,横手市,八幡
5,,0130061,,,,秋田県,横手市,横手町
5,,0130044,,,,秋田県,横手市,横山町
5,,0130022,,,,秋田県,横手市,四日町
5,,0170000,,,,秋田県,大館市,以下に掲載がない場合
5,,0170806,,,,秋田県,大館市,相染沢中岱
5,,0170831,,,,秋田県,大館市,青葉町
5,,0170854,,,,秋田県,大館市,赤石
5,,0170816,,,,秋田県,大館市,赤館
5,,0170814,,,,秋田県,大館市,赤館町
5,,0170011,,,,秋田県,大館市,商人留
5,,0170025,,,,秋田県,大館市,芦田子
5,,0170023,,,,秋田県,大館市,東
5,,0170043,,,,秋田県,大館市,有浦
5,,0170836,,,,秋田県,大館市,池内
5,,0170834,,,,秋田県,大館市,池内道上
5,,0170832,,,,秋田県,大館市,池内道下
5,,0170845,,,,秋田県,大館市,泉町
5,,0170053,,,,秋田県,大館市,板子石境
5,,0170853,,,,秋田県,大館市,板沢
5,,0170825,,,,秋田県,大館市,一心院南
5,,0170801,,,,秋田県,大館市,一本杉
5,,0170857,,,,秋田県,大館市,出川
5,,0183501,,,,秋田県,大館市,岩瀬
5,,0170894,,,,秋田県,大館市,裏町
5,,0170817,,,,秋田県,大館市,上町
5,,0170837,,,,秋田県,大館市,餌釣
5,,0170805,,,,秋田県,大館市,扇田道下
5,,0170024,,,,秋田県,大館市,大茂内
5,,0185754,,,,秋田県,大館市,大子内
5,,0170041,,,,秋田県,大館市,大田面
5,,0170896,,,,秋田県,大館市,大館
5,,0170851,,,,秋田県,大館市,大披
5,,0170841,,,,秋田県,大館市,大町
5,,0170044,,,,秋田県,大館市,御成町
5,,0170004,,,,秋田県,大館市,粕田
5,,0170892,,,,秋田県,大館市,片町
5,,0170871,,,,秋田県,大館市,片山
5,,0170872,,,,秋田県,大館市,片山町
5,,0170812,,,,秋田県,大館市,金坂
5,,0170813,,,,秋田県,大館市,金坂後
5,,0170031,,,,秋田県,大館市,上代野
5,,0170804,,,,秋田県,大館市,柄沢
5,,0185604,,,,秋田県,大館市,軽井沢
5,,0170878,,,,秋田県,大館市,川口
5,,0170042,,,,秋田県,大館市,観音堂
5,,0170866,,,,秋田県,大館市,北神明町
5,,0185606,,,,秋田県,大館市,葛原
5,,0170893,,,,秋田県,大館市,桂城
5,,0170014,,,,秋田県,大館市,小釈迦内道上
5,,0170015,,,,秋田県,大館市,小釈迦内道下
5,,0170861,,,,秋田県,大館市,小館町
5,,0170835,,,,秋田県,大館市,小館花
5,,0170852,,,,秋田県,大館市,小袴
5,,0170847,,,,秋田県,大館市,幸町
5,,0170821,,,,秋田県,大館市,桜町
5,,0170822,,,,秋田県,大館市,桜町南
5,,0185605,,,,秋田県,大館市,猿間
5,,0170897,,,,秋田県,大館市,三ノ丸
5,,0170022,,,,秋田県,大館市,茂内
5,,0185756,,,,秋田県,大館市,下川原
5,,0170046,,,,秋田県,大館市,清水
5,,0170037,,,,秋田県,大館市,清水堰合
5,,0170034,,,,秋田県,大館市,下代野
5,,0170033,,,,秋田県,大館市,下綱
5,,0170012,,,,秋田県,大館市,釈迦内
5,,0185601,,,,秋田県,大館市,十二所
5,,0170865,,,,秋田県,大館市,城西町
5,,0170002,,,,秋田県,大館市,白沢
5,,0170844,,,,秋田県,大館市,新町
5,,0170887,,,,秋田県,大館市,水門町
5,,0170888,,,,秋田県,大館市,水門前
5,,0185755,,,,秋田県,大館市,杉沢
5,,0170875,,,,秋田県,大館市,住吉町
5,,0170833,,,,秋田県,大館市,象ケ鼻
5,,0183503,,,,秋田県,大館市,外川原
5,,0170035,,,,秋田県,大館市,代野
5,,0170886,,,,秋田県,大館市,館下
5,,0170877,,,,秋田県,大館市,立花
5,,0170882,,,,秋田県,大館市,鉄砲場
5,,0185602,,,,秋田県,大館市,道目木
5,,0170846,,,,秋田県,大館市,常盤木町
5,,0170884,,,,秋田県,大館市,土飛山下
5,,0170867,,,,秋田県,大館市,中神明町
5,,0170891,,,,秋田県,大館市,中城
5,,0170843,,,,秋田県,大館市,中町
5,,0170045,,,,秋田県,大館市,中道
5,,0170839,,,,秋田県,大館市,中山
5,,0170881,,,,秋田県,大館市,長木川南
5,,0170895,,,,秋田県,大館市,長倉
5,,0183504,,,,秋田県,大館市,長坂
5,,0170802,,,,秋田県,大館市,長根山下
5,,0170001,,,,秋田県,大館市,長走
5,,0170824,,,,秋田県,大館市,七曲岱
5,,0185751,,,,秋田県,大館市,二井田
5,,0170032,,,,秋田県,大館市,新綱
5,,0170036,,,,秋田県,大館市,二本杉後
5,,0170055,,,,秋田県,大館市,沼館道上
5,,0170056,,,,秋田県,大館市,沼館道南
5,,0170057,,,,秋田県,大館市,沼館
5,,0170862,,,,秋田県,大館市,根下戸
5,,0170864,,,,秋田県,大館市,根下戸新町
5,,0170863,,,,秋田県,大館市,根下戸町
5,,0170842,,,,秋田県,大館市,馬喰町
5,,0170003,,,,秋田県,大館市,橋桁
5,,0170811,,,,秋田県,大館市,八幡
5,,0170823,,,,秋田県,大館市,八幡沢岱
5,,0170005,,,,秋田県,大館市,花岡町
5,,0183505,,,,秋田県,大館市,早口
5,,0170803,,,,秋田県,大館市,東台
5,,0170855,,,,秋田県,大館市,櫃崎
5,,0185753,,,,秋田県,大館市,比内前田
5,,0185701,,,,秋田県,大館市,比内町扇田
5,,0185851,,,,秋田県,大館市,比内町大葛
5,,0185743,,,,秋田県,大館市,比内町小坪沢
5,,0185745,,,,秋田県,大館市,比内町片貝
5,,0185731,,,,秋田県,大館市,比内町笹館
5,,0185742,,,,秋田県,大館市,比内町白沢水沢
5,,0185741,,,,秋田県,大館市,比内町達子
5,,0185721,,,,秋田県,大館市,比内町独鈷
5,,0185722,,,,秋田県,大館市,比内町中野
5,,0185712,,,,秋田県,大館市,比内町新館
5,,0185711,,,,秋田県,大館市,比内町味噌内
5,,0185744,,,,秋田県,大館市,比内町八木橋
5,,0185732,,,,秋田県,大館市,比内町谷地中
5,,0170026,,,,秋田県,大館市,二ツ屋境
5,,0170883,,,,秋田県,大館市,古川町
5,,0170815,,,,秋田県,大館市,部垂町
5,,0185603,,,,秋田県,大館市,曲田
5,,0170052,,,,秋田県,大館市,松木
5,,0170054,,,,秋田県,大館市,松館
5,,0170051,,,,秋田県,大館市,松峰
5,,0170873,,,,秋田県,大館市,御坂
5,,0170874,,,,秋田県,大館市,美園町
5,,0170868,,,,秋田県,大館市,南神明町
5,,0170828,,,,秋田県,大館市,向町
5,,0170876,,,,秋田県,大館市,餅田
5,,0185752,,,,秋田県,大館市,本宮
5,,0170827,,,,秋田県,大館市,谷地町
5,,0170826,,,,秋田県,大館市,谷地町後
5,,0183506,,,,秋田県,大館市,山瀬
5,,0183502,,,,秋田県,大館市,山田
5,,0170838,,,,秋田県,大館市,山館
5,,0170021,,,,秋田県,大館市,雪沢
5,,0170885,,,,秋田県,大館市,豊町
5,,0100500,,,,秋田県,男鹿市,以下に掲載がない場合
5,,0100353,,,,秋田県,男鹿市,五里合神谷
5,,0100352,,,,秋田県,男鹿市,五里合琴川
5,,0100355,,,,秋田県,男鹿市,五里合鮪川
5,,0100354,,,,秋田県,男鹿市,五里合中石
5,,0100351,,,,秋田県,男鹿市,五里合箱井
5,,0100421,,,,秋田県,男鹿市,鵜木
5,,0100664,,,,秋田県,男鹿市,男鹿中国有地内
5,,0100663,,,,秋田県,男鹿市,男鹿中滝川
5,,0100662,,,,秋田県,男鹿市,男鹿中中間口
5,,0100661,,,,秋田県,男鹿市,男鹿中浜間口
5,,0100665,,,,秋田県,男鹿市,男鹿中山町
5,,0100422,,,,秋田県,男鹿市,角間崎
5,,0100681,,,,秋田県,男鹿市,北浦相川
5,,0100684,,,,秋田県,男鹿市,北浦安全寺
5,,0100682,,,,秋田県,男鹿市,北浦表町
5,,0100683,,,,秋田県,男鹿市,北浦北浦
5,,0100685,,,,秋田県,男鹿市,北浦真山
5,,0100676,,,,秋田県,男鹿市,北浦西黒沢
5,,0100686,,,,秋田県,男鹿市,北浦西水口
5,,0100675,,,,秋田県,男鹿市,北浦入道崎
5,,0100688,,,,秋田県,男鹿市,北浦野村
5,,0100687,,,,秋田県,男鹿市,北浦湯本
5,,0100671,,,,秋田県,男鹿市,戸賀加茂青砂
5,,0100673,,,,秋田県,男鹿市,戸賀塩浜
5,,0100674,,,,秋田県,男鹿市,戸賀戸賀
5,,0100672,,,,秋田県,男鹿市,戸賀浜塩谷
5,,0100401,,,,秋田県,男鹿市,野石
5,,0100423,,,,秋田県,男鹿市,福川
5,,0100411,,,,秋田県,男鹿市,福米沢
5,,0100431,,,,秋田県,男鹿市,払戸
5,,0100523,,,,秋田県,男鹿市,船川港女川
5,,0100503,,,,秋田県,男鹿市,船川港金川
5,,0100534,,,,秋田県,男鹿市,船川港小浜
5,,0100533,,,,秋田県,男鹿市,船川港双六
5,,0100531,,,,秋田県,男鹿市,船川港台島
5,,0100532,,,,秋田県,男鹿市,船川港椿
5,,0100501,,,,秋田県,男鹿市,船川港仁井山
5,,0100502,,,,秋田県,男鹿市,船川港比詰
5,,0100511,,,,秋田県,男鹿市,船川港船川
5,,0100535,,,,秋田県,男鹿市,船川港本山門前
5,,0100522,,,,秋田県,男鹿市,船川港増川
5,,0100521,,,,秋田県,男鹿市,船川港南平沢
5,,0100341,,,,秋田県,男鹿市,船越
5,,0100412,,,,秋田県,男鹿市,本内
5,,0100413,,,,秋田県,男鹿市,松木沢
5,,0100345,,,,秋田県,男鹿市,脇本浦田
5,,0100343,,,,秋田県,男鹿市,脇本田谷沢
5,,0100346,,,,秋田県,男鹿市,脇本樽沢
5,,0100344,,,,秋田県,男鹿市,脇本富永
5,,0100347,,,,秋田県,男鹿市,脇本百川
5,,0100342,,,,秋田県,男鹿市,脇本脇本
5,,0120000,,,,秋田県,湯沢市,以下に掲載がない場合
5,,0190402,,,,秋田県,湯沢市,相川
5,,0120024,,,,秋田県,湯沢市,赤土
5,,0190321,,,,秋田県,湯沢市,秋ノ宮
5,,0120855,,,,秋田県,湯沢市,愛宕町
5,,0120042,,,,秋田県,湯沢市,小豆田
5,,0120852,,,,秋田県,湯沢市,荒町
5,,0120062,,,,秋田県,湯沢市,石塚
5,,0190201,,,,秋田県,湯沢市,泉沢
5,,0120107,,,,秋田県,湯沢市,稲庭町
5,,0120022,,,,秋田県,湯沢市,祝田
5,,0120801,,,,秋田県,湯沢市,岩崎
5,,0120834,,,,秋田県,湯沢市,岩ノ沢山
5,,0190113,,,,秋田県,湯沢市,院内銀山町
5,,0120842,,,,秋田県,湯沢市,内舘町
5,,0120843,,,,秋田県,湯沢市,内町
5,,0120824,,,,秋田県,湯沢市,裏門
5,,0190403,,,,秋田県,湯沢市,宇留院内
5,,0120014,,,,秋田県,湯沢市,大倉谷地
5,,0120026,,,,秋田県,湯沢市,大島
5,,0120841,,,,秋田県,湯沢市,大町
5,,0120012,,,,秋田県,湯沢市,大森
5,,0120045,,,,秋田県,湯沢市,岡田町
5,,0120057,,,,秋田県,湯沢市,雄勝田
5,,0120856,,,,秋田県,湯沢市,御囲地町
5,,0120023,,,,秋田県,湯沢市,沖田
5,,0120037,,,,秋田県,湯沢市,沖鶴
5,,0190205,,,,秋田県,湯沢市,小野
5,,0120827,,,,秋田県,湯沢市,表町
5,,0120001,,,,秋田県,湯沢市,角間
5,,0120831,,,,秋田県,湯沢市,角間沢
5,,0120833,,,,秋田県,湯沢市,カツクイ沢山
5,,0120005,,,,秋田県,湯沢市,金谷
5,,0120835,,,,秋田県,湯沢市,鉦打沢
5,,0120836,,,,秋田県,湯沢市,金堀沢山
5,,0190111,,,,秋田県,湯沢市,上院内
5,,0120864,,,,秋田県,湯沢市,上関
5,,0120003,,,,秋田県,湯沢市,上二井田
5,,0120105,,,,秋田県,湯沢市,川連町
5,,0120825,,,,秋田県,湯沢市,北荒町
5,,0120015,,,,秋田県,湯沢市,倉内
5,,0190202,,,,秋田県,湯沢市,桑崎
5,,0120021,,,,秋田県,湯沢市,黄金原
5,,0120104,,,,秋田県,湯沢市,駒形町
5,,0120845,,,,秋田県,湯沢市,材木町
5,,0120035,,,,秋田県,湯沢市,幸町
5,,0120013,,,,秋田県,湯沢市,栄田
5,,0190401,,,,秋田県,湯沢市,酒蒔
5,,0120811,,,,秋田県,湯沢市,桜通り
5,,0120824,,,,秋田県,湯沢市,佐竹町
5,,0120033,,,,秋田県,湯沢市,清水町
5,,0190112,,,,秋田県,湯沢市,下院内
5,,0120863,,,,秋田県,湯沢市,下関
5,,0120052,,,,秋田県,湯沢市,下中川原
5,,0120002,,,,秋田県,湯沢市,下二井田
5,,0120822,,,,秋田県,湯沢市,下山谷
5,,0120853,,,,秋田県,湯沢市,新町
5,,0120804,,,,秋田県,湯沢市,杉沢
5,,0120803,,,,秋田県,湯沢市,杉沢新所
5,,0120862,,,,秋田県,湯沢市,関口
5,,0120016,,,,秋田県,湯沢市,千刈
5,,0120857,,,,秋田県,湯沢市,千石町
5,,0120814,,,,秋田県,湯沢市,大工町
5,,0120008,,,,秋田県,湯沢市,高前
5,,0190404,,,,秋田県,湯沢市,高松
5,,0120844,,,,秋田県,湯沢市,田町
5,,0120031,,,,秋田県,湯沢市,鶴館
5,,0190203,,,,秋田県,湯沢市,寺沢
5,,0120854,,,,秋田県,湯沢市,鳶ケ沢山
5,,0120053,,,,秋田県,湯沢市,中川原
5,,0120041,,,,秋田県,湯沢市,中野
5,,0120044,,,,秋田県,湯沢市,中野々目
5,,0120802,,,,秋田県,湯沢市,成沢
5,,0120004,,,,秋田県,湯沢市,二井田
5,,0120868,,,,秋田県,湯沢市,西愛宕町
5,,0120837,,,,秋田県,湯沢市,西金堀沢山
5,,0120034,,,,秋田県,湯沢市,西新町
5,,0120054,,,,秋田県,湯沢市,西中川原
5,,0120866,,,,秋田県,湯沢市,西松沢
5,,0120865,,,,秋田県,湯沢市,沼樋
5,,0120812,,,,秋田県,湯沢市,東赤土山
5,,0120861,,,,秋田県,湯沢市,東松沢
5,,0120832,,,,秋田県,湯沢市,広沢山
5,,0120051,,,,秋田県,湯沢市,深堀
5,,0120056,,,,秋田県,湯沢市,藤花
5,,0120017,,,,秋田県,湯沢市,富士見
5,,0120851,,,,秋田県,湯沢市,吹張
5,,0120815,,,,秋田県,湯沢市,古館町
5,,0120838,,,,秋田県,湯沢市,蛇野
5,,0120025,,,,秋田県,湯沢市,前島
5,,0120813,,,,秋田県,湯沢市,前森
5,,0120061,,,,秋田県,湯沢市,松岡
5,,0120043,,,,秋田県,湯沢市,万石
5,,0120106,,,,秋田県,湯沢市,三梨町
5,,0190481,,,,秋田県,湯沢市,皆瀬（水上沢）
5,,0120183,,,,秋田県,湯沢市,皆瀬（その他）
5,,0120867,,,,秋田県,湯沢市,南台
5,,0120032,,,,秋田県,湯沢市,元清水
5,,0120011,,,,秋田県,湯沢市,森
5,,0120006,,,,秋田県,湯沢市,柳田
5,,0120826,,,,秋田県,湯沢市,柳町
5,,0120055,,,,秋田県,湯沢市,山田
5,,0120821,,,,秋田県,湯沢市,山谷
5,,0120007,,,,秋田県,湯沢市,八幡
5,,0120823,,,,秋田県,湯沢市,湯ノ上山
5,,0120823,,,,秋田県,湯沢市,湯ノ原
5,,0190204,,,,秋田県,湯沢市,横堀
5,,0120036,,,,秋田県,湯沢市,両神
5,,0120869,,,,秋田県,湯沢市,若葉町
5,,0185200,,,,秋田県,鹿角市,以下に掲載がない場合
5,,0185202,,,,秋田県,鹿角市,尾去沢
5,,0185332,,,,秋田県,鹿角市,十和田上向
5,,0185421,,,,秋田県,鹿角市,十和田大湯
5,,0185333,,,,秋田県,鹿角市,十和田岡田
5,,0185422,,,,秋田県,鹿角市,十和田草木
5,,0185334,,,,秋田県,鹿角市,十和田毛馬内
5,,0185337,,,,秋田県,鹿角市,十和田末広
5,,0185335,,,,秋田県,鹿角市,十和田瀬田石
5,,0185336,,,,秋田県,鹿角市,十和田錦木
5,,0185331,,,,秋田県,鹿角市,十和田山根
5,,0185141,,,,秋田県,鹿角市,八幡平
5,,0185201,,,,秋田県,鹿角市,花輪
5,,0150000,,,,秋田県,由利本荘市,以下に掲載がない場合
5,,0150023,,,,秋田県,由利本荘市,赤田
5,,0150836,,,,秋田県,由利本荘市,赤沼下
5,,0150079,,,,秋田県,由利本荘市,赤沼下道
5,,0150071,,,,秋田県,由利本荘市,赤沼町
5,,0150034,,,,秋田県,由利本荘市,芦川
5,,0150084,,,,秋田県,由利本荘市,鮎瀬
5,,0150065,,,,秋田県,由利本荘市,荒町
5,,0150892,,,,秋田県,由利本荘市,蟻山
5,,0150301,,,,秋田県,由利本荘市,飯沢
5,,0150311,,,,秋田県,由利本荘市,五十土
5,,0150012,,,,秋田県,由利本荘市,石脇（田尻）
5,,0150013,,,,秋田県,由利本荘市,石脇（田尻野）
5,,0150014,,,,秋田県,由利本荘市,石脇（山ノ神）
5,,0150011,,,,秋田県,由利本荘市,石脇（その他）
5,,0150823,,,,秋田県,由利本荘市,和泉町
5,,0150852,,,,秋田県,由利本荘市,一番堰
5,,0150876,,,,秋田県,由利本荘市,井戸尻
5,,0181215,,,,秋田県,由利本荘市,岩城赤平
5,,0181213,,,,秋田県,由利本荘市,岩城泉田
5,,0181301,,,,秋田県,由利本荘市,岩城内道川
5,,0181302,,,,秋田県,由利本荘市,岩城勝手
5,,0181225,,,,秋田県,由利本荘市,岩城上黒川
5,,0181222,,,,秋田県,由利本荘市,岩城上蛇田
5,,0181216,,,,秋田県,由利本荘市,岩城亀田愛宕町
5,,0181218,,,,秋田県,由利本荘市,岩城亀田大町
5,,0181217,,,,秋田県,由利本荘市,岩城亀田亀田町
5,,0181221,,,,秋田県,由利本荘市,岩城亀田最上町
5,,0181303,,,,秋田県,由利本荘市,岩城君ケ野
5,,0181226,,,,秋田県,由利本荘市,岩城下黒川
5,,0181223,,,,秋田県,由利本荘市,岩城下蛇田
5,,0181211,,,,秋田県,由利本荘市,岩城滝俣
5,,0181214,,,,秋田県,由利本荘市,岩城富田
5,,0181212,,,,秋田県,由利本荘市,岩城福俣
5,,0181305,,,,秋田県,由利本荘市,岩城二古
5,,0181304,,,,秋田県,由利本荘市,岩城道川
5,,0181224,,,,秋田県,由利本荘市,岩城六呂田
5,,0180904,,,,秋田県,由利本荘市,岩野目沢
5,,0150834,,,,秋田県,由利本荘市,岩渕下
5,,0180726,,,,秋田県,由利本荘市,岩谷麓
5,,0180711,,,,秋田県,由利本荘市,岩谷町
5,,0180723,,,,秋田県,由利本荘市,牛寺
5,,0150814,,,,秋田県,由利本荘市,後町
5,,0150022,,,,秋田県,由利本荘市,内黒瀬
5,,0150024,,,,秋田県,由利本荘市,内越
5,,0150042,,,,秋田県,由利本荘市,埋田
5,,0150072,,,,秋田県,由利本荘市,裏尾崎町
5,,0150094,,,,秋田県,由利本荘市,上野
5,,0150856,,,,秋田県,由利本荘市,円正脇
5,,0180731,,,,秋田県,由利本荘市,大内三川
5,,0180733,,,,秋田県,由利本荘市,大倉沢
5,,0150864,,,,秋田県,由利本荘市,大鍬町
5,,0150093,,,,秋田県,由利本荘市,大沢
5,,0180721,,,,秋田県,由利本荘市,大谷
5,,0150868,,,,秋田県,由利本荘市,大堤下
5,,0150062,,,,秋田県,由利本荘市,大中ノ沢
5,,0150816,,,,秋田県,由利本荘市,大町
5,,0150312,,,,秋田県,由利本荘市,大水口
5,,0150091,,,,秋田県,由利本荘市,大簗
5,,0150021,,,,秋田県,由利本荘市,大浦
5,,0150811,,,,秋田県,由利本荘市,桶屋町
5,,0150871,,,,秋田県,由利本荘市,尾崎
5,,0150802,,,,秋田県,由利本荘市,表尾崎町
5,,0150035,,,,秋田県,由利本荘市,親川
5,,0180841,,,,秋田県,由利本荘市,加賀沢
5,,0150812,,,,秋田県,由利本荘市,鍛治町
5,,0150826,,,,秋田県,由利本荘市,片町
5,,0150321,,,,秋田県,由利本荘市,蟹沢
5,,0150066,,,,秋田県,由利本荘市,金山
5,,0150854,,,,秋田県,由利本荘市,上大野
5,,0150085,,,,秋田県,由利本荘市,烏川
5,,0150051,,,,秋田県,由利本荘市,川口
5,,0150331,,,,秋田県,由利本荘市,川西
5,,0150872,,,,秋田県,由利本荘市,瓦谷地
5,,0150825,,,,秋田県,由利本荘市,観音町
5,,0150878,,,,秋田県,由利本荘市,観音森
5,,0150831,,,,秋田県,由利本荘市,北裏地
5,,0150069,,,,秋田県,由利本荘市,北ノ股
5,,0180734,,,,秋田県,由利本荘市,北福田
5,,0150884,,,,秋田県,由利本荘市,狐森
5,,0150874,,,,秋田県,由利本荘市,給人町
5,,0150881,,,,秋田県,由利本荘市,切通
5,,0180852,,,,秋田県,由利本荘市,葛岡
5,,0150045,,,,秋田県,由利本荘市,葛法
5,,0150302,,,,秋田県,由利本荘市,久保田
5,,0150361,,,,秋田県,由利本荘市,黒沢
5,,0150883,,,,秋田県,由利本荘市,下地ケ沢
5,,0180903,,,,秋田県,由利本荘市,小栗山
5,,0150313,,,,秋田県,由利本荘市,小菅野
5,,0150862,,,,秋田県,由利本荘市,小人町
5,,0150891,,,,秋田県,由利本荘市,小防ケ沢
5,,0150861,,,,秋田県,由利本荘市,御門
5,,0150887,,,,秋田県,由利本荘市,今野谷地
5,,0150821,,,,秋田県,由利本荘市,肴町
5,,0180907,,,,秋田県,由利本荘市,坂部
5,,0150074,,,,秋田県,由利本荘市,桜小路
5,,0150073,,,,秋田県,由利本荘市,笹道
5,,0150889,,,,秋田県,由利本荘市,砂糖畑
5,,0150067,,,,秋田県,由利本荘市,三条
5,,0150841,,,,秋田県,由利本荘市,下大野
5,,0150832,,,,秋田県,由利本荘市,下川原中島
5,,0150322,,,,秋田県,由利本荘市,新上条
5,,0150303,,,,秋田県,由利本荘市,陳ケ森
5,,0150888,,,,秋田県,由利本荘市,新組町
5,,0180842,,,,秋田県,由利本荘市,新沢
5,,0180902,,,,秋田県,由利本荘市,新田
5,,0150033,,,,秋田県,由利本荘市,神沢
5,,0150869,,,,秋田県,由利本荘市,陣場岱
5,,0150833,,,,秋田県,由利本荘市,巣組
5,,0150875,,,,秋田県,由利本荘市,砂子下
5,,0150351,,,,秋田県,由利本荘市,堰口
5,,0150840,,,,秋田県,由利本荘市,瀬越場
5,,0150867,,,,秋田県,由利本荘市,千刈
5,,0150081,,,,秋田県,由利本荘市,雪車町
5,,0150808,,,,秋田県,由利本荘市,大門
5,,0180844,,,,秋田県,由利本荘市,高尾
5,,0180905,,,,秋田県,由利本荘市,滝
5,,0150083,,,,秋田県,由利本荘市,滝ノ沢
5,,0150086,,,,秋田県,由利本荘市,舘
5,,0150063,,,,秋田県,由利本荘市,舘前
5,,0150804,,,,秋田県,由利本荘市,谷山小路
5,,0150822,,,,秋田県,由利本荘市,田町
5,,0150044,,,,秋田県,由利本荘市,玉ノ池
5,,0150504,,,,秋田県,由利本荘市,鳥海町上川内
5,,0150721,,,,秋田県,由利本荘市,鳥海町上笹子
5,,0150515,,,,秋田県,由利本荘市,鳥海町上直根
5,,0150503,,,,秋田県,由利本荘市,鳥海町栗沢
5,,0150505,,,,秋田県,由利本荘市,鳥海町小川
5,,0150511,,,,秋田県,由利本荘市,鳥海町戈之神
5,,0150512,,,,秋田県,由利本荘市,鳥海町猿倉
5,,0150502,,,,秋田県,由利本荘市,鳥海町下川内
5,,0150722,,,,秋田県,由利本荘市,鳥海町下笹子
5,,0150513,,,,秋田県,由利本荘市,鳥海町下直根
5,,0150514,,,,秋田県,由利本荘市,鳥海町中直根
5,,0150501,,,,秋田県,由利本荘市,鳥海町伏見
5,,0150516,,,,秋田県,由利本荘市,鳥海町百宅
5,,0150886,,,,秋田県,由利本荘市,調練場
5,,0150323,,,,秋田県,由利本荘市,土倉
5,,0150054,,,,秋田県,由利本荘市,土谷（谷地）
5,,0150055,,,,秋田県,由利本荘市,土谷（その他）
5,,0150866,,,,秋田県,由利本荘市,堤脇
5,,0150873,,,,秋田県,由利本荘市,鶴沼
5,,0150842,,,,秋田県,由利本荘市,出戸上野
5,,0150837,,,,秋田県,由利本荘市,出戸町（赤沼下道）
5,,0150857,,,,秋田県,由利本荘市,寺後
5,,0180732,,,,秋田県,由利本荘市,徳沢
5,,0150061,,,,秋田県,由利本荘市,二十六木
5,,0150089,,,,秋田県,由利本荘市,鳥田目
5,,0180853,,,,秋田県,由利本荘市,長坂
5,,0180901,,,,秋田県,由利本荘市,中田代
5,,0180722,,,,秋田県,由利本荘市,中館
5,,0150803,,,,秋田県,由利本荘市,中竪町
5,,0180843,,,,秋田県,由利本荘市,中帳
5,,0180845,,,,秋田県,由利本荘市,中俣
5,,0150851,,,,秋田県,由利本荘市,中梵天
5,,0150817,,,,秋田県,由利本荘市,中町
5,,0150807,,,,秋田県,由利本荘市,中横町
5,,0150865,,,,秋田県,由利本荘市,西大鍬町
5,,0150882,,,,秋田県,由利本荘市,西小人町
5,,0150352,,,,秋田県,由利本荘市,西沢
5,,0150858,,,,秋田県,由利本荘市,西梵天
5,,0180601,,,,秋田県,由利本荘市,西目町海士剥
5,,0180602,,,,秋田県,由利本荘市,西目町出戸
5,,0180603,,,,秋田県,由利本荘市,西目町西目
5,,0180604,,,,秋田県,由利本荘市,西目町沼田
5,,0150855,,,,秋田県,由利本荘市,二番堰
5,,0150877,,,,秋田県,由利本荘市,濡浜北
5,,0180854,,,,秋田県,由利本荘市,及位
5,,0150052,,,,秋田県,由利本荘市,畑谷
5,,0150835,,,,秋田県,由利本荘市,八幡下
5,,0150075,,,,秋田県,由利本荘市,花畑町
5,,0180906,,,,秋田県,由利本荘市,羽広
5,,0150031,,,,秋田県,由利本荘市,浜三川
5,,0150827,,,,秋田県,由利本荘市,浜ノ町
5,,0150362,,,,秋田県,由利本荘市,東鮎川
5,,0150314,,,,秋田県,由利本荘市,東中沢
5,,0150843,,,,秋田県,由利本荘市,東梵天
5,,0150076,,,,秋田県,由利本荘市,東町
5,,0150211,,,,秋田県,由利本荘市,東由利老方
5,,0150202,,,,秋田県,由利本荘市,東由利蔵
5,,0150231,,,,秋田県,由利本荘市,東由利黒渕
5,,0150241,,,,秋田県,由利本荘市,東由利宿
5,,0150242,,,,秋田県,由利本荘市,東由利杉森
5,,0150232,,,,秋田県,由利本荘市,東由利田代
5,,0150221,,,,秋田県,由利本荘市,東由利舘合
5,,0150201,,,,秋田県,由利本荘市,東由利法内
5,,0150813,,,,秋田県,由利本荘市,日役町
5,,0150353,,,,秋田県,由利本荘市,平石
5,,0180851,,,,秋田県,由利本荘市,平岫
5,,0180724,,,,秋田県,由利本荘市,深沢
5,,0150053,,,,秋田県,由利本荘市,福山
5,,0150047,,,,秋田県,由利本荘市,藤崎
5,,0150046,,,,秋田県,由利本荘市,船岡
5,,0150890,,,,秋田県,由利本荘市,船ケ台
5,,0150863,,,,秋田県,由利本荘市,不戻沢
5,,0150839,,,,秋田県,由利本荘市,古川端
5,,0150824,,,,秋田県,由利本荘市,古雪町
5,,0150809,,,,秋田県,由利本荘市,本荘
5,,0150077,,,,秋田県,由利本荘市,本田仲町
5,,0150838,,,,秋田県,由利本荘市,梵天谷地
5,,0150341,,,,秋田県,由利本荘市,前郷
5,,0150304,,,,秋田県,由利本荘市,曲沢
5,,0150363,,,,秋田県,由利本荘市,町村
5,,0150853,,,,秋田県,由利本荘市,松街道
5,,0150032,,,,秋田県,由利本荘市,松ケ崎
5,,0180855,,,,秋田県,由利本荘市,松本
5,,0150064,,,,秋田県,由利本荘市,万願寺
5,,0150801,,,,秋田県,由利本荘市,美倉町
5,,0150885,,,,秋田県,由利本荘市,水林
5,,0150068,,,,秋田県,由利本荘市,南ノ股
5,,0150364,,,,秋田県,由利本荘市,南福田
5,,0150043,,,,秋田県,由利本荘市,宮内
5,,0150082,,,,秋田県,由利本荘市,宮沢
5,,0150332,,,,秋田県,由利本荘市,森子
5,,0150088,,,,秋田県,由利本荘市,柳生
5,,0150041,,,,秋田県,由利本荘市,薬師堂
5,,0150418,,,,秋田県,由利本荘市,矢島町荒沢
5,,0150412,,,,秋田県,由利本荘市,矢島町川辺
5,,0150413,,,,秋田県,由利本荘市,矢島町木在
5,,0150416,,,,秋田県,由利本荘市,矢島町坂之下
5,,0150411,,,,秋田県,由利本荘市,矢島町城内
5,,0150415,,,,秋田県,由利本荘市,矢島町新荘
5,,0150414,,,,秋田県,由利本荘市,矢島町立石
5,,0150403,,,,秋田県,由利本荘市,矢島町舘町
5,,0150401,,,,秋田県,由利本荘市,矢島町田中町
5,,0150404,,,,秋田県,由利本荘市,矢島町七日町
5,,0150417,,,,秋田県,由利本荘市,矢島町元町
5,,0150402,,,,秋田県,由利本荘市,矢島町矢島町
5,,0150078,,,,秋田県,由利本荘市,谷地町
5,,0150243,,,,秋田県,由利本荘市,山内（三ツ方森）
5,,0150092,,,,秋田県,由利本荘市,山内（その他）
5,,0150025,,,,秋田県,由利本荘市,山田
5,,0150333,,,,秋田県,由利本荘市,山本
5,,0150087,,,,秋田県,由利本荘市,湯沢
5,,0150324,,,,秋田県,由利本荘市,吉沢
5,,0180725,,,,秋田県,由利本荘市,米坂
5,,0150815,,,,秋田県,由利本荘市,猟師町
5,,0181400,,,,秋田県,潟上市,以下に掲載がない場合
5,,0181504,,,,秋田県,潟上市,飯田川飯塚
5,,0181501,,,,秋田県,潟上市,飯田川金山
5,,0181502,,,,秋田県,潟上市,飯田川下虻川
5,,0181503,,,,秋田県,潟上市,飯田川和田妹川
5,,0181401,,,,秋田県,潟上市,昭和大久保
5,,0181412,,,,秋田県,潟上市,昭和豊川岡井戸
5,,0181411,,,,秋田県,潟上市,昭和豊川上虻川
5,,0181414,,,,秋田県,潟上市,昭和豊川槻木
5,,0181413,,,,秋田県,潟上市,昭和豊川船橋
5,,0181416,,,,秋田県,潟上市,昭和豊川山田
5,,0181415,,,,秋田県,潟上市,昭和豊川竜毛
5,,0181403,,,,秋田県,潟上市,昭和八丁目
5,,0181402,,,,秋田県,潟上市,昭和乱橋
5,,0100202,,,,秋田県,潟上市,天王大崎
5,,0100101,,,,秋田県,潟上市,天王（追分、追分西、上北野、長沼）
5,,0100201,,,,秋田県,潟上市,天王（その他）
5,,0140000,,,,秋田県,大仙市,以下に掲載がない場合
5,,0140013,,,,秋田県,大仙市,朝日町
5,,0140067,,,,秋田県,大仙市,飯田
5,,0140004,,,,秋田県,大仙市,泉町
5,,0140112,,,,秋田県,大仙市,板見内
5,,0140073,,,,秋田県,大仙市,内小友
5,,0192201,,,,秋田県,大仙市,円行寺
5,,0140714,,,,秋田県,大仙市,大神成
5,,0192202,,,,秋田県,大仙市,大沢郷宿
5,,0192103,,,,秋田県,大仙市,大沢郷寺
5,,0191616,,,,秋田県,大仙市,太田町永代
5,,0191613,,,,秋田県,大仙市,太田町太田
5,,0191615,,,,秋田県,大仙市,太田町川口
5,,0191605,,,,秋田県,大仙市,太田町国見
5,,0191612,,,,秋田県,大仙市,太田町小神成
5,,0191604,,,,秋田県,大仙市,太田町駒場
5,,0191611,,,,秋田県,大仙市,太田町斉内
5,,0191602,,,,秋田県,大仙市,太田町三本扇
5,,0191603,,,,秋田県,大仙市,太田町中里
5,,0191614,,,,秋田県,大仙市,太田町東今泉
5,,0191601,,,,秋田県,大仙市,太田町横沢
5,,0140022,,,,秋田県,大仙市,大花町
5,,0140031,,,,秋田県,大仙市,大曲
5,,0140055,,,,秋田県,大仙市,大曲あけぼの町
5,,0140068,,,,秋田県,大仙市,大曲飯田町
5,,0140025,,,,秋田県,大仙市,大曲大町
5,,0140054,,,,秋田県,大仙市,大曲金谷町
5,,0140048,,,,秋田県,大仙市,大曲上大町
5,,0140062,,,,秋田県,大仙市,大曲上栄町
5,,0140052,,,,秋田県,大仙市,大曲川原町
5,,0140023,,,,秋田県,大仙市,大曲黒瀬町
5,,0140061,,,,秋田県,大仙市,大曲栄町
5,,0140015,,,,秋田県,大仙市,大曲白金町
5,,0140034,,,,秋田県,大仙市,大曲住吉町
5,,0140047,,,,秋田県,大仙市,大曲須和町
5,,0140046,,,,秋田県,大仙市,大曲田町
5,,0140027,,,,秋田県,大仙市,大曲通町
5,,0140043,,,,秋田県,大仙市,大曲戸巻町
5,,0140024,,,,秋田県,大仙市,大曲中通町
5,,0140053,,,,秋田県,大仙市,大曲花園町
5,,0140051,,,,秋田県,大仙市,大曲浜町
5,,0140063,,,,秋田県,大仙市,大曲日の出町
5,,0140014,,,,秋田県,大仙市,大曲福住町
5,,0140042,,,,秋田県,大仙市,大曲福見町
5,,0140057,,,,秋田県,大仙市,大曲船場町
5,,0140041,,,,秋田県,大仙市,大曲丸子町
5,,0140026,,,,秋田県,大仙市,大曲丸の内町
5,,0140056,,,,秋田県,大仙市,大曲緑町
5,,0140045,,,,秋田県,大仙市,大曲若葉町
5,,0140072,,,,秋田県,大仙市,大曲西根
5,,0192331,,,,秋田県,大仙市,大巻
5,,0140064,,,,秋田県,大仙市,小貫高畑
5,,0141413,,,,秋田県,大仙市,角間川町
5,,0192333,,,,秋田県,大仙市,金山沢
5,,0140202,,,,秋田県,大仙市,上鶯野
5,,0192112,,,,秋田県,大仙市,刈和野
5,,0140066,,,,秋田県,大仙市,川目
5,,0140203,,,,秋田県,大仙市,北長野
5,,0191702,,,,秋田県,大仙市,北楢岡
5,,0192121,,,,秋田県,大仙市,北野目
5,,0192334,,,,秋田県,大仙市,木原田
5,,0192412,,,,秋田県,大仙市,協和荒川
5,,0192521,,,,秋田県,大仙市,協和稲沢
5,,0192413,,,,秋田県,大仙市,協和上淀川
5,,0192441,,,,秋田県,大仙市,協和小種
5,,0192411,,,,秋田県,大仙市,協和境
5,,0192442,,,,秋田県,大仙市,協和下淀川
5,,0192443,,,,秋田県,大仙市,協和中淀川
5,,0192401,,,,秋田県,大仙市,協和船岡
5,,0192402,,,,秋田県,大仙市,協和船沢
5,,0192431,,,,秋田県,大仙市,協和峰吉川
5,,0192332,,,,秋田県,大仙市,九升田
5,,0140713,,,,秋田県,大仙市,栗沢
5,,0140803,,,,秋田県,大仙市,上野田
5,,0192335,,,,秋田県,大仙市,強首
5,,0140012,,,,秋田県,大仙市,幸町
5,,0140017,,,,秋田県,大仙市,佐野町
5,,0140204,,,,秋田県,大仙市,清水
5,,0140201,,,,秋田県,大仙市,下鶯野
5,,0140065,,,,秋田県,大仙市,下深井
5,,0192204,,,,秋田県,大仙市,正手沢
5,,0191701,,,,秋田県,大仙市,神宮寺
5,,0192205,,,,秋田県,大仙市,杉山田
5,,0192122,,,,秋田県,大仙市,高城
5,,0140103,,,,秋田県,大仙市,高関上郷
5,,0140805,,,,秋田県,大仙市,高梨
5,,0192111,,,,秋田県,大仙市,土川
5,,0192123,,,,秋田県,大仙市,寺館
5,,0140801,,,,秋田県,大仙市,戸地谷
5,,0140044,,,,秋田県,大仙市,戸蒔
5,,0140712,,,,秋田県,大仙市,豊岡
5,,0140711,,,,秋田県,大仙市,豊川
5,,0140206,,,,秋田県,大仙市,長戸呂
5,,0140207,,,,秋田県,大仙市,長野
5,,0191949,,,,秋田県,大仙市,南外赤畑
5,,0191865,,,,秋田県,大仙市,南外赤平後野
5,,0191863,,,,秋田県,大仙市,南外赤平貝沼
5,,0191864,,,,秋田県,大仙市,南外赤平大道東
5,,0191866,,,,秋田県,大仙市,南外赤平台野
5,,0191868,,,,秋田県,大仙市,南外赤平平家
5,,0191858,,,,秋田県,大仙市,南外赤平六郎沢
5,,0191901,,,,秋田県,大仙市,南外悪戸野
5,,0191835,,,,秋田県,大仙市,南外揚土
5,,0191834,,,,秋田県,大仙市,南外揚土山
5,,0191876,,,,秋田県,大仙市,南外新屋布
5,,0191916,,,,秋田県,大仙市,南外石仏
5,,0191942,,,,秋田県,大仙市,南外岩倉
5,,0191945,,,,秋田県,大仙市,南外岩瀬
5,,0191908,,,,秋田県,大仙市,南外上野
5,,0191932,,,,秋田県,大仙市,南外大黒森
5,,0191842,,,,秋田県,大仙市,南外大杉
5,,0191843,,,,秋田県,大仙市,南外大杉二タ又杉
5,,0191841,,,,秋田県,大仙市,南外大杉山岸
5,,0191852,,,,秋田県,大仙市,南外太田
5,,0191855,,,,秋田県,大仙市,南外大畑
5,,0191857,,,,秋田県,大仙市,南外大畑潜沢
5,,0191856,,,,秋田県,大仙市,南外大畑深山
5,,0191935,,,,秋田県,大仙市,南外大平
5,,0191905,,,,秋田県,大仙市,南外大向
5,,0191961,,,,秋田県,大仙市,南外大柳
5,,0191882,,,,秋田県,大仙市,南外大和野
5,,0191812,,,,秋田県,大仙市,南外沖田
5,,0191875,,,,秋田県,大仙市,南外落合
5,,0191906,,,,秋田県,大仙市,南外金屋
5,,0191956,,,,秋田県,大仙市,南外上荒又
5,,0191948,,,,秋田県,大仙市,南外上釜坂
5,,0191907,,,,秋田県,大仙市,南外上鎌田
5,,0191816,,,,秋田県,大仙市,南外上木直
5,,0191926,,,,秋田県,大仙市,南外上桑台
5,,0191925,,,,秋田県,大仙市,南外上巣ノ沢
5,,0191872,,,,秋田県,大仙市,南外上中宿
5,,0191922,,,,秋田県,大仙市,南外上中野
5,,0191808,,,,秋田県,大仙市,南外川口
5,,0191807,,,,秋田県,大仙市,南外川口本町
5,,0191817,,,,秋田県,大仙市,南外木直沢
5,,0191834,,,,秋田県,大仙市,南外北田黒瀬
5,,0191832,,,,秋田県,大仙市,南外北田山田ケ沢
5,,0191951,,,,秋田県,大仙市,南外黒滝
5,,0191937,,,,秋田県,大仙市,南外小荒沢
5,,0191847,,,,秋田県,大仙市,南外小出
5,,0191802,,,,秋田県,大仙市,南外小春木沢
5,,0191813,,,,秋田県,大仙市,南外猿ケ瀬出野
5,,0191851,,,,秋田県,大仙市,南外山王台
5,,0191957,,,,秋田県,大仙市,南外小浪滝
5,,0191938,,,,秋田県,大仙市,南外下荒沢
5,,0191952,,,,秋田県,大仙市,南外下荒又
5,,0191947,,,,秋田県,大仙市,南外下釜坂
5,,0191903,,,,秋田県,大仙市,南外下鎌田
5,,0191814,,,,秋田県,大仙市,南外下木直
5,,0191931,,,,秋田県,大仙市,南外下滝
5,,0191902,,,,秋田県,大仙市,南外下袋
5,,0191915,,,,秋田県,大仙市,南外下湯ノ又
5,,0191946,,,,秋田県,大仙市,南外十二ノ前
5,,0191806,,,,秋田県,大仙市,南外十二袋
5,,0191848,,,,秋田県,大仙市,南外鞦田
5,,0191909,,,,秋田県,大仙市,南外杉橋
5,,0191923,,,,秋田県,大仙市,南外巣ノ沢
5,,0191924,,,,秋田県,大仙市,南外巣ノ沢石切場
5,,0191953,,,,秋田県,大仙市,南外外小友
5,,0191955,,,,秋田県,大仙市,南外外山
5,,0191928,,,,秋田県,大仙市,南外滝中田表
5,,0191933,,,,秋田県,大仙市,南外滝ノ沢
5,,0191934,,,,秋田県,大仙市,南外田尻
5,,0191873,,,,秋田県,大仙市,南外田中
5,,0191826,,,,秋田県,大仙市,南外田中田
5,,0191827,,,,秋田県,大仙市,南外田中田山根
5,,0191822,,,,秋田県,大仙市,南外田屋村
5,,0191831,,,,秋田県,大仙市,南外壇ノ平山
5,,0191861,,,,秋田県,大仙市,南外寺沢
5,,0191888,,,,秋田県,大仙市,南外土場
5,,0191936,,,,秋田県,大仙市,南外中荒沢
5,,0191954,,,,秋田県,大仙市,南外中荒又
5,,0191927,,,,秋田県,大仙市,南外中桑台
5,,0191874,,,,秋田県,大仙市,南外中宿
5,,0191921,,,,秋田県,大仙市,南外中野
5,,0191929,,,,秋田県,大仙市,南外中野山
5,,0191904,,,,秋田県,大仙市,南外中袋
5,,0191887,,,,秋田県,大仙市,南外中渡
5,,0191846,,,,秋田県,大仙市,南外梨木田
5,,0191805,,,,秋田県,大仙市,南外西板戸
5,,0191804,,,,秋田県,大仙市,南外西野
5,,0191886,,,,秋田県,大仙市,南外西ノ又
5,,0191963,,,,秋田県,大仙市,南外西ノ又滝ノ沢
5,,0191878,,,,秋田県,大仙市,南外及位
5,,0191884,,,,秋田県,大仙市,南外林ノ沢
5,,0191943,,,,秋田県,大仙市,南外一ト刎
5,,0191815,,,,秋田県,大仙市,南外平形
5,,0191883,,,,秋田県,大仙市,南外平沢
5,,0191918,,,,秋田県,大仙市,南外広表
5,,0191801,,,,秋田県,大仙市,南外物渡台
5,,0191825,,,,秋田県,大仙市,南外坊田
5,,0191803,,,,秋田県,大仙市,南外坊田石兀ノ下
5,,0191853,,,,秋田県,大仙市,南外坊田黒沢
5,,0191911,,,,秋田県,大仙市,南外坊村
5,,0191941,,,,秋田県,大仙市,南外松木田
5,,0191912,,,,秋田県,大仙市,南外丸木橋
5,,0191939,,,,秋田県,大仙市,南外水上沢
5,,0191877,,,,秋田県,大仙市,南外水沢
5,,0191824,,,,秋田県,大仙市,南外宮田
5,,0191958,,,,秋田県,大仙市,南外向ノ沢
5,,0191881,,,,秋田県,大仙市,南外葎沢
5,,0191885,,,,秋田県,大仙市,南外無尻橋
5,,0191811,,,,秋田県,大仙市,南外本宿
5,,0191917,,,,秋田県,大仙市,南外薬師堂
5,,0191871,,,,秋田県,大仙市,南外谷地田
5,,0191913,,,,秋田県,大仙市,南外湯神台
5,,0191914,,,,秋田県,大仙市,南外湯ノ又
5,,0191944,,,,秋田県,大仙市,南外湯元
5,,0191962,,,,秋田県,大仙市,南外若林
5,,0191862,,,,秋田県,大仙市,南外和合
5,,0140104,,,,秋田県,大仙市,新谷地
5,,0140804,,,,秋田県,大仙市,橋本
5,,0140001,,,,秋田県,大仙市,花館
5,,0140002,,,,秋田県,大仙市,花館上町
5,,0140006,,,,秋田県,大仙市,花館中町
5,,0140005,,,,秋田県,大仙市,花館柳町
5,,0140032,,,,秋田県,大仙市,東川
5,,0140071,,,,秋田県,大仙市,蛭川
5,,0140114,,,,秋田県,大仙市,福田
5,,0140021,,,,秋田県,大仙市,福田町
5,,0141412,,,,秋田県,大仙市,藤木
5,,0140011,,,,秋田県,大仙市,富士見町
5,,0140802,,,,秋田県,大仙市,払田
5,,0140113,,,,秋田県,大仙市,堀見内
5,,0140101,,,,秋田県,大仙市,松倉
5,,0140003,,,,秋田県,大仙市,美原町
5,,0140205,,,,秋田県,大仙市,鑓見内
5,,0140111,,,,秋田県,大仙市,横堀
5,,0140102,,,,秋田県,大仙市,四ツ屋
5,,0141411,,,,秋田県,大仙市,六郷西根
5,,0140016,,,,秋田県,大仙市,若竹町
5,,0140033,,,,秋田県,大仙市,和合
5,,0183300,,,,秋田県,北秋田市,以下に掲載がない場合
5,,0183313,,,,秋田県,北秋田市,旭町
5,,0184621,,,,秋田県,北秋田市,阿仁荒瀬
5,,0184623,,,,秋田県,北秋田市,阿仁荒瀬川櫃畑
5,,0184731,,,,秋田県,北秋田市,阿仁打当
5,,0184743,,,,秋田県,北秋田市,阿仁笑内
5,,0184624,,,,秋田県,北秋田市,阿仁鍵ノ滝
5,,0184745,,,,秋田県,北秋田市,阿仁萱草
5,,0184613,,,,秋田県,北秋田市,阿仁銀山
5,,0184741,,,,秋田県,北秋田市,阿仁幸屋
5,,0184742,,,,秋田県,北秋田市,阿仁幸屋渡
5,,0184603,,,,秋田県,北秋田市,阿仁小様
5,,0184622,,,,秋田県,北秋田市,阿仁小沢鉱山
5,,0184602,,,,秋田県,北秋田市,阿仁小渕
5,,0184604,,,,秋田県,北秋田市,阿仁三枚鉱山
5,,0184733,,,,秋田県,北秋田市,阿仁戸鳥内
5,,0184734,,,,秋田県,北秋田市,阿仁長畑
5,,0184732,,,,秋田県,北秋田市,阿仁中村
5,,0184744,,,,秋田県,北秋田市,阿仁根子
5,,0184735,,,,秋田県,北秋田市,阿仁比立内
5,,0184746,,,,秋田県,北秋田市,阿仁伏影
5,,0184515,,,,秋田県,北秋田市,阿仁前田
5,,0184612,,,,秋田県,北秋田市,阿仁真木沢鉱山
5,,0184611,,,,秋田県,北秋田市,阿仁水無
5,,0184601,,,,秋田県,北秋田市,阿仁吉田
5,,0183314,,,,秋田県,北秋田市,伊勢町
5,,0183343,,,,秋田県,北秋田市,今泉
5,,0184302,,,,秋田県,北秋田市,浦田
5,,0183324,,,,秋田県,北秋田市,大町
5,,0184516,,,,秋田県,北秋田市,桂瀬
5,,0184251,,,,秋田県,北秋田市,鎌沢
5,,0184231,,,,秋田県,北秋田市,上杉
5,,0184211,,,,秋田県,北秋田市,川井
5,,0184203,,,,秋田県,北秋田市,木戸石
5,,0183341,,,,秋田県,北秋田市,黒沢
5,,0184513,,,,秋田県,北秋田市,小又
5,,0184514,,,,秋田県,北秋田市,五味堀
5,,0183451,,,,秋田県,北秋田市,小森
5,,0184273,,,,秋田県,北秋田市,根田
5,,0183311,,,,秋田県,北秋田市,材木町
5,,0183302,,,,秋田県,北秋田市,栄
5,,0184221,,,,秋田県,北秋田市,下杉
5,,0183322,,,,秋田県,北秋田市,住吉町
5,,0184282,,,,秋田県,北秋田市,李岱
5,,0184261,,,,秋田県,北秋田市,芹沢
5,,0183332,,,,秋田県,北秋田市,鷹巣（平崎上岱）
5,,0183331,,,,秋田県,北秋田市,鷹巣（その他）
5,,0183301,,,,秋田県,北秋田市,綴子
5,,0184241,,,,秋田県,北秋田市,道城
5,,0183453,,,,秋田県,北秋田市,中屋敷
5,,0183452,,,,秋田県,北秋田市,七日市
5,,0184272,,,,秋田県,北秋田市,新田目
5,,0184512,,,,秋田県,北秋田市,根森田
5,,0184202,,,,秋田県,北秋田市,八幡岱新田
5,,0183312,,,,秋田県,北秋田市,花園町
5,,0184281,,,,秋田県,北秋田市,羽根山
5,,0183316,,,,秋田県,北秋田市,東横町
5,,0184271,,,,秋田県,北秋田市,福田
5,,0183333,,,,秋田県,北秋田市,坊沢
5,,0184303,,,,秋田県,北秋田市,本城
5,,0183342,,,,秋田県,北秋田市,前山
5,,0184201,,,,秋田県,北秋田市,増沢
5,,0183321,,,,秋田県,北秋田市,松葉町
5,,0184263,,,,秋田県,北秋田市,三木田
5,,0184262,,,,秋田県,北秋田市,三里
5,,0183315,,,,秋田県,北秋田市,宮前町
5,,0183325,,,,秋田県,北秋田市,元町
5,,0184511,,,,秋田県,北秋田市,森吉
5,,0184301,,,,秋田県,北秋田市,米内沢
5,,0183323,,,,秋田県,北秋田市,米代町
5,,0183454,,,,秋田県,北秋田市,脇神
5,,0180400,,,,秋田県,にかほ市,以下に掲載がない場合
5,,0180431,,,,秋田県,にかほ市,伊勢居地
5,,0180411,,,,秋田県,にかほ市,院内
5,,0180322,,,,秋田県,にかほ市,大竹
5,,0180412,,,,秋田県,にかほ市,小国
5,,0180421,,,,秋田県,にかほ市,釜ケ台
5,,0180126,,,,秋田県,にかほ市,象潟町１丁目塩越
5,,0180118,,,,秋田県,にかほ市,象潟町２丁目塩越
5,,0180119,,,,秋田県,にかほ市,象潟町３丁目塩越
5,,0180116,,,,秋田県,にかほ市,象潟町４丁目塩越
5,,0180106,,,,秋田県,にかほ市,象潟町５丁目塩越
5,,0180135,,,,秋田県,にかほ市,象潟町洗釜
5,,0180107,,,,秋田県,にかほ市,象潟町荒屋下
5,,0180105,,,,秋田県,にかほ市,象潟町荒屋妻
5,,0180112,,,,秋田県,にかほ市,象潟町家の後
5,,0180108,,,,秋田県,にかほ市,象潟町入湖の澗
5,,0180115,,,,秋田県,にかほ市,象潟町後田
5,,0180136,,,,秋田県,にかほ市,象潟町大砂川
5,,0180121,,,,秋田県,にかほ市,象潟町大塩越
5,,0180142,,,,秋田県,にかほ市,象潟町大須郷
5,,0180162,,,,秋田県,にかほ市,象潟町大森
5,,0180131,,,,秋田県,にかほ市,象潟町大谷地
5,,0180114,,,,秋田県,にかほ市,象潟町沖の田
5,,0180146,,,,秋田県,にかほ市,象潟町蒲谷池
5,,0180103,,,,秋田県,にかほ市,象潟町上狐森
5,,0180184,,,,秋田県,にかほ市,象潟町上小坂
5,,0180188,,,,秋田県,にかほ市,象潟町烏島
5,,0180141,,,,秋田県,にかほ市,象潟町川袋
5,,0180109,,,,秋田県,にかほ市,象潟町冠石下
5,,0180122,,,,秋田県,にかほ市,象潟町象潟島
5,,0180104,,,,秋田県,にかほ市,象潟町狐森
5,,0180102,,,,秋田県,にかほ市,象潟町木戸口
5,,0180145,,,,秋田県,にかほ市,象潟町源蔵潟
5,,0180187,,,,秋田県,にかほ市,象潟町小烏島
5,,0180172,,,,秋田県,にかほ市,象潟町小才の神
5,,0180183,,,,秋田県,にかほ市,象潟町小坂
5,,0180143,,,,秋田県,にかほ市,象潟町小砂川
5,,0180153,,,,秋田県,にかほ市,象潟町小滝
5,,0180158,,,,秋田県,にかほ市,象潟町琴和喜
5,,0180129,,,,秋田県,にかほ市,象潟町才の神
5,,0180175,,,,秋田県,にかほ市,象潟町坂の下
5,,0180148,,,,秋田県,にかほ市,象潟町下浜山
5,,0180181,,,,秋田県,にかほ市,象潟町白山堂
5,,0180133,,,,秋田県,にかほ市,象潟町関
5,,0180161,,,,秋田県,にかほ市,象潟町大飯郷
5,,0180156,,,,秋田県,にかほ市,象潟町大門先
5,,0180166,,,,秋田県,にかほ市,象潟町高田
5,,0180157,,,,秋田県,にかほ市,象潟町鷹放
5,,0180147,,,,秋田県,にかほ市,象潟町立石
5,,0180165,,,,秋田県,にかほ市,象潟町狸森
5,,0180167,,,,秋田県,にかほ市,象潟町田の神
5,,0180128,,,,秋田県,にかほ市,象潟町太郎島
5,,0180171,,,,秋田県,にかほ市,象潟町続島
5,,0180132,,,,秋田県,にかほ市,象潟町鳥の海
5,,0180163,,,,秋田県,にかほ市,象潟町長岡
5,,0180127,,,,秋田県,にかほ市,象潟町中橋町
5,,0180144,,,,秋田県,にかほ市,象潟町中谷地
5,,0180154,,,,秋田県,にかほ市,象潟町二階谷地
5,,0180134,,,,秋田県,にかほ市,象潟町西中野沢
5,,0180125,,,,秋田県,にかほ市,象潟町二の丸
5,,0180124,,,,秋田県,にかほ市,象潟町入道島
5,,0180186,,,,秋田県,にかほ市,象潟町能因島
5,,0180113,,,,秋田県,にかほ市,象潟町浜の田
5,,0180117,,,,秋田県,にかほ市,象潟町浜畑
5,,0180101,,,,秋田県,にかほ市,象潟町浜山
5,,0180174,,,,秋田県,にかほ市,象潟町林の下
5,,0180182,,,,秋田県,にかほ市,象潟町不動沢
5,,0180111,,,,秋田県,にかほ市,象潟町武道島
5,,0180155,,,,秋田県,にかほ市,象潟町弁天島
5,,0180152,,,,秋田県,にかほ市,象潟町本郷
5,,0180164,,,,秋田県,にかほ市,象潟町丸山
5,,0180123,,,,秋田県,にかほ市,象潟町妙見下
5,,0180185,,,,秋田県,にかほ市,象潟町屋敷田
5,,0180151,,,,秋田県,にかほ市,象潟町横岡
5,,0180176,,,,秋田県,にかほ市,象潟町横山
5,,0180173,,,,秋田県,にかほ市,象潟町四隅池
5,,0180302,,,,秋田県,にかほ市,黒川
5,,0180311,,,,秋田県,にかほ市,金浦
5,,0180404,,,,秋田県,にかほ市,芹田
5,,0180414,,,,秋田県,にかほ市,田抓
5,,0180434,,,,秋田県,にかほ市,寺田
5,,0180422,,,,秋田県,にかほ市,冬師
5,,0180301,,,,秋田県,にかほ市,飛
5,,0180435,,,,秋田県,にかほ市,中三地
5,,0180433,,,,秋田県,にかほ市,畑
5,,0180413,,,,秋田県,にかほ市,馬場
5,,0180436,,,,秋田県,にかほ市,樋目野
5,,0180402,,,,秋田県,にかほ市,平沢
5,,0180321,,,,秋田県,にかほ市,前川
5,,0180432,,,,秋田県,にかほ市,水沢
5,,0180403,,,,秋田県,にかほ市,三森
5,,0180401,,,,秋田県,にかほ市,両前寺
5,,0140300,,,,秋田県,仙北市,以下に掲載がない場合
5,,0140373,,,,秋田県,仙北市,角館町岩瀬
5,,0140375,,,,秋田県,仙北市,角館町岩瀬下タ野
5,,0140316,,,,秋田県,仙北市,角館町岩瀬町
5,,0140374,,,,秋田県,仙北市,角館町上野
5,,0140336,,,,秋田県,仙北市,角館町裏町
5,,0140364,,,,秋田県,仙北市,角館町大中嶋
5,,0140371,,,,秋田県,仙北市,角館町大風呂
5,,0140347,,,,秋田県,仙北市,角館町小勝田
5,,0140332,,,,秋田県,仙北市,角館町歩行町
5,,0140334,,,,秋田県,仙北市,角館町表町上丁
5,,0140331,,,,秋田県,仙北市,角館町表町下丁
5,,0140367,,,,秋田県,仙北市,角館町勝楽
5,,0140362,,,,秋田県,仙北市,角館町金山下
5,,0140327,,,,秋田県,仙北市,角館町上新町
5,,0140369,,,,秋田県,仙北市,角館町上菅沢
5,,0140346,,,,秋田県,仙北市,角館町川原
5,,0140333,,,,秋田県,仙北市,角館町川原町
5,,0140358,,,,秋田県,仙北市,角館町川原町後
5,,0140359,,,,秋田県,仙北市,角館町北野
5,,0140341,,,,秋田県,仙北市,角館町雲然
5,,0140372,,,,秋田県,仙北市,角館町小館
5,,0140324,,,,秋田県,仙北市,角館町小人町
5,,0140363,,,,秋田県,仙北市,角館町下川原
5,,0140313,,,,秋田県,仙北市,角館町下岩瀬町
5,,0140315,,,,秋田県,仙北市,角館町下新町
5,,0140366,,,,秋田県,仙北市,角館町下菅沢
5,,0140317,,,,秋田県,仙北市,角館町下中町
5,,0140343,,,,秋田県,仙北市,角館町下延
5,,0140302,,,,秋田県,仙北市,角館町白岩
5,,0140365,,,,秋田県,仙北市,角館町菅沢
5,,0140303,,,,秋田県,仙北市,角館町薗田
5,,0140328,,,,秋田県,仙北市,角館町竹原町
5,,0140311,,,,秋田県,仙北市,角館町田町上丁
5,,0140312,,,,秋田県,仙北市,角館町田町下丁
5,,0140352,,,,秋田県,仙北市,角館町外ノ山
5,,0140355,,,,秋田県,仙北市,角館町外ノ山官有地
5,,0140361,,,,秋田県,仙北市,角館町鳥木沢
5,,0140368,,,,秋田県,仙北市,角館町中菅沢
5,,0140318,,,,秋田県,仙北市,角館町中町
5,,0140322,,,,秋田県,仙北市,角館町七日町
5,,0140321,,,,秋田県,仙北市,角館町西勝楽町
5,,0140379,,,,秋田県,仙北市,角館町西北野
5,,0140376,,,,秋田県,仙北市,角館町西下タ野
5,,0140353,,,,秋田県,仙北市,角館町西菅沢
5,,0140377,,,,秋田県,仙北市,角館町西田
5,,0140344,,,,秋田県,仙北市,角館町西長野
5,,0140378,,,,秋田県,仙北市,角館町西野川原
5,,0140342,,,,秋田県,仙北市,角館町八割
5,,0140356,,,,秋田県,仙北市,角館町花場
5,,0140357,,,,秋田県,仙北市,角館町花場下
5,,0140325,,,,秋田県,仙北市,角館町東勝楽丁
5,,0140301,,,,秋田県,仙北市,角館町広久内
5,,0140337,,,,秋田県,仙北市,角館町古城
5,,0140351,,,,秋田県,仙北市,角館町古城山
5,,0140335,,,,秋田県,仙北市,角館町細越町
5,,0140354,,,,秋田県,仙北市,角館町水ノ目沢
5,,0140326,,,,秋田県,仙北市,角館町山根町
5,,0140345,,,,秋田県,仙北市,角館町山谷川崎
5,,0140323,,,,秋田県,仙北市,角館町横町
5,,0141112,,,,秋田県,仙北市,田沢湖梅沢
5,,0141111,,,,秋田県,仙北市,田沢湖岡崎
5,,0141201,,,,秋田県,仙北市,田沢湖生保内
5,,0141116,,,,秋田県,仙北市,田沢湖角館東前郷
5,,0141203,,,,秋田県,仙北市,田沢湖潟
5,,0141115,,,,秋田県,仙北市,田沢湖小松
5,,0141202,,,,秋田県,仙北市,田沢湖刺巻
5,,0141114,,,,秋田県,仙北市,田沢湖神代
5,,0141113,,,,秋田県,仙北市,田沢湖卒田
5,,0141204,,,,秋田県,仙北市,田沢湖田沢
5,,0141205,,,,秋田県,仙北市,田沢湖玉川
5,,0140515,,,,秋田県,仙北市,西木町門屋
5,,0140512,,,,秋田県,仙北市,西木町上荒井
5,,0140601,,,,秋田県,仙北市,西木町上桧木内
5,,0140513,,,,秋田県,仙北市,西木町小渕野
5,,0140516,,,,秋田県,仙北市,西木町小山田
5,,0140511,,,,秋田県,仙北市,西木町西明寺
5,,0140514,,,,秋田県,仙北市,西木町西荒井
5,,0140602,,,,秋田県,仙北市,西木町桧木内
5,,0170200,,,,秋田県,鹿角郡小坂町,以下に掲載がない場合
5,,0170204,,,,秋田県,鹿角郡小坂町,荒谷
5,,0170203,,,,秋田県,鹿角郡小坂町,上向
5,,0170201,,,,秋田県,鹿角郡小坂町,小坂
5,,0170202,,,,秋田県,鹿角郡小坂町,小坂鉱山
5,,0170205,,,,秋田県,鹿角郡小坂町,大地
5,,0185511,,,,秋田県,鹿角郡小坂町,十和田湖
5,,0184400,,,,秋田県,北秋田郡上小阿仁村,以下に掲載がない場合
5,,0184431,,,,秋田県,北秋田郡上小阿仁村,大林
5,,0184401,,,,秋田県,北秋田郡上小阿仁村,沖田面
5,,0184421,,,,秋田県,北秋田郡上小阿仁村,小沢田
5,,0184412,,,,秋田県,北秋田郡上小阿仁村,五反沢
5,,0184413,,,,秋田県,北秋田郡上小阿仁村,杉花
5,,0184422,,,,秋田県,北秋田郡上小阿仁村,堂川
5,,0184411,,,,秋田県,北秋田郡上小阿仁村,福舘
5,,0184423,,,,秋田県,北秋田郡上小阿仁村,仏社
5,,0184432,,,,秋田県,北秋田郡上小阿仁村,南沢
5,,0183200,,,,秋田県,山本郡藤里町,以下に掲載がない場合
5,,0183203,,,,秋田県,山本郡藤里町,大沢
5,,0183205,,,,秋田県,山本郡藤里町,粕毛
5,,0183202,,,,秋田県,山本郡藤里町,太良
5,,0183201,,,,秋田県,山本郡藤里町,藤琴
5,,0183204,,,,秋田県,山本郡藤里町,矢坂
5,,0182400,,,,秋田県,山本郡三種町,以下に掲載がない場合
5,,0182405,,,,秋田県,山本郡三種町,芦崎
5,,0182102,,,,秋田県,山本郡三種町,天瀬川
5,,0182401,,,,秋田県,山本郡三種町,鵜川
5,,0182406,,,,秋田県,山本郡三種町,大口
5,,0182104,,,,秋田県,山本郡三種町,鹿渡
5,,0182101,,,,秋田県,山本郡三種町,上岩川
5,,0182402,,,,秋田県,山本郡三種町,川尻
5,,0182403,,,,秋田県,山本郡三種町,久米岡新田
5,,0182103,,,,秋田県,山本郡三種町,鯉川
5,,0182301,,,,秋田県,山本郡三種町,志戸橋
5,,0182302,,,,秋田県,山本郡三種町,下岩川
5,,0182305,,,,秋田県,山本郡三種町,外岡
5,,0182404,,,,秋田県,山本郡三種町,富岡新田
5,,0182304,,,,秋田県,山本郡三種町,豊岡金田
5,,0182407,,,,秋田県,山本郡三種町,浜田
5,,0182303,,,,秋田県,山本郡三種町,森岳
5,,0182500,,,,秋田県,山本郡八峰町,以下に掲載がない場合
5,,0182637,,,,秋田県,山本郡八峰町,八森家の後
5,,0182643,,,,秋田県,山本郡八峰町,八森家の上
5,,0182622,,,,秋田県,山本郡八峰町,八森家の向
5,,0182615,,,,秋田県,山本郡八峰町,八森伊勢鉢台
5,,0182676,,,,秋田県,山本郡八峰町,八森磯村
5,,0182611,,,,秋田県,山本郡八峰町,八森岩館
5,,0182605,,,,秋田県,山本郡八峰町,八森岩館塚の台
5,,0182608,,,,秋田県,山本郡八峰町,八森岩館向台
5,,0182601,,,,秋田県,山本郡八峰町,八森乙の水
5,,0182675,,,,秋田県,山本郡八峰町,八森篭田
5,,0182609,,,,秋田県,山本郡八峰町,八森門の沢
5,,0182647,,,,秋田県,山本郡八峰町,八森鹿の浦
5,,0182606,,,,秋田県,山本郡八峰町,八森釜の上
5,,0182674,,,,秋田県,山本郡八峰町,八森上家後
5,,0182636,,,,秋田県,山本郡八峰町,八森上嘉治助台
5,,0182618,,,,秋田県,山本郡八峰町,八森木戸の沢
5,,0182653,,,,秋田県,山本郡八峰町,八森倉の沢
5,,0182614,,,,秋田県,山本郡八峰町,八森小入川家の上
5,,0182613,,,,秋田県,山本郡八峰町,八森鉱山
5,,0182617,,,,秋田県,山本郡八峰町,八森御所の台
5,,0182631,,,,秋田県,山本郡八峰町,八森五輪台下段
5,,0182633,,,,秋田県,山本郡八峰町,八森五輪台上段
5,,0182632,,,,秋田県,山本郡八峰町,八森三十釜
5,,0182627,,,,秋田県,山本郡八峰町,八森山内
5,,0182625,,,,秋田県,山本郡八峰町,八森山内台
5,,0182672,,,,秋田県,山本郡八峰町,八森下家後
5,,0182635,,,,秋田県,山本郡八峰町,八森下嘉治助台
5,,0182651,,,,秋田県,山本郡八峰町,八森下館下
5,,0182662,,,,秋田県,山本郡八峰町,八森新浜田
5,,0182634,,,,秋田県,山本郡八峰町,八森滝の上
5,,0182623,,,,秋田県,山本郡八峰町,八森滝ノ間
5,,0182628,,,,秋田県,山本郡八峰町,八森立石
5,,0182602,,,,秋田県,山本郡八峰町,八森チゴキ
5,,0182621,,,,秋田県,山本郡八峰町,八森茶の沢
5,,0182646,,,,秋田県,山本郡八峰町,八森塚の台
5,,0182642,,,,秋田県,山本郡八峰町,八森椿
5,,0182644,,,,秋田県,山本郡八峰町,八森椿台
5,,0182666,,,,秋田県,山本郡八峰町,八森寺の後
5,,0182665,,,,秋田県,山本郡八峰町,八森寺の後川向
5,,0182648,,,,秋田県,山本郡八峰町,八森泊台
5,,0182663,,,,秋田県,山本郡八峰町,八森樋長
5,,0182673,,,,秋田県,山本郡八峰町,八森中家後
5,,0182619,,,,秋田県,山本郡八峰町,八森長坂
5,,0182645,,,,秋田県,山本郡八峰町,八森中嶋
5,,0182641,,,,秋田県,山本郡八峰町,八森中浜
5,,0182612,,,,秋田県,山本郡八峰町,八森ノケソリ
5,,0182678,,,,秋田県,山本郡八峰町,八森八森
5,,0182667,,,,秋田県,山本郡八峰町,八森八森家後
5,,0182677,,,,秋田県,山本郡八峰町,八森八森後
5,,0182661,,,,秋田県,山本郡八峰町,八森浜田
5,,0182607,,,,秋田県,山本郡八峰町,八森林の沢
5,,0182664,,,,秋田県,山本郡八峰町,八森古屋敷
5,,0182616,,,,秋田県,山本郡八峰町,八森三沢
5,,0182638,,,,秋田県,山本郡八峰町,八森茂浦
5,,0182655,,,,秋田県,山本郡八峰町,八森本館
5,,0182652,,,,秋田県,山本郡八峰町,八森本館中台
5,,0182603,,,,秋田県,山本郡八峰町,八森物見
5,,0182654,,,,秋田県,山本郡八峰町,八森諸沢口
5,,0182656,,,,秋田県,山本郡八峰町,八森諸沢下脇
5,,0182671,,,,秋田県,山本郡八峰町,八森湯の尻
5,,0182626,,,,秋田県,山本郡八峰町,八森横間
5,,0182624,,,,秋田県,山本郡八峰町,八森横間台
5,,0182604,,,,秋田県,山本郡八峰町,八森和田表
5,,0182504,,,,秋田県,山本郡八峰町,峰浜石川
5,,0182505,,,,秋田県,山本郡八峰町,峰浜内荒巻
5,,0182511,,,,秋田県,山本郡八峰町,峰浜高野々
5,,0182506,,,,秋田県,山本郡八峰町,峰浜小手萩
5,,0182508,,,,秋田県,山本郡八峰町,峰浜坂形
5,,0182507,,,,秋田県,山本郡八峰町,峰浜田中
5,,0182509,,,,秋田県,山本郡八峰町,峰浜沼田
5,,0182512,,,,秋田県,山本郡八峰町,峰浜畑谷
5,,0182503,,,,秋田県,山本郡八峰町,峰浜塙
5,,0182501,,,,秋田県,山本郡八峰町,峰浜水沢
5,,0182502,,,,秋田県,山本郡八峰町,峰浜目名潟
5,,0181700,,,,秋田県,南秋田郡五城目町,以下に掲載がない場合
5,,0181704,,,,秋田県,南秋田郡五城目町,石田六ケ村堰添
5,,0181743,,,,秋田県,南秋田郡五城目町,稲荷前
5,,0181851,,,,秋田県,南秋田郡五城目町,内川浅見内
5,,0181857,,,,秋田県,南秋田郡五城目町,内川小倉
5,,0181854,,,,秋田県,南秋田郡五城目町,内川黒土
5,,0181852,,,,秋田県,南秋田郡五城目町,内川湯ノ又
5,,0181722,,,,秋田県,南秋田郡五城目町,鵜ノ木
5,,0181741,,,,秋田県,南秋田郡五城目町,浦大町
5,,0181742,,,,秋田県,南秋田郡五城目町,浦横町
5,,0181705,,,,秋田県,南秋田郡五城目町,上町
5,,0181731,,,,秋田県,南秋田郡五城目町,大川石崎
5,,0181734,,,,秋田県,南秋田郡五城目町,大川大川
5,,0181735,,,,秋田県,南秋田郡五城目町,大川下樋口
5,,0181732,,,,秋田県,南秋田郡五城目町,大川西野
5,,0181733,,,,秋田県,南秋田郡五城目町,大川谷地中
5,,0181723,,,,秋田県,南秋田郡五城目町,上樋口
5,,0181745,,,,秋田県,南秋田郡五城目町,川崎
5,,0181712,,,,秋田県,南秋田郡五城目町,久保
5,,0181746,,,,秋田県,南秋田郡五城目町,小池
5,,0181706,,,,秋田県,南秋田郡五城目町,下タ町
5,,0181744,,,,秋田県,南秋田郡五城目町,神明前
5,,0181702,,,,秋田県,南秋田郡五城目町,杉ケ崎
5,,0181711,,,,秋田県,南秋田郡五城目町,高崎
5,,0181714,,,,秋田県,南秋田郡五城目町,舘越
5,,0181701,,,,秋田県,南秋田郡五城目町,兎品沢
5,,0181721,,,,秋田県,南秋田郡五城目町,七倉
5,,0181725,,,,秋田県,南秋田郡五城目町,西磯ノ目
5,,0181747,,,,秋田県,南秋田郡五城目町,野田
5,,0181703,,,,秋田県,南秋田郡五城目町,羽黒前
5,,0181713,,,,秋田県,南秋田郡五城目町,馬場目
5,,0181724,,,,秋田県,南秋田郡五城目町,東磯ノ目
5,,0181856,,,,秋田県,南秋田郡五城目町,富津内下山内
5,,0181855,,,,秋田県,南秋田郡五城目町,富津内富田
5,,0181853,,,,秋田県,南秋田郡五城目町,富津内中津又
5,,0181600,,,,秋田県,南秋田郡八郎潟町,以下に掲載がない場合
5,,0181621,,,,秋田県,南秋田郡八郎潟町,家の後
5,,0181617,,,,秋田県,南秋田郡八郎潟町,イカリ
5,,0181602,,,,秋田県,南秋田郡八郎潟町,浦大町
5,,0181616,,,,秋田県,南秋田郡八郎潟町,大道
5,,0181627,,,,秋田県,南秋田郡八郎潟町,押切
5,,0181615,,,,秋田県,南秋田郡八郎潟町,蒲沼
5,,0181611,,,,秋田県,南秋田郡八郎潟町,上沖谷地
5,,0181613,,,,秋田県,南秋田郡八郎潟町,上昼根
5,,0181618,,,,秋田県,南秋田郡八郎潟町,川口
5,,0181605,,,,秋田県,南秋田郡八郎潟町,川崎
5,,0181625,,,,秋田県,南秋田郡八郎潟町,久保見
5,,0181603,,,,秋田県,南秋田郡八郎潟町,小池
5,,0181628,,,,秋田県,南秋田郡八郎潟町,島ノ内
5,,0181623,,,,秋田県,南秋田郡八郎潟町,下川原
5,,0181635,,,,秋田県,南秋田郡八郎潟町,洲先
5,,0181624,,,,秋田県,南秋田郡八郎潟町,中久保
5,,0181629,,,,秋田県,南秋田郡八郎潟町,中嶋
5,,0181614,,,,秋田県,南秋田郡八郎潟町,中田
5,,0181633,,,,秋田県,南秋田郡八郎潟町,中谷地
5,,0181632,,,,秋田県,南秋田郡八郎潟町,長沼
5,,0181634,,,,秋田県,南秋田郡八郎潟町,軒嶋
5,,0181604,,,,秋田県,南秋田郡八郎潟町,野田
5,,0181631,,,,秋田県,南秋田郡八郎潟町,八幡沼
5,,0181622,,,,秋田県,南秋田郡八郎潟町,一日市
5,,0181612,,,,秋田県,南秋田郡八郎潟町,昼根下
5,,0181626,,,,秋田県,南秋田郡八郎潟町,細川
5,,0181601,,,,秋田県,南秋田郡八郎潟町,真坂
5,,0181606,,,,秋田県,南秋田郡八郎潟町,夜叉袋
5,,0181500,,,,秋田県,南秋田郡井川町,以下に掲載がない場合
5,,0181525,,,,秋田県,南秋田郡井川町,赤沢
5,,0181527,,,,秋田県,南秋田郡井川町,井内
5,,0181511,,,,秋田県,南秋田郡井川町,今戸
5,,0181514,,,,秋田県,南秋田郡井川町,宇治木
5,,0181524,,,,秋田県,南秋田郡井川町,大麦
5,,0181512,,,,秋田県,南秋田郡井川町,北川尻
5,,0181513,,,,秋田県,南秋田郡井川町,黒坪
5,,0181515,,,,秋田県,南秋田郡井川町,小竹花
5,,0181523,,,,秋田県,南秋田郡井川町,坂本
5,,0181526,,,,秋田県,南秋田郡井川町,寺沢
5,,0181528,,,,秋田県,南秋田郡井川町,葹田
5,,0181521,,,,秋田県,南秋田郡井川町,八田大倉
5,,0181516,,,,秋田県,南秋田郡井川町,浜井川
5,,0181522,,,,秋田県,南秋田郡井川町,保野子
5,,0100400,,,,秋田県,南秋田郡大潟村,以下に掲載がない場合
5,,0100451,,,,秋田県,南秋田郡大潟村,大潟
5,,0100452,,,,秋田県,南秋田郡大潟村,方上
5,,0100453,,,,秋田県,南秋田郡大潟村,方口
5,,0100441,,,,秋田県,南秋田郡大潟村,北
5,,0100443,,,,秋田県,南秋田郡大潟村,中央
5,,0100454,,,,秋田県,南秋田郡大潟村,中野
5,,0100445,,,,秋田県,南秋田郡大潟村,西
5,,0100455,,,,秋田県,南秋田郡大潟村,西野
5,,0100442,,,,秋田県,南秋田郡大潟村,東
5,,0100456,,,,秋田県,南秋田郡大潟村,東野
5,,0100444,,,,秋田県,南秋田郡大潟村,南
5,,0191400,,,,秋田県,仙北郡美郷町,以下に掲載がない場合
5,,0191533,,,,秋田県,仙北郡美郷町,安城寺
5,,0191234,,,,秋田県,仙北郡美郷町,飯詰
5,,0191302,,,,秋田県,仙北郡美郷町,金沢
5,,0191235,,,,秋田県,仙北郡美郷町,金沢西根
5,,0191522,,,,秋田県,仙北郡美郷町,金沢東根
5,,0191236,,,,秋田県,仙北郡美郷町,上深井
5,,0191511,,,,秋田県,仙北郡美郷町,黒沢
5,,0191542,,,,秋田県,仙北郡美郷町,小荒川
5,,0191233,,,,秋田県,仙北郡美郷町,境田
5,,0191237,,,,秋田県,仙北郡美郷町,佐野
5,,0191502,,,,秋田県,仙北郡美郷町,千屋
5,,0191541,,,,秋田県,仙北郡美郷町,土崎
5,,0191232,,,,秋田県,仙北郡美郷町,天神堂
5,,0191521,,,,秋田県,仙北郡美郷町,中野
5,,0191501,,,,秋田県,仙北郡美郷町,浪花
5,,0191301,,,,秋田県,仙北郡美郷町,野荒町
5,,0191402,,,,秋田県,仙北郡美郷町,野中
5,,0191531,,,,秋田県,仙北郡美郷町,畑屋
5,,0191532,,,,秋田県,仙北郡美郷町,羽貫谷地
5,,0191512,,,,秋田県,仙北郡美郷町,本堂城回
5,,0191231,,,,秋田県,仙北郡美郷町,南町
5,,0191401,,,,秋田県,仙北郡美郷町,鑓田
5,,0191404,,,,秋田県,仙北郡美郷町,六郷
5,,0191403,,,,秋田県,仙北郡美郷町,六郷東根
5,,0121100,,,,秋田県,雄勝郡羽後町,以下に掲載がない場合
5,,0121124,,,,秋田県,雄勝郡羽後町,赤袴
5,,0121136,,,,秋田県,雄勝郡羽後町,飯沢
5,,0121121,,,,秋田県,雄勝郡羽後町,大久保
5,,0121101,,,,秋田県,雄勝郡羽後町,大沢
5,,0121132,,,,秋田県,雄勝郡羽後町,大戸
5,,0121123,,,,秋田県,雄勝郡羽後町,貝沢
5,,0121122,,,,秋田県,雄勝郡羽後町,柏原
5,,0121353,,,,秋田県,雄勝郡羽後町,上仙道
5,,0121242,,,,秋田県,雄勝郡羽後町,上到米
5,,0121243,,,,秋田県,雄勝郡羽後町,軽井沢
5,,0121113,,,,秋田県,雄勝郡羽後町,郡山
5,,0121135,,,,秋田県,雄勝郡羽後町,鹿内
5,,0121111,,,,秋田県,雄勝郡羽後町,嶋田新田
5,,0121351,,,,秋田県,雄勝郡羽後町,下仙道
5,,0121102,,,,秋田県,雄勝郡羽後町,新町
5,,0121126,,,,秋田県,雄勝郡羽後町,杉宮
5,,0121116,,,,秋田県,雄勝郡羽後町,高尾田
5,,0121134,,,,秋田県,雄勝郡羽後町,田沢
5,,0121241,,,,秋田県,雄勝郡羽後町,田代
5,,0121115,,,,秋田県,雄勝郡羽後町,足田
5,,0121133,,,,秋田県,雄勝郡羽後町,床舞
5,,0121352,,,,秋田県,雄勝郡羽後町,中仙道
5,,0121131,,,,秋田県,雄勝郡羽後町,西馬音内
5,,0121137,,,,秋田県,雄勝郡羽後町,西馬音内堀回
5,,0121114,,,,秋田県,雄勝郡羽後町,糠塚
5,,0121125,,,,秋田県,雄勝郡羽後町,野中
5,,0121103,,,,秋田県,雄勝郡羽後町,林崎
5,,0121106,,,,秋田県,雄勝郡羽後町,払体
5,,0121104,,,,秋田県,雄勝郡羽後町,堀内
5,,0121105,,,,秋田県,雄勝郡羽後町,水沢
5,,0121112,,,,秋田県,雄勝郡羽後町,睦合
5,,0190800,,,,秋田県,雄勝郡東成瀬村,以下に掲載がない場合
5,,0190802,,,,秋田県,雄勝郡東成瀬村,岩井川
5,,0190801,,,,秋田県,雄勝郡東成瀬村,田子内
5,,0190803,,,,秋田県,雄勝郡東成瀬村,椿川
