6,,9900000,,,,山形県,山形市,以下に掲載がない場合
6,,9900055,,,,山形県,山形市,相生町
6,,9902435,,,,山形県,山形市,青田
6,,9902324,,,,山形県,山形市,青田南
6,,9902222,,,,山形県,山形市,青野
6,,9902214,,,,山形県,山形市,青柳
6,,9902353,,,,山形県,山形市,明石堂
6,,9902481,,,,山形県,山形市,あかねケ丘
6,,9902162,,,,山形県,山形市,あけぼの
6,,9900025,,,,山形県,山形市,あこや町
6,,9902434,,,,山形県,山形市,旭が丘
6,,9900024,,,,山形県,山形市,あさひ町
6,,9902491,,,,山形県,山形市,あずま町
6,,9902432,,,,山形県,山形市,荒楯町
6,,9902476,,,,山形県,山形市,飯沢
6,,9902332,,,,山形県,山形市,飯田
6,,9902331,,,,山形県,山形市,飯田西
6,,9900841,,,,山形県,山形市,飯塚口
6,,9900845,,,,山形県,山形市,飯塚町
6,,9900842,,,,山形県,山形市,石関
6,,9900061,,,,山形県,山形市,五十鈴
6,,9900068,,,,山形県,山形市,泉町
6,,9900829,,,,山形県,山形市,五日町
6,,9900817,,,,山形県,山形市,今塚
6,,9902351,,,,山形県,山形市,鋳物町
6,,9902403,,,,山形県,山形市,岩波
6,,9900066,,,,山形県,山形市,印役町
6,,9900877,,,,山形県,山形市,内表
6,,9900878,,,,山形県,山形市,内表東
6,,9900874,,,,山形県,山形市,梅野木前
6,,9902161,,,,山形県,山形市,漆山
6,,9902483,,,,山形県,山形市,上町
6,,9900861,,,,山形県,山形市,江俣
6,,9900052,,,,山形県,山形市,円応寺町
6,,9900046,,,,山形県,山形市,大手町
6,,9902344,,,,山形県,山形市,大道端
6,,9902231,,,,山形県,山形市,大森
6,,9900818,,,,山形県,山形市,沖町
6,,9902402,,,,山形県,山形市,小立
6,,9900075,,,,山形県,山形市,落合町
6,,9902365,,,,山形県,山形市,御手作
6,,9902307,,,,山形県,山形市,表蔵王
6,,9902484,,,,山形県,山形市,篭田
6,,9902221,,,,山形県,山形市,風間
6,,9902341,,,,山形県,山形市,柏倉
6,,9900826,,,,山形県,山形市,霞城町
6,,9900833,,,,山形県,山形市,春日町
6,,9900039,,,,山形県,山形市,香澄町
6,,9902316,,,,山形県,山形市,片谷地
6,,9900856,,,,山形県,山形市,金石田
6,,9900851,,,,山形県,山形市,上椹沢
6,,9902421,,,,山形県,山形市,上桜田
6,,9902384,,,,山形県,山形市,上反田
6,,9902241,,,,山形県,山形市,上東山
6,,9900017,,,,山形県,山形市,上宝沢
6,,9902212,,,,山形県,山形市,上柳
6,,9900004,,,,山形県,山形市,上山家町
6,,9902406,,,,山形県,山形市,神尾
6,,9900875,,,,山形県,山形市,北江俣
6,,9900896,,,,山形県,山形市,北田
6,,9900821,,,,山形県,山形市,北町
6,,9900822,,,,山形県,山形市,北山形
6,,9900044,,,,山形県,山形市,木の実町
6,,9902475,,,,山形県,山形市,木ノ目田
6,,9900876,,,,山形県,山形市,行才
6,,9900834,,,,山形県,山形市,清住町
6,,9902233,,,,山形県,山形市,切畑
6,,9902482,,,,山形県,山形市,久保田
6,,9902311,,,,山形県,山形市,黒沢
6,,9900863,,,,山形県,山形市,江南
6,,9900852,,,,山形県,山形市,黄金
6,,9900032,,,,山形県,山形市,小姓町
6,,9900021,,,,山形県,山形市,小白川町
6,,9902414,,,,山形県,山形市,寿町
6,,9900035,,,,山形県,山形市,小荷駄町
6,,9902234,,,,山形県,山形市,こも石
6,,9900038,,,,山形県,山形市,幸町
6,,9902333,,,,山形県,山形市,蔵王飯田
6,,9902303,,,,山形県,山形市,蔵王上野
6,,9902301,,,,山形県,山形市,蔵王温泉
6,,9902334,,,,山形県,山形市,蔵王成沢
6,,9902305,,,,山形県,山形市,蔵王半郷
6,,9902302,,,,山形県,山形市,蔵王堀田
6,,9902338,,,,山形県,山形市,蔵王松ケ丘
6,,9902337,,,,山形県,山形市,蔵王西成沢
6,,9902335,,,,山形県,山形市,蔵王南成沢
6,,9902304,,,,山形県,山形市,蔵王山田
6,,9900003,,,,山形県,山形市,早乙女
6,,9900819,,,,山形県,山形市,境田町
6,,9900077,,,,山形県,山形市,栄原
6,,9900824,,,,山形県,山形市,肴町
6,,9902376,,,,山形県,山形市,桜ケ丘
6,,9902323,,,,山形県,山形市,桜田東
6,,9902321,,,,山形県,山形市,桜田西
6,,9902322,,,,山形県,山形市,桜田南
6,,9900045,,,,山形県,山形市,桜町
6,,9900898,,,,山形県,山形市,三社
6,,9900846,,,,山形県,山形市,志鎌
6,,9900868,,,,山形県,山形市,志戸田
6,,9902173,,,,山形県,山形市,渋江
6,,9900870,,,,山形県,山形市,島
6,,9900885,,,,山形県,山形市,嶋北
6,,9900886,,,,山形県,山形市,嶋南
6,,9900858,,,,山形県,山形市,下椹沢
6,,9900823,,,,山形県,山形市,下条町
6,,9902385,,,,山形県,山形市,下反田
6,,9900809,,,,山形県,山形市,下田
6,,9902232,,,,山形県,山形市,下東山
6,,9900018,,,,山形県,山形市,下宝沢
6,,9902215,,,,山形県,山形市,下柳
6,,9900005,,,,山形県,山形市,下山家町
6,,9900012,,,,山形県,山形市,釈迦堂
6,,9902211,,,,山形県,山形市,十文字
6,,9900827,,,,山形県,山形市,城南町
6,,9900825,,,,山形県,山形市,城北町
6,,9902381,,,,山形県,山形市,常明寺
6,,9900807,,,,山形県,山形市,白川
6,,9900832,,,,山形県,山形市,城西町
6,,9902343,,,,山形県,山形市,城森
6,,9902164,,,,山形県,山形市,新開
6,,9900864,,,,山形県,山形市,陣場
6,,9900882,,,,山形県,山形市,陣場新田
6,,9900860,,,,山形県,山形市,陣場南
6,,9902494,,,,山形県,山形市,末広町
6,,9902362,,,,山形県,山形市,菅沢
6,,9902367,,,,山形県,山形市,すげさわの丘
6,,9900884,,,,山形県,山形市,鮨洗
6,,9900062,,,,山形県,山形市,鈴川町
6,,9900847,,,,山形県,山形市,砂田
6,,9900854,,,,山形県,山形市,砂塚
6,,9900033,,,,山形県,山形市,諏訪町
6,,9900016,,,,山形県,山形市,関沢
6,,9900881,,,,山形県,山形市,瀬波
6,,9902216,,,,山形県,山形市,千刈
6,,9902227,,,,山形県,山形市,千石
6,,9902172,,,,山形県,山形市,千手堂
6,,9900008,,,,山形県,山形市,双月新町
6,,9900065,,,,山形県,山形市,双月町
6,,9902378,,,,山形県,山形市,反町
6,,9902364,,,,山形県,山形市,大師堂
6,,9900073,,,,山形県,山形市,大野目
6,,9902346,,,,山形県,山形市,高木
6,,9902242,,,,山形県,山形市,高沢
6,,9900808,,,,山形県,山形市,高田
6,,9902464,,,,山形県,山形市,高堂
6,,9900002,,,,山形県,山形市,高原町
6,,9902382,,,,山形県,山形市,滝平
6,,9902251,,,,山形県,山形市,立谷川
6,,9902163,,,,山形県,山形市,伊達城
6,,9900805,,,,山形県,山形市,壇野前
6,,9902224,,,,山形県,山形市,近田
6,,9900812,,,,山形県,山形市,千歳
6,,9900855,,,,山形県,山形市,千代田
6,,9902315,,,,山形県,山形市,津金沢
6,,9902405,,,,山形県,山形市,土坂
6,,9900814,,,,山形県,山形市,土樋
6,,9902492,,,,山形県,山形市,鉄砲町
6,,9902213,,,,山形県,山形市,寺西
6,,9900867,,,,山形県,山形市,天神台
6,,9900801,,,,山形県,山形市,天神町
6,,9900031,,,,山形県,山形市,十日町
6,,9900806,,,,山形県,山形市,藤治屋敷
6,,9902223,,,,山形県,山形市,塔の前
6,,9900051,,,,山形県,山形市,銅町
6,,9900871,,,,山形県,山形市,銅谷口
6,,9902345,,,,山形県,山形市,富神台
6,,9902342,,,,山形県,山形市,富神前
6,,9902361,,,,山形県,山形市,百目鬼
6,,9902463,,,,山形県,山形市,富の中
6,,9900815,,,,山形県,山形市,樋越
6,,9902433,,,,山形県,山形市,鳥居ケ丘
6,,9902422,,,,山形県,山形市,中桜田
6,,9902235,,,,山形県,山形市,中里
6,,9900849,,,,山形県,山形市,中沼
6,,9900892,,,,山形県,山形市,中野
6,,9902175,,,,山形県,山形市,中野目
6,,9902477,,,,山形県,山形市,長苗代
6,,9900811,,,,山形県,山形市,長町
6,,9902171,,,,山形県,山形市,七浦
6,,9900804,,,,山形県,山形市,七十刈
6,,9900042,,,,山形県,山形市,七日町
6,,9902386,,,,山形県,山形市,並柳
6,,9900014,,,,山形県,山形市,滑川
6,,9902339,,,,山形県,山形市,成沢西
6,,9900891,,,,山形県,山形市,成安
6,,9902445,,,,山形県,山形市,南栄町
6,,9902355,,,,山形県,山形市,二位田
6,,9900015,,,,山形県,山形市,新山
6,,9900862,,,,山形県,山形市,西江俣
6,,9900056,,,,山形県,山形市,錦町
6,,9902226,,,,山形県,山形市,西越
6,,9900853,,,,山形県,山形市,西崎
6,,9900831,,,,山形県,山形市,西田
6,,9900893,,,,山形県,山形市,西中野
6,,9900859,,,,山形県,山形市,西原
6,,9900844,,,,山形県,山形市,西見田
6,,9902474,,,,山形県,山形市,沼木
6,,9900007,,,,山形県,山形市,沼の辺町
6,,9902174,,,,山形県,山形市,灰塚
6,,9902446,,,,山形県,山形市,白山
6,,9902471,,,,山形県,山形市,羽黒堂
6,,9900865,,,,山形県,山形市,馬上台
6,,9902363,,,,山形県,山形市,長谷堂
6,,9900047,,,,山形県,山形市,旅篭町
6,,9900872,,,,山形県,山形市,八幡前
6,,9902404,,,,山形県,山形市,八森
6,,9902225,,,,山形県,山形市,花岡
6,,9900067,,,,山形県,山形市,花楯
6,,9900072,,,,山形県,山形市,浜崎
6,,9902423,,,,山形県,山形市,東青田
6,,9900899,,,,山形県,山形市,東篭野町
6,,9900869,,,,山形県,山形市,東志戸田
6,,9900897,,,,山形県,山形市,東田
6,,9902354,,,,山形県,山形市,東二位田
6,,9900034,,,,山形県,山形市,東原町
6,,9902308,,,,山形県,山形市,東半郷
6,,9902375,,,,山形県,山形市,東古館
6,,9900022,,,,山形県,山形市,東山形
6,,9900813,,,,山形県,山形市,桧町
6,,9900076,,,,山形県,山形市,平久保
6,,9902401,,,,山形県,山形市,平清水
6,,9902462,,,,山形県,山形市,深町
6,,9902377,,,,山形県,山形市,藤沢川
6,,9900828,,,,山形県,山形市,双葉町
6,,9900894,,,,山形県,山形市,船町
6,,9902374,,,,山形県,山形市,古館
6,,9900857,,,,山形県,山形市,平田
6,,9900013,,,,山形県,山形市,防原町
6,,9900001,,,,山形県,山形市,穂積
6,,9900043,,,,山形県,山形市,本町
6,,9902352,,,,山形県,山形市,前明石
6,,9902411,,,,山形県,山形市,前田町
6,,9902473,,,,山形県,山形市,松栄
6,,9900023,,,,山形県,山形市,松波
6,,9902313,,,,山形県,山形市,松原
6,,9902431,,,,山形県,山形市,松見町
6,,9902412,,,,山形県,山形市,松山
6,,9900810,,,,山形県,山形市,馬見ケ崎
6,,9900803,,,,山形県,山形市,見崎
6,,9900802,,,,山形県,山形市,見崎川原
6,,9900036,,,,山形県,山形市,三日町
6,,9900041,,,,山形県,山形市,緑町
6,,9902441,,,,山形県,山形市,南一番町
6,,9902442,,,,山形県,山形市,南二番町
6,,9902443,,,,山形県,山形市,南三番町
6,,9902444,,,,山形県,山形市,南四番町
6,,9900836,,,,山形県,山形市,南石関
6,,9900879,,,,山形県,山形市,南志戸田
6,,9902461,,,,山形県,山形市,南館
6,,9902465,,,,山形県,山形市,南館西
6,,9902413,,,,山形県,山形市,南原町
6,,9902306,,,,山形県,山形市,南半郷
6,,9902312,,,,山形県,山形市,南松原
6,,9902372,,,,山形県,山形市,みのりが丘
6,,9902493,,,,山形県,山形市,美畑町
6,,9902317,,,,山形県,山形市,みはらしの丘
6,,9900848,,,,山形県,山形市,宮浦
6,,9900057,,,,山形県,山形市,宮町
6,,9900011,,,,山形県,山形市,妙見寺
6,,9902472,,,,山形県,山形市,明神前
6,,9900054,,,,山形県,山形市,六日町
6,,9900895,,,,山形県,山形市,向新田
6,,9902371,,,,山形県,山形市,村木沢
6,,9902447,,,,山形県,山形市,元木
6,,9902342,,,,山形県,山形市,門伝
6,,9902314,,,,山形県,山形市,谷柏
6,,9900053,,,,山形県,山形市,薬師町
6,,9902366,,,,山形県,山形市,谷地前
6,,9993301,,,,山形県,山形市,山寺
6,,9900835,,,,山形県,山形市,やよい
6,,9900006,,,,山形県,山形市,山家本町
6,,9900063,,,,山形県,山形市,山家町
6,,9900037,,,,山形県,山形市,八日町
6,,9900866,,,,山形県,山形市,横井
6,,9900843,,,,山形県,山形市,横道
6,,9902383,,,,山形県,山形市,芳沢
6,,9900074,,,,山形県,山形市,芳野
6,,9900883,,,,山形県,山形市,吉野宿
6,,9902451,,,,山形県,山形市,吉原
6,,9902455,,,,山形県,山形市,吉原南
6,,9900071,,,,山形県,山形市,流通センター
6,,9902373,,,,山形県,山形市,若木
6,,9902495,,,,山形県,山形市,若葉町
6,,9902453,,,,山形県,山形市,若宮
6,,9900064,,,,山形県,山形市,和合町
6,,9920000,,,,山形県,米沢市,以下に掲載がない場合
6,,9920032,,,,山形県,米沢市,相生町
6,,9921406,,,,山形県,米沢市,赤崩（山王浦）
6,,9921206,,,,山形県,米沢市,赤崩（その他）
6,,9920075,,,,山形県,米沢市,赤芝町
6,,9920112,,,,山形県,米沢市,浅川
6,,9920115,,,,山形県,米沢市,梓川
6,,9920034,,,,山形県,米沢市,吾妻町
6,,9920119,,,,山形県,米沢市,アルカディア
6,,9920063,,,,山形県,米沢市,泉町
6,,9921331,,,,山形県,米沢市,板谷
6,,9921583,,,,山形県,米沢市,入田沢
6,,9920027,,,,山形県,米沢市,駅前
6,,9921204,,,,山形県,米沢市,大小屋
6,,9921203,,,,山形県,米沢市,大沢（大沢、笠松）
6,,9921303,,,,山形県,米沢市,大沢（その他）
6,,9920035,,,,山形県,米沢市,太田町
6,,9921462,,,,山形県,米沢市,大平
6,,9920031,,,,山形県,米沢市,大町
6,,9920076,,,,山形県,米沢市,小野川町
6,,9920014,,,,山形県,米沢市,鍛冶町
6,,9920044,,,,山形県,米沢市,春日
6,,9920012,,,,山形県,米沢市,金池
6,,9920118,,,,山形県,米沢市,上新田
6,,9920117,,,,山形県,米沢市,川井
6,,9920016,,,,山形県,米沢市,川井小路
6,,9921582,,,,山形県,米沢市,神原
6,,9920058,,,,山形県,米沢市,木場町
6,,9920114,,,,山形県,米沢市,木和田
6,,9921581,,,,山形県,米沢市,口田沢
6,,9920003,,,,山形県,米沢市,窪田町窪田
6,,9920004,,,,山形県,米沢市,窪田町小瀬
6,,9920001,,,,山形県,米沢市,窪田町東江股
6,,9920005,,,,山形県,米沢市,窪田町藤泉
6,,9920002,,,,山形県,米沢市,窪田町矢野目
6,,9920055,,,,山形県,米沢市,御廟
6,,9920013,,,,山形県,米沢市,栄町
6,,9920017,,,,山形県,米沢市,桜木町
6,,9921443,,,,山形県,米沢市,笹野
6,,9921445,,,,山形県,米沢市,笹野本町
6,,9921441,,,,山形県,米沢市,笹野町
6,,9920042,,,,山形県,米沢市,塩井町塩野
6,,9920041,,,,山形県,米沢市,塩井町宮井
6,,9920043,,,,山形県,米沢市,塩野
6,,9920046,,,,山形県,米沢市,信夫町
6,,9920081,,,,山形県,米沢市,下小菅
6,,9920111,,,,山形県,米沢市,下新田
6,,9920023,,,,山形県,米沢市,下花沢
6,,9920054,,,,山形県,米沢市,城西
6,,9920038,,,,山形県,米沢市,城南
6,,9920051,,,,山形県,米沢市,城北
6,,9921444,,,,山形県,米沢市,諸仏町
6,,9920064,,,,山形県,米沢市,杉の目町
6,,9921461,,,,山形県,米沢市,李山
6,,9921472,,,,山形県,米沢市,関
6,,9921205,,,,山形県,米沢市,関根
6,,9921473,,,,山形県,米沢市,関町
6,,9920116,,,,山形県,米沢市,竹井
6,,9920015,,,,山形県,米沢市,立町
6,,9921471,,,,山形県,米沢市,立石
6,,9920072,,,,山形県,米沢市,舘山
6,,9920071,,,,山形県,米沢市,舘山矢子町
6,,9920045,,,,山形県,米沢市,中央
6,,9921474,,,,山形県,米沢市,綱木
6,,9920066,,,,山形県,米沢市,遠山町
6,,9920025,,,,山形県,米沢市,通町
6,,9920047,,,,山形県,米沢市,徳町
6,,9921446,,,,山形県,米沢市,直江石堤
6,,9920056,,,,山形県,米沢市,直江町
6,,9920011,,,,山形県,米沢市,中田町
6,,9920113,,,,山形県,米沢市,長手
6,,9920057,,,,山形県,米沢市,成島町
6,,9920059,,,,山形県,米沢市,西大通
6,,9921128,,,,山形県,米沢市,八幡原
6,,9920021,,,,山形県,米沢市,花沢
6,,9920022,,,,山形県,米沢市,花沢町
6,,9921127,,,,山形県,米沢市,万世町牛森
6,,9921125,,,,山形県,米沢市,万世町片子
6,,9921124,,,,山形県,米沢市,万世町金谷
6,,9921121,,,,山形県,米沢市,万世町刈安
6,,9921123,,,,山形県,米沢市,万世町桑山
6,,9921122,,,,山形県,米沢市,万世町梓山
6,,9921201,,,,山形県,米沢市,万世町立沢
6,,9921126,,,,山形県,米沢市,万世町堂森
6,,9920026,,,,山形県,米沢市,東
6,,9920024,,,,山形県,米沢市,東大通
6,,9920087,,,,山形県,米沢市,広幡町大沢
6,,9920085,,,,山形県,米沢市,広幡町沖仲
6,,9920082,,,,山形県,米沢市,広幡町小山田
6,,9920084,,,,山形県,米沢市,広幡町上小菅
6,,9920086,,,,山形県,米沢市,広幡町京塚
6,,9920083,,,,山形県,米沢市,広幡町成島
6,,9920073,,,,山形県,米沢市,吹屋敷町
6,,9920036,,,,山形県,米沢市,福田
6,,9920033,,,,山形県,米沢市,福田町
6,,9920065,,,,山形県,米沢市,古志田町
6,,9921442,,,,山形県,米沢市,芳泉町
6,,9920061,,,,山形県,米沢市,堀川町
6,,9920037,,,,山形県,米沢市,本町
6,,9920053,,,,山形県,米沢市,松が岬
6,,9920052,,,,山形県,米沢市,丸の内
6,,9921202,,,,山形県,米沢市,三沢
6,,9921453,,,,山形県,米沢市,南原石垣町
6,,9921455,,,,山形県,米沢市,南原猪苗代町
6,,9921451,,,,山形県,米沢市,南原笹野町
6,,9921454,,,,山形県,米沢市,南原新町
6,,9921452,,,,山形県,米沢市,南原横堀町
6,,9920039,,,,山形県,米沢市,門東町
6,,9920077,,,,山形県,米沢市,簗沢
6,,9920074,,,,山形県,米沢市,矢来
6,,9920062,,,,山形県,米沢市,林泉寺
6,,9920091,,,,山形県,米沢市,六郷町桐原
6,,9920094,,,,山形県,米沢市,六郷町轟
6,,9920096,,,,山形県,米沢市,六郷町長橋
6,,9920092,,,,山形県,米沢市,六郷町西江股
6,,9920093,,,,山形県,米沢市,六郷町西藤泉
6,,9920095,,,,山形県,米沢市,六郷町一漆
6,,9970000,,,,山形県,鶴岡市,以下に掲載がない場合
6,,9970832,,,,山形県,鶴岡市,青柳町
6,,9997205,,,,山形県,鶴岡市,温海
6,,9997312,,,,山形県,鶴岡市,温海川
6,,9971205,,,,山形県,鶴岡市,油戸
6,,9970051,,,,山形県,鶴岡市,荒井京田
6,,9970621,,,,山形県,鶴岡市,荒沢
6,,9997673,,,,山形県,鶴岡市,荒俣
6,,9997682,,,,山形県,鶴岡市,新屋敷
6,,9970057,,,,山形県,鶴岡市,安丹
6,,9970755,,,,山形県,鶴岡市,砂谷
6,,9970033,,,,山形県,鶴岡市,泉町
6,,9970802,,,,山形県,鶴岡市,伊勢原町
6,,9970803,,,,山形県,鶴岡市,伊勢横内
6,,9970331,,,,山形県,鶴岡市,板井川
6,,9970834,,,,山形県,鶴岡市,稲生
6,,9970842,,,,山形県,鶴岡市,井岡
6,,9971206,,,,山形県,鶴岡市,今泉
6,,9997207,,,,山形県,鶴岡市,五十川
6,,9971125,,,,山形県,鶴岡市,馬町
6,,9997635,,,,山形県,鶴岡市,越後京田
6,,9970403,,,,山形県,鶴岡市,越中山
6,,9970823,,,,山形県,鶴岡市,海老島町
6,,9970531,,,,山形県,鶴岡市,大網
6,,9997547,,,,山形県,鶴岡市,大荒
6,,9997123,,,,山形県,鶴岡市,大岩川
6,,9997661,,,,山形県,鶴岡市,大川渡
6,,9970047,,,,山形県,鶴岡市,大塚町
6,,9970622,,,,山形県,鶴岡市,大鳥
6,,9970831,,,,山形県,鶴岡市,大西町
6,,9970414,,,,山形県,鶴岡市,大針
6,,9997543,,,,山形県,鶴岡市,大広
6,,9971124,,,,山形県,鶴岡市,大山（丁目）
6,,9971121,,,,山形県,鶴岡市,大山（その他）
6,,9970854,,,,山形県,鶴岡市,大淀川
6,,9970843,,,,山形県,鶴岡市,岡山
6,,9970806,,,,山形県,鶴岡市,遠賀原
6,,9997316,,,,山形県,鶴岡市,小国
6,,9997125,,,,山形県,鶴岡市,小名部
6,,9971116,,,,山形県,鶴岡市,面野山
6,,9970052,,,,山形県,鶴岡市,覚岸寺
6,,9997461,,,,山形県,鶴岡市,堅苔沢
6,,9970036,,,,山形県,鶴岡市,家中新町
6,,9970343,,,,山形県,鶴岡市,桂荒俣
6,,9970365,,,,山形県,鶴岡市,金谷
6,,9971203,,,,山形県,鶴岡市,金沢
6,,9970847,,,,山形県,鶴岡市,上清水
6,,9970623,,,,山形県,鶴岡市,上田沢
6,,9997664,,,,山形県,鶴岡市,上中野目
6,,9970405,,,,山形県,鶴岡市,上名川
6,,9970032,,,,山形県,鶴岡市,上畑町
6,,9997611,,,,山形県,鶴岡市,上藤島
6,,9970346,,,,山形県,鶴岡市,上山添
6,,9970367,,,,山形県,鶴岡市,上山谷
6,,9971204,,,,山形県,鶴岡市,加茂
6,,9970805,,,,山形県,鶴岡市,我老林
6,,9997644,,,,山形県,鶴岡市,川尻
6,,9970053,,,,山形県,鶴岡市,北京田
6,,9997313,,,,山形県,鶴岡市,木野俣
6,,9970022,,,,山形県,鶴岡市,切添町
6,,9997646,,,,山形県,鶴岡市,工藤
6,,9970411,,,,山形県,鶴岡市,熊出
6,,9970624,,,,山形県,鶴岡市,倉沢
6,,9970311,,,,山形県,鶴岡市,黒川
6,,9997122,,,,山形県,鶴岡市,小岩川
6,,9997314,,,,山形県,鶴岡市,越沢
6,,9970005,,,,山形県,鶴岡市,小京田
6,,9997206,,,,山形県,鶴岡市,小菅野代
6,,9970363,,,,山形県,鶴岡市,寿
6,,9997632,,,,山形県,鶴岡市,小中島
6,,9997462,,,,山形県,鶴岡市,小波渡
6,,9970825,,,,山形県,鶴岡市,小真木原町
6,,9970853,,,,山形県,鶴岡市,小淀川
6,,9970804,,,,山形県,鶴岡市,斎藤川原
6,,9970757,,,,山形県,鶴岡市,坂野下
6,,9997651,,,,山形県,鶴岡市,鷺畑
6,,9970861,,,,山形県,鶴岡市,桜新町
6,,9970821,,,,山形県,鶴岡市,三光町
6,,9997463,,,,山形県,鶴岡市,三瀬
6,,9970342,,,,山形県,鶴岡市,三千刈
6,,9970028,,,,山形県,鶴岡市,山王町
6,,9970848,,,,山形県,鶴岡市,清水新田
6,,9971117,,,,山形県,鶴岡市,下川
6,,9971133,,,,山形県,鶴岡市,下興屋
6,,9971134,,,,山形県,鶴岡市,下小中
6,,9970845,,,,山形県,鶴岡市,下清水
6,,9970625,,,,山形県,鶴岡市,下田沢
6,,9997637,,,,山形県,鶴岡市,下中野目
6,,9970404,,,,山形県,鶴岡市,下名川
6,,9970341,,,,山形県,鶴岡市,下山添
6,,9970351,,,,山形県,鶴岡市,勝福寺
6,,9970814,,,,山形県,鶴岡市,城南町
6,,9970041,,,,山形県,鶴岡市,城北町
6,,9970368,,,,山形県,鶴岡市,青龍寺
6,,9970754,,,,山形県,鶴岡市,少連寺
6,,9970027,,,,山形県,鶴岡市,昭和町
6,,9970841,,,,山形県,鶴岡市,白山
6,,9970044,,,,山形県,鶴岡市,新海町
6,,9970852,,,,山形県,鶴岡市,新斎部
6,,9970811,,,,山形県,鶴岡市,神明町
6,,9970015,,,,山形県,鶴岡市,末広町
6,,9997311,,,,山形県,鶴岡市,菅野代
6,,9970415,,,,山形県,鶴岡市,砂川
6,,9970839,,,,山形県,鶴岡市,砂田町
6,,9997685,,,,山形県,鶴岡市,砂塚
6,,9997633,,,,山形県,鶴岡市,須走
6,,9997315,,,,山形県,鶴岡市,関川
6,,9970758,,,,山形県,鶴岡市,関根
6,,9970813,,,,山形県,鶴岡市,千石町
6,,9996652,,,,山形県,鶴岡市,添川（渡戸沢「筍沢温泉」）
6,,9997652,,,,山形県,鶴岡市,添川（その他）
6,,9970026,,,,山形県,鶴岡市,大東町
6,,9997677,,,,山形県,鶴岡市,大半田
6,,9970049,,,,山形県,鶴岡市,大部町
6,,9970117,,,,山形県,鶴岡市,大宝寺（中野）
6,,9970017,,,,山形県,鶴岡市,大宝寺（その他）
6,,9970369,,,,山形県,鶴岡市,高坂
6,,9970054,,,,山形県,鶴岡市,高田
6,,9970011,,,,山形県,鶴岡市,宝田
6,,9970021,,,,山形県,鶴岡市,宝町
6,,9970753,,,,山形県,鶴岡市,田川
6,,9970364,,,,山形県,鶴岡市,滝沢
6,,9997663,,,,山形県,鶴岡市,蛸井興屋
6,,9970302,,,,山形県,鶴岡市,田代
6,,9970366,,,,山形県,鶴岡市,谷定
6,,9970532,,,,山形県,鶴岡市,田麦俣
6,,9970303,,,,山形県,鶴岡市,たらのき代
6,,9970014,,,,山形県,鶴岡市,大宝寺町
6,,9971114,,,,山形県,鶴岡市,千安京田
6,,9970812,,,,山形県,鶴岡市,長者町
6,,9970024,,,,山形県,鶴岡市,朝暘町
6,,9970019,,,,山形県,鶴岡市,茅原
6,,9970018,,,,山形県,鶴岡市,茅原町
6,,9971115,,,,山形県,鶴岡市,辻興屋
6,,9970836,,,,山形県,鶴岡市,寺田
6,,9970012,,,,山形県,鶴岡市,道形
6,,9970013,,,,山形県,鶴岡市,道形町
6,,9970333,,,,山形県,鶴岡市,常盤木
6,,9997202,,,,山形県,鶴岡市,戸沢
6,,9971132,,,,山形県,鶴岡市,栃屋
6,,9970815,,,,山形県,鶴岡市,外内島
6,,9971122,,,,山形県,鶴岡市,友江
6,,9971123,,,,山形県,鶴岡市,友江町
6,,9970007,,,,山形県,鶴岡市,豊田
6,,9970023,,,,山形県,鶴岡市,鳥居町
6,,9970808,,,,山形県,鶴岡市,苗津
6,,9970809,,,,山形県,鶴岡市,苗津町
6,,9970009,,,,山形県,鶴岡市,中京田
6,,9997546,,,,山形県,鶴岡市,中沢
6,,9970846,,,,山形県,鶴岡市,中清水
6,,9970345,,,,山形県,鶴岡市,中田
6,,9971135,,,,山形県,鶴岡市,中楯
6,,9997621,,,,山形県,鶴岡市,長沼
6,,9970056,,,,山形県,鶴岡市,中野京田
6,,9970401,,,,山形県,鶴岡市,中野新田
6,,9970362,,,,山形県,鶴岡市,中橋
6,,9997544,,,,山形県,鶴岡市,中山
6,,9970413,,,,山形県,鶴岡市,行沢
6,,9971113,,,,山形県,鶴岡市,長崎
6,,9970042,,,,山形県,鶴岡市,新形町
6,,9970332,,,,山形県,鶴岡市,西荒屋
6,,9970323,,,,山形県,鶴岡市,西片屋
6,,9970031,,,,山形県,鶴岡市,錦町
6,,9970055,,,,山形県,鶴岡市,西京田
6,,9970045,,,,山形県,鶴岡市,西新斎町
6,,9971112,,,,山形県,鶴岡市,西沼
6,,9997541,,,,山形県,鶴岡市,西目
6,,9970851,,,,山形県,鶴岡市,布目
6,,9997126,,,,山形県,鶴岡市,鼠ケ関
6,,9970819,,,,山形県,鶴岡市,のぞみ町
6,,9997636,,,,山形県,鶴岡市,野田目
6,,9970167,,,,山形県,鶴岡市,羽黒町赤川
6,,9970141,,,,山形県,鶴岡市,羽黒町荒川
6,,9970155,,,,山形県,鶴岡市,羽黒町石野新田
6,,9970123,,,,山形県,鶴岡市,羽黒町市野山
6,,9970152,,,,山形県,鶴岡市,羽黒町猪俣新田
6,,9970157,,,,山形県,鶴岡市,羽黒町後田
6,,9970142,,,,山形県,鶴岡市,羽黒町上野新田
6,,9970122,,,,山形県,鶴岡市,羽黒町大口
6,,9970161,,,,山形県,鶴岡市,羽黒町押口
6,,9970108,,,,山形県,鶴岡市,羽黒町金森目
6,,9970163,,,,山形県,鶴岡市,羽黒町狩谷野目
6,,9970131,,,,山形県,鶴岡市,羽黒町川代
6,,9970105,,,,山形県,鶴岡市,羽黒町川行
6,,9970151,,,,山形県,鶴岡市,羽黒町黒瀬
6,,9970107,,,,山形県,鶴岡市,羽黒町小増川
6,,9970104,,,,山形県,鶴岡市,羽黒町坂ノ下
6,,9970127,,,,山形県,鶴岡市,羽黒町十文字
6,,9970125,,,,山形県,鶴岡市,羽黒町仙道
6,,9970106,,,,山形県,鶴岡市,羽黒町染興屋
6,,9970153,,,,山形県,鶴岡市,羽黒町高寺
6,,9970121,,,,山形県,鶴岡市,羽黒町玉川
6,,9970211,,,,山形県,鶴岡市,羽黒町手向
6,,9970103,,,,山形県,鶴岡市,羽黒町戸野
6,,9970165,,,,山形県,鶴岡市,羽黒町富沢
6,,9970102,,,,山形県,鶴岡市,羽黒町中里
6,,9970126,,,,山形県,鶴岡市,羽黒町野荒町
6,,9970143,,,,山形県,鶴岡市,羽黒町野田
6,,9970164,,,,山形県,鶴岡市,羽黒町昼田
6,,9970162,,,,山形県,鶴岡市,羽黒町細谷
6,,9970124,,,,山形県,鶴岡市,羽黒町増川新田
6,,9970101,,,,山形県,鶴岡市,羽黒町町屋
6,,9970156,,,,山形県,鶴岡市,羽黒町松尾
6,,9970158,,,,山形県,鶴岡市,羽黒町松ケ岡
6,,9970154,,,,山形県,鶴岡市,羽黒町馬渡ノ内下
6,,9970166,,,,山形県,鶴岡市,羽黒町三ツ橋
6,,9970035,,,,山形県,鶴岡市,馬場町
6,,9970058,,,,山形県,鶴岡市,林崎
6,,9971111,,,,山形県,鶴岡市,茨新田
6,,9970002,,,,山形県,鶴岡市,播磨
6,,9970835,,,,山形県,鶴岡市,番田
6,,9970824,,,,山形県,鶴岡市,日枝
6,,9970344,,,,山形県,鶴岡市,東荒屋
6,,9970402,,,,山形県,鶴岡市,東岩本
6,,9970043,,,,山形県,鶴岡市,東新斎町
6,,9970801,,,,山形県,鶴岡市,東原町
6,,9997653,,,,山形県,鶴岡市,東堀越
6,,9970756,,,,山形県,鶴岡市,東目
6,,9971131,,,,山形県,鶴岡市,菱津
6,,9997203,,,,山形県,鶴岡市,一霞
6,,9970025,,,,山形県,鶴岡市,日出
6,,9970029,,,,山形県,鶴岡市,日吉町
6,,9970016,,,,山形県,鶴岡市,日和田町
6,,9997681,,,,山形県,鶴岡市,平形
6,,9970008,,,,山形県,鶴岡市,平田
6,,9970006,,,,山形県,鶴岡市,福田
6,,9997638,,,,山形県,鶴岡市,藤岡
6,,9970751,,,,山形県,鶴岡市,藤沢
6,,9997601,,,,山形県,鶴岡市,藤島
6,,9997642,,,,山形県,鶴岡市,藤島関根
6,,9997604,,,,山形県,鶴岡市,藤浪
6,,9997602,,,,山形県,鶴岡市,藤の花
6,,9970822,,,,山形県,鶴岡市,双葉町
6,,9970816,,,,山形県,鶴岡市,文園町
6,,9997671,,,,山形県,鶴岡市,古郡
6,,9970048,,,,山形県,鶴岡市,平京田
6,,9971156,,,,山形県,鶴岡市,平成町
6,,9997645,,,,山形県,鶴岡市,平足
6,,9997622,,,,山形県,鶴岡市,豊栄
6,,9970003,,,,山形県,鶴岡市,文下
6,,9997675,,,,山形県,鶴岡市,宝徳
6,,9970321,,,,山形県,鶴岡市,宝谷
6,,9970862,,,,山形県,鶴岡市,ほなみ町
6,,9970412,,,,山形県,鶴岡市,本郷
6,,9970034,,,,山形県,鶴岡市,本町
6,,9970004,,,,山形県,鶴岡市,本田
6,,9997124,,,,山形県,鶴岡市,槇代
6,,9997676,,,,山形県,鶴岡市,幕野内
6,,9970626,,,,山形県,鶴岡市,松沢
6,,9970322,,,,山形県,鶴岡市,松根
6,,9970334,,,,山形県,鶴岡市,丸岡
6,,9970301,,,,山形県,鶴岡市,馬渡
6,,9970857,,,,山形県,鶴岡市,美咲町
6,,9997542,,,,山形県,鶴岡市,水沢
6,,9997548,,,,山形県,鶴岡市,みずほ
6,,9970837,,,,山形県,鶴岡市,道田町
6,,9970046,,,,山形県,鶴岡市,みどり町
6,,9970826,,,,山形県,鶴岡市,美原町
6,,9997674,,,,山形県,鶴岡市,箕升新田
6,,9971202,,,,山形県,鶴岡市,宮沢
6,,9997634,,,,山形県,鶴岡市,三和
6,,9970818,,,,山形県,鶴岡市,三和町
6,,9970361,,,,山形県,鶴岡市,民田
6,,9970817,,,,山形県,鶴岡市,睦町
6,,9970844,,,,山形県,鶴岡市,森片
6,,9997631,,,,山形県,鶴岡市,八色木
6,,9997662,,,,山形県,鶴岡市,谷地興屋
6,,9970807,,,,山形県,鶴岡市,八ツ興屋
6,,9970833,,,,山形県,鶴岡市,柳田
6,,9997672,,,,山形県,鶴岡市,柳久瀬
6,,9970855,,,,山形県,鶴岡市,矢馳
6,,9997545,,,,山形県,鶴岡市,矢引
6,,9997201,,,,山形県,鶴岡市,山五十川
6,,9970856,,,,山形県,鶴岡市,山田
6,,9997204,,,,山形県,鶴岡市,湯温海
6,,9997641,,,,山形県,鶴岡市,楪
6,,9970752,,,,山形県,鶴岡市,湯田川
6,,9970001,,,,山形県,鶴岡市,湯野沢
6,,9971201,,,,山形県,鶴岡市,湯野浜
6,,9997464,,,,山形県,鶴岡市,由良
6,,9970827,,,,山形県,鶴岡市,陽光町
6,,9970010,,,,山形県,鶴岡市,余慶町
6,,9970838,,,,山形県,鶴岡市,淀川町
6,,9997643,,,,山形県,鶴岡市,無音
6,,9970037,,,,山形県,鶴岡市,若葉町
6,,9997121,,,,山形県,鶴岡市,早田
6,,9997683,,,,山形県,鶴岡市,渡前
6,,9997684,,,,山形県,鶴岡市,和名川
6,,9980000,,,,山形県,酒田市,以下に掲載がない場合
6,,9980032,,,,山形県,酒田市,相生町
6,,9996852,,,,山形県,酒田市,相沢
6,,9998203,,,,山形県,酒田市,赤剥
6,,9980828,,,,山形県,酒田市,あきほ町
6,,9980862,,,,山形県,酒田市,曙町
6,,9980021,,,,山形県,酒田市,旭新町
6,,9996711,,,,山形県,酒田市,飛鳥
6,,9980875,,,,山形県,酒田市,東町
6,,9996834,,,,山形県,酒田市,荒町
6,,9980055,,,,山形県,酒田市,飯森山
6,,9996853,,,,山形県,酒田市,石名坂
6,,9996704,,,,山形県,酒田市,石橋
6,,9996708,,,,山形県,酒田市,泉興野
6,,9980018,,,,山形県,酒田市,泉町
6,,9997774,,,,山形県,酒田市,板戸
6,,9998232,,,,山形県,酒田市,市条
6,,9980046,,,,山形県,酒田市,一番町
6,,9996826,,,,山形県,酒田市,稲荷沢
6,,9980836,,,,山形県,酒田市,入船町
6,,9996815,,,,山形県,酒田市,臼ケ沢
6,,9996831,,,,山形県,酒田市,内町
6,,9998164,,,,山形県,酒田市,漆曽根
6,,9980022,,,,山形県,酒田市,駅東
6,,9998153,,,,山形県,酒田市,円能寺
6,,9980802,,,,山形県,酒田市,生石
6,,9996813,,,,山形県,酒田市,大川渡
6,,9998244,,,,山形県,酒田市,大久保
6,,9998225,,,,山形県,酒田市,大島田
6,,9980877,,,,山形県,酒田市,大多新田
6,,9980803,,,,山形県,酒田市,大槻新田
6,,9998133,,,,山形県,酒田市,大豊田
6,,9996816,,,,山形県,酒田市,大沼新田
6,,9980816,,,,山形県,酒田市,大野新田
6,,9980064,,,,山形県,酒田市,大浜
6,,9980859,,,,山形県,酒田市,大町
6,,9980822,,,,山形県,酒田市,大宮
6,,9980824,,,,山形県,酒田市,大宮町
6,,9998215,,,,山形県,酒田市,大蕨
6,,9998227,,,,山形県,酒田市,岡島田
6,,9980871,,,,山形県,酒田市,荻島
6,,9997775,,,,山形県,酒田市,落野目
6,,9980024,,,,山形県,酒田市,御成町
6,,9996845,,,,山形県,酒田市,小見
6,,9980823,,,,山形県,酒田市,卸町
6,,9996811,,,,山形県,酒田市,柏谷沢
6,,9996838,,,,山形県,酒田市,片町
6,,9980818,,,,山形県,酒田市,勝保関
6,,9997772,,,,山形県,酒田市,門田
6,,9996837,,,,山形県,酒田市,金谷
6,,9998212,,,,山形県,酒田市,上青沢
6,,9996843,,,,山形県,酒田市,上北目
6,,9998206,,,,山形県,酒田市,上黒川
6,,9998163,,,,山形県,酒田市,上興野
6,,9998162,,,,山形県,酒田市,上野曽根
6,,9980042,,,,山形県,酒田市,上本町
6,,9996842,,,,山形県,酒田市,上餅山
6,,9998152,,,,山形県,酒田市,上安田
6,,9980011,,,,山形県,酒田市,上安町
6,,9980842,,,,山形県,酒田市,亀ケ崎
6,,9998143,,,,山形県,酒田市,刈穂
6,,9998132,,,,山形県,酒田市,刈屋
6,,9998235,,,,山形県,酒田市,観音寺
6,,9997773,,,,山形県,酒田市,木川
6,,9998211,,,,山形県,酒田市,北青沢
6,,9980027,,,,山形県,酒田市,北今町
6,,9980028,,,,山形県,酒田市,北里町
6,,9980801,,,,山形県,酒田市,北沢
6,,9998243,,,,山形県,酒田市,北仁田
6,,9980865,,,,山形県,酒田市,北新橋
6,,9980062,,,,山形県,酒田市,北新町
6,,9980016,,,,山形県,酒田市,北千日町
6,,9980015,,,,山形県,酒田市,北千日堂前
6,,9980072,,,,山形県,酒田市,北浜町
6,,9998222,,,,山形県,酒田市,北平沢
6,,9996741,,,,山形県,酒田市,北俣
6,,9996833,,,,山形県,酒田市,北町
6,,9998142,,,,山形県,酒田市,城輪
6,,9980102,,,,山形県,酒田市,京田
6,,9980827,,,,山形県,酒田市,草刈谷地
6,,9998207,,,,山形県,酒田市,草津
6,,9998156,,,,山形県,酒田市,久保田
6,,9980817,,,,山形県,酒田市,熊手島
6,,9980819,,,,山形県,酒田市,熊野田
6,,9996835,,,,山形県,酒田市,蔵小路
6,,9980111,,,,山形県,酒田市,黒森
6,,9980878,,,,山形県,酒田市,こあら
6,,9980876,,,,山形県,酒田市,古荒新田
6,,9998234,,,,山形県,酒田市,小泉
6,,9980104,,,,山形県,酒田市,広栄町
6,,9996707,,,,山形県,酒田市,郡山
6,,9980852,,,,山形県,酒田市,こがね町
6,,9980035,,,,山形県,酒田市,寿町
6,,9996735,,,,山形県,酒田市,小林
6,,9980815,,,,山形県,酒田市,小牧
6,,9980814,,,,山形県,酒田市,小牧新田
6,,9980071,,,,山形県,酒田市,古湊町
6,,9980023,,,,山形県,酒田市,幸町
6,,9980806,,,,山形県,酒田市,境興野
6,,9980003,,,,山形県,酒田市,酒井新田
6,,9980026,,,,山形県,酒田市,栄町
6,,9996836,,,,山形県,酒田市,肴町
6,,9980101,,,,山形県,酒田市,坂野辺新田
6,,9996705,,,,山形県,酒田市,桜林
6,,9996706,,,,山形県,酒田市,桜林興野
6,,9996701,,,,山形県,酒田市,砂越
6,,9996702,,,,山形県,酒田市,砂越緑町
6,,9980838,,,,山形県,酒田市,山居町
6,,9996723,,,,山形県,酒田市,三之宮
6,,9980837,,,,山形県,酒田市,下瀬
6,,9996814,,,,山形県,酒田市,地見興屋
6,,9998213,,,,山形県,酒田市,下青沢
6,,9998205,,,,山形県,酒田市,下黒川
6,,9996846,,,,山形県,酒田市,下餅山
6,,9980012,,,,山形県,酒田市,下安町
6,,9980114,,,,山形県,酒田市,十里塚
6,,9998214,,,,山形県,酒田市,常禅寺
6,,9996823,,,,山形県,酒田市,真学寺沢
6,,9998204,,,,山形県,酒田市,新出
6,,9980864,,,,山形県,酒田市,新橋
6,,9996837,,,,山形県,酒田市,新町
6,,9996832,,,,山形県,酒田市,新屋敷
6,,9980854,,,,山形県,酒田市,末広町
6,,9980029,,,,山形県,酒田市,住吉町
6,,9980805,,,,山形県,酒田市,関
6,,9998246,,,,山形県,酒田市,芹田
6,,9980843,,,,山形県,酒田市,千石町
6,,9980014,,,,山形県,酒田市,千日町
6,,9996831,,,,山形県,酒田市,総光寺沢
6,,9998155,,,,山形県,酒田市,曽根田
6,,9980075,,,,山形県,酒田市,高砂
6,,9980051,,,,山形県,酒田市,高見台
6,,9996848,,,,山形県,酒田市,竹田
6,,9996731,,,,山形県,酒田市,田沢
6,,9996732,,,,山形県,酒田市,楯山
6,,9980033,,,,山形県,酒田市,中央東町
6,,9980034,,,,山形県,酒田市,中央西町
6,,9998422,,,,山形県,酒田市,千代田
6,,9998245,,,,山形県,酒田市,塚淵
6,,9980873,,,,山形県,酒田市,土崎
6,,9996839,,,,山形県,酒田市,土渕
6,,9980835,,,,山形県,酒田市,堤町
6,,9997771,,,,山形県,酒田市,局
6,,9998168,,,,山形県,酒田市,鶴田
6,,9980811,,,,山形県,酒田市,手蔵田
6,,9998221,,,,山形県,酒田市,寺田
6,,9996703,,,,山形県,酒田市,天神堂
6,,9980856,,,,山形県,酒田市,東栄町
6,,9980281,,,,山形県,酒田市,飛島
6,,9980004,,,,山形県,酒田市,豊里
6,,9998141,,,,山形県,酒田市,豊原
6,,9998202,,,,山形県,酒田市,泥沢
6,,9996844,,,,山形県,酒田市,中北目
6,,9980872,,,,山形県,酒田市,中野新田
6,,9998165,,,,山形県,酒田市,中野曽根
6,,9996727,,,,山形県,酒田市,中野俣
6,,9996722,,,,山形県,酒田市,中野目
6,,9996851,,,,山形県,酒田市,中牧田
6,,9980044,,,,山形県,酒田市,中町
6,,9996827,,,,山形県,酒田市,仲町
6,,9996712,,,,山形県,酒田市,楢橋
6,,9996812,,,,山形県,酒田市,成興野
6,,9998157,,,,山形県,酒田市,新青渡
6,,9980041,,,,山形県,酒田市,新井田町
6,,9997776,,,,山形県,酒田市,新堀
6,,9980103,,,,山形県,酒田市,錦町
6,,9996733,,,,山形県,酒田市,西坂本
6,,9996862,,,,山形県,酒田市,西田
6,,9980017,,,,山形県,酒田市,西野町
6,,9980829,,,,山形県,酒田市,仁助谷地
6,,9980045,,,,山形県,酒田市,二番町
6,,9998144,,,,山形県,酒田市,庭田
6,,9998158,,,,山形県,酒田市,布目
6,,9998242,,,,山形県,酒田市,橋本
6,,9980826,,,,山形県,酒田市,初瀬
6,,9980031,,,,山形県,酒田市,浜田
6,,9980112,,,,山形県,酒田市,浜中
6,,9980074,,,,山形県,酒田市,浜松町
6,,9980813,,,,山形県,酒田市,茨野新田
6,,9980061,,,,山形県,酒田市,光ケ丘
6,,9980013,,,,山形県,酒田市,東泉町
6,,9980851,,,,山形県,酒田市,東大町
6,,9980855,,,,山形県,酒田市,東中の口町
6,,9980831,,,,山形県,酒田市,東両羽町
6,,9996847,,,,山形県,酒田市,引地
6,,9980863,,,,山形県,酒田市,日の出町
6,,9980037,,,,山形県,酒田市,日吉町
6,,9980113,,,,山形県,酒田市,広岡新田
6,,9980125,,,,山形県,酒田市,広野
6,,9980105,,,,山形県,酒田市,広野新田
6,,9998241,,,,山形県,酒田市,福山
6,,9980002,,,,山形県,酒田市,藤塚
6,,9980861,,,,山形県,酒田市,富士見町
6,,9980036,,,,山形県,酒田市,船場町
6,,9998231,,,,山形県,酒田市,麓
6,,9998154,,,,山形県,酒田市,古青渡
6,,9998233,,,,山形県,酒田市,法連寺
6,,9998131,,,,山形県,酒田市,穂積（門田）
6,,9980001,,,,山形県,酒田市,穂積（その他）
6,,9996721,,,,山形県,酒田市,堀野内
6,,9980812,,,,山形県,酒田市,本川
6,,9980043,,,,山形県,酒田市,本町（１〜３丁目）
6,,9996835,,,,山形県,酒田市,本町
6,,9998224,,,,山形県,酒田市,前川
6,,9998166,,,,山形県,酒田市,牧曽根
6,,9998201,,,,山形県,酒田市,升田
6,,9980841,,,,山形県,酒田市,松原南
6,,9980073,,,,山形県,酒田市,松美町
6,,9997777,,,,山形県,酒田市,丸沼
6,,9998226,,,,山形県,酒田市,政所
6,,9980853,,,,山形県,酒田市,みずほ
6,,9980052,,,,山形県,酒田市,緑ケ丘
6,,9980858,,,,山形県,酒田市,緑町
6,,9980063,,,,山形県,酒田市,南新町
6,,9996822,,,,山形県,酒田市,南新屋敷
6,,9980025,,,,山形県,酒田市,南千日町
6,,9998223,,,,山形県,酒田市,南平沢
6,,9996825,,,,山形県,酒田市,南町
6,,9998423,,,,山形県,酒田市,宮内
6,,9980005,,,,山形県,酒田市,宮海
6,,9980054,,,,山形県,酒田市,宮野浦
6,,9996841,,,,山形県,酒田市,茗ケ沢
6,,9996824,,,,山形県,酒田市,元新屋敷
6,,9998134,,,,山形県,酒田市,本楯
6,,9998145,,,,山形県,酒田市,保岡
6,,9998151,,,,山形県,酒田市,安田
6,,9996861,,,,山形県,酒田市,山田
6,,9996724,,,,山形県,酒田市,山楯
6,,9996821,,,,山形県,酒田市,山寺
6,,9996734,,,,山形県,酒田市,山元
6,,9996726,,,,山形県,酒田市,山谷
6,,9996725,,,,山形県,酒田市,山谷新田
6,,9980821,,,,山形県,酒田市,遊摺部
6,,9980006,,,,山形県,酒田市,ゆたか
6,,9980804,,,,山形県,酒田市,横代
6,,9998161,,,,山形県,酒田市,吉田
6,,9998167,,,,山形県,酒田市,吉田新田
6,,9980874,,,,山形県,酒田市,四ツ興野
6,,9998421,,,,山形県,酒田市,米島
6,,9980832,,,,山形県,酒田市,両羽町
6,,9980834,,,,山形県,酒田市,若竹町
6,,9980857,,,,山形県,酒田市,若浜町
6,,9980833,,,,山形県,酒田市,若原町
6,,9980053,,,,山形県,酒田市,若宮町
6,,9960000,,,,山形県,新庄市,以下に掲載がない場合
6,,9960078,,,,山形県,新庄市,新町
6,,9960086,,,,山形県,新庄市,石川町
6,,9995103,,,,山形県,新庄市,泉田
6,,9960001,,,,山形県,新庄市,五日町
6,,9960084,,,,山形県,新庄市,大手町
6,,9960026,,,,山形県,新庄市,大町
6,,9960023,,,,山形県,新庄市,沖の町
6,,9960074,,,,山形県,新庄市,小田島
6,,9960071,,,,山形県,新庄市,小田島町
6,,9960002,,,,山形県,新庄市,金沢
6,,9960032,,,,山形県,新庄市,上金沢町
6,,9960082,,,,山形県,新庄市,北町
6,,9960073,,,,山形県,新庄市,栄町
6,,9960033,,,,山形県,新庄市,下金沢町
6,,9960034,,,,山形県,新庄市,下田町
6,,9960077,,,,山形県,新庄市,城南町
6,,9995101,,,,山形県,新庄市,昭和
6,,9960076,,,,山形県,新庄市,城西町
6,,9960031,,,,山形県,新庄市,末広町
6,,9960022,,,,山形県,新庄市,住吉町
6,,9960079,,,,山形県,新庄市,千門町
6,,9960024,,,,山形県,新庄市,多門町
6,,9960052,,,,山形県,新庄市,角沢
6,,9960035,,,,山形県,新庄市,鉄砲町
6,,9995191,,,,山形県,新庄市,十日町（猫屋敷３２９〜３５６）
6,,9960091,,,,山形県,新庄市,十日町（その他）
6,,9960021,,,,山形県,新庄市,常葉町
6,,9960061,,,,山形県,新庄市,飛田
6,,9960041,,,,山形県,新庄市,鳥越
6,,9960081,,,,山形県,新庄市,中道町
6,,9960054,,,,山形県,新庄市,仁間
6,,9960087,,,,山形県,新庄市,沼田
6,,9960083,,,,山形県,新庄市,沼田町
6,,9995102,,,,山形県,新庄市,萩野
6,,9960028,,,,山形県,新庄市,万場町
6,,9960011,,,,山形県,新庄市,東谷地田町
6,,9960088,,,,山形県,新庄市,桧町
6,,9960053,,,,山形県,新庄市,福田
6,,9960085,,,,山形県,新庄市,堀端町
6,,9960027,,,,山形県,新庄市,本町
6,,9960111,,,,山形県,新庄市,升形
6,,9960051,,,,山形県,新庄市,松本
6,,9960072,,,,山形県,新庄市,宮内町
6,,9960112,,,,山形県,新庄市,本合海
6,,9960075,,,,山形県,新庄市,横打町
6,,9960025,,,,山形県,新庄市,若葉町
6,,9910000,,,,山形県,寒河江市,以下に掲載がない場合
6,,9910027,,,,山形県,寒河江市,石持町
6,,9910057,,,,山形県,寒河江市,内ノ袋
6,,9910056,,,,山形県,寒河江市,落衣前
6,,9910006,,,,山形県,寒河江市,上河原
6,,9910008,,,,山形県,寒河江市,菊地堂
6,,9910008,,,,山形県,寒河江市,雲河原
6,,9910044,,,,山形県,寒河江市,越井坂町
6,,9910045,,,,山形県,寒河江市,小沼町
6,,9910035,,,,山形県,寒河江市,幸町
6,,9910034,,,,山形県,寒河江市,栄町
6,,9910041,,,,山形県,寒河江市,寒河江
6,,9900502,,,,山形県,寒河江市,幸生
6,,9910052,,,,山形県,寒河江市,幸田町
6,,9900511,,,,山形県,寒河江市,慈恩寺
6,,9910063,,,,山形県,寒河江市,柴橋
6,,9910043,,,,山形県,寒河江市,島
6,,9910002,,,,山形県,寒河江市,下河原
6,,9900505,,,,山形県,寒河江市,白岩
6,,9910047,,,,山形県,寒河江市,新山
6,,9910012,,,,山形県,寒河江市,新山町
6,,9910033,,,,山形県,寒河江市,末広町
6,,9900522,,,,山形県,寒河江市,清助新田
6,,9910013,,,,山形県,寒河江市,高田
6,,9900524,,,,山形県,寒河江市,高松
6,,9910042,,,,山形県,寒河江市,高屋
6,,9900503,,,,山形県,寒河江市,田代
6,,9910021,,,,山形県,寒河江市,中央
6,,9900561,,,,山形県,寒河江市,中央工業団地（１番地）
6,,9910061,,,,山形県,寒河江市,中央工業団地（その他）
6,,9910007,,,,山形県,寒河江市,道生
6,,9900504,,,,山形県,寒河江市,留場
6,,9910005,,,,山形県,寒河江市,中河原
6,,9910065,,,,山形県,寒河江市,中郷
6,,9910054,,,,山形県,寒河江市,仲谷地
6,,9910022,,,,山形県,寒河江市,七日町
6,,9910003,,,,山形県,寒河江市,西根
6,,9910004,,,,山形県,寒河江市,西根北町
6,,9910011,,,,山形県,寒河江市,日田
6,,9910001,,,,山形県,寒河江市,入倉
6,,9910046,,,,山形県,寒河江市,東新山町
6,,9910064,,,,山形県,寒河江市,平塩
6,,9900513,,,,山形県,寒河江市,日和田
6,,9910055,,,,山形県,寒河江市,船橋町
6,,9910028,,,,山形県,寒河江市,ほなみ
6,,9910031,,,,山形県,寒河江市,本町
6,,9910066,,,,山形県,寒河江市,松川
6,,9910023,,,,山形県,寒河江市,丸内
6,,9910048,,,,山形県,寒河江市,みずき
6,,9910062,,,,山形県,寒河江市,緑町
6,,9910032,,,,山形県,寒河江市,南町
6,,9900512,,,,山形県,寒河江市,箕輪
6,,9900501,,,,山形県,寒河江市,宮内
6,,9910049,,,,山形県,寒河江市,本楯
6,,9910053,,,,山形県,寒河江市,元町
6,,9900523,,,,山形県,寒河江市,八鍬
6,,9900521,,,,山形県,寒河江市,谷沢
6,,9910026,,,,山形県,寒河江市,山岸町
6,,9910025,,,,山形県,寒河江市,八幡町
6,,9910006,,,,山形県,寒河江市,夕カヘ
6,,9900525,,,,山形県,寒河江市,米沢
6,,9910024,,,,山形県,寒河江市,六供町
6,,9910051,,,,山形県,寒河江市,若葉町
6,,9993100,,,,山形県,上山市,以下に掲載がない場合
6,,9993222,,,,山形県,上山市,相生
6,,9993164,,,,山形県,上山市,朝日台
6,,9993106,,,,山形県,上山市,旭町
6,,9993235,,,,山形県,上山市,阿弥陀地
6,,9993144,,,,山形県,上山市,石崎
6,,9993244,,,,山形県,上山市,石曽根
6,,9993231,,,,山形県,上山市,石堂
6,,9993105,,,,山形県,上山市,泉川
6,,9993165,,,,山形県,上山市,裏町
6,,9993157,,,,山形県,上山市,御井戸丁
6,,9993167,,,,山形県,上山市,大石
6,,9993112,,,,山形県,上山市,小倉
6,,9993214,,,,山形県,上山市,小笹
6,,9993172,,,,山形県,上山市,小白府
6,,9993124,,,,山形県,上山市,金生
6,,9993126,,,,山形県,上山市,金生西
6,,9993125,,,,山形県,上山市,金生東
6,,9993101,,,,山形県,上山市,金瓶
6,,9993103,,,,山形県,上山市,金谷
6,,9993226,,,,山形県,上山市,金山
6,,9993204,,,,山形県,上山市,上生居
6,,9993163,,,,山形県,上山市,軽井沢
6,,9993245,,,,山形県,上山市,川口
6,,9993145,,,,山形県,上山市,河崎
6,,9993131,,,,山形県,上山市,北町
6,,9993151,,,,山形県,上山市,北町本丁
6,,9993215,,,,山形県,上山市,久保川
6,,9993166,,,,山形県,上山市,久保手
6,,9993241,,,,山形県,上山市,けやきの森
6,,9993237,,,,山形県,上山市,小穴
6,,9993115,,,,山形県,上山市,高野
6,,9993111,,,,山形県,上山市,権現堂
6,,9993113,,,,山形県,上山市,蔵王
6,,9993104,,,,山形県,上山市,蔵王の森
6,,9993132,,,,山形県,上山市,栄町
6,,9993142,,,,山形県,上山市,沢丁
6,,9993233,,,,山形県,上山市,三本松
6,,9993202,,,,山形県,上山市,下生居
6,,9993217,,,,山形県,上山市,菖蒲
6,,9993102,,,,山形県,上山市,新金谷
6,,9993152,,,,山形県,上山市,新丁
6,,9993158,,,,山形県,上山市,新町
6,,9993141,,,,山形県,上山市,新湯
6,,9993213,,,,山形県,上山市,須田板
6,,9993221,,,,山形県,上山市,関根
6,,9993122,,,,山形県,上山市,仙石
6,,9993216,,,,山形県,上山市,大門
6,,9993243,,,,山形県,上山市,高松
6,,9993155,,,,山形県,上山市,鶴脛町
6,,9993234,,,,山形県,上山市,藤吾
6,,9993153,,,,山形県,上山市,十日町
6,,9993203,,,,山形県,上山市,中生居
6,,9993246,,,,山形県,上山市,中山
6,,9993232,,,,山形県,上山市,長清水
6,,9993114,,,,山形県,上山市,永野
6,,9993225,,,,山形県,上山市,楢下
6,,9993242,,,,山形県,上山市,葉山
6,,9993212,,,,山形県,上山市,原口
6,,9993121,,,,山形県,上山市,東町
6,,9993143,,,,山形県,上山市,二日町
6,,9993161,,,,山形県,上山市,弁天
6,,9993236,,,,山形県,上山市,細谷
6,,9993211,,,,山形県,上山市,牧野
6,,9993146,,,,山形県,上山市,松山
6,,9993223,,,,山形県,上山市,三上
6,,9993123,,,,山形県,上山市,美咲町
6,,9993224,,,,山形県,上山市,皆沢
6,,9993135,,,,山形県,上山市,南町
6,,9993107,,,,山形県,上山市,みはらしの丘
6,,9993201,,,,山形県,上山市,宮脇
6,,9993171,,,,山形県,上山市,狸森
6,,9993154,,,,山形県,上山市,元城内
6,,9993134,,,,山形県,上山市,矢来
6,,9993156,,,,山形県,上山市,湯町
6,,9993133,,,,山形県,上山市,八日町
6,,9993162,,,,山形県,上山市,四ツ谷
6,,9950000,,,,山形県,村山市,以下に掲載がない場合
6,,9950002,,,,山形県,村山市,五十沢
6,,9950204,,,,山形県,村山市,稲下
6,,9950113,,,,山形県,村山市,岩野
6,,9950038,,,,山形県,村山市,駅西
6,,9950111,,,,山形県,村山市,大久保
6,,9950203,,,,山形県,村山市,大槇
6,,9950054,,,,山形県,村山市,大淀
6,,9950004,,,,山形県,村山市,金谷
6,,9950041,,,,山形県,村山市,河島
6,,9950056,,,,山形県,村山市,河島山
6,,9950209,,,,山形県,村山市,碁点
6,,9950202,,,,山形県,村山市,白鳥
6,,9950042,,,,山形県,村山市,杉島
6,,9950051,,,,山形県,村山市,田沢
6,,9950025,,,,山形県,村山市,楯岡
6,,9950032,,,,山形県,村山市,楯岡荒町
6,,9950034,,,,山形県,村山市,楯岡五日町
6,,9950031,,,,山形県,村山市,楯岡大沢川
6,,9950011,,,,山形県,村山市,楯岡北町
6,,9950018,,,,山形県,村山市,楯岡新高田
6,,9950033,,,,山形県,村山市,楯岡新町
6,,9950021,,,,山形県,村山市,楯岡楯
6,,9950037,,,,山形県,村山市,楯岡俵町
6,,9950014,,,,山形県,村山市,楯岡鶴ケ町
6,,9950017,,,,山形県,村山市,楯岡十日町
6,,9950036,,,,山形県,村山市,楯岡中町
6,,9950022,,,,山形県,村山市,楯岡馬場
6,,9950023,,,,山形県,村山市,楯岡東沢
6,,9950024,,,,山形県,村山市,楯岡笛田
6,,9950015,,,,山形県,村山市,楯岡二日町
6,,9950016,,,,山形県,村山市,楯岡晦日町
6,,9950013,,,,山形県,村山市,楯岡湯沢
6,,9950005,,,,山形県,村山市,たも山
6,,9950205,,,,山形県,村山市,樽石
6,,9950035,,,,山形県,村山市,中央
6,,9950201,,,,山形県,村山市,長善寺
6,,9950001,,,,山形県,村山市,土生田
6,,9950208,,,,山形県,村山市,富並
6,,9950055,,,,山形県,村山市,長島
6,,9950052,,,,山形県,村山市,名取
6,,9950053,,,,山形県,村山市,西郷
6,,9950006,,,,山形県,村山市,林崎
6,,9950003,,,,山形県,村山市,本飯田
6,,9950206,,,,山形県,村山市,山の内
6,,9950207,,,,山形県,村山市,雪の観音郷
6,,9950012,,,,山形県,村山市,湯沢
6,,9950112,,,,山形県,村山市,湯野沢
6,,9930000,,,,山形県,長井市,以下に掲載がない場合
6,,9930022,,,,山形県,長井市,芦沢
6,,9930006,,,,山形県,長井市,あら町
6,,9930072,,,,山形県,長井市,五十川
6,,9930031,,,,山形県,長井市,泉
6,,9930033,,,,山形県,長井市,今泉
6,,9930034,,,,山形県,長井市,歌丸
6,,9930083,,,,山形県,長井市,大町
6,,9930005,,,,山形県,長井市,片田町
6,,9930021,,,,山形県,長井市,上伊佐沢
6,,9930032,,,,山形県,長井市,河井
6,,9930062,,,,山形県,長井市,川原沢
6,,9930064,,,,山形県,長井市,勧進代
6,,9930063,,,,山形県,長井市,草岡
6,,9930041,,,,山形県,長井市,九野本
6,,9930014,,,,山形県,長井市,小出
6,,9930085,,,,山形県,長井市,高野町
6,,9930051,,,,山形県,長井市,幸町
6,,9930084,,,,山形県,長井市,栄町
6,,9930054,,,,山形県,長井市,清水町
6,,9930023,,,,山形県,長井市,下伊佐沢
6,,9930071,,,,山形県,長井市,白兎
6,,9930052,,,,山形県,長井市,新町
6,,9930004,,,,山形県,長井市,神明町
6,,9930016,,,,山形県,長井市,台町
6,,9930013,,,,山形県,長井市,館町南
6,,9930011,,,,山形県,長井市,館町北
6,,9930061,,,,山形県,長井市,寺泉
6,,9930086,,,,山形県,長井市,十日町
6,,9930035,,,,山形県,長井市,時庭
6,,9930024,,,,山形県,長井市,中伊佐沢
6,,9930053,,,,山形県,長井市,中道
6,,9930075,,,,山形県,長井市,成田
6,,9930017,,,,山形県,長井市,花作町
6,,9930003,,,,山形県,長井市,東町
6,,9930012,,,,山形県,長井市,日の出町
6,,9930042,,,,山形県,長井市,平山
6,,9930082,,,,山形県,長井市,舟場
6,,9930001,,,,山形県,長井市,ままの上
6,,9930081,,,,山形県,長井市,緑町
6,,9930074,,,,山形県,長井市,宮
6,,9930007,,,,山形県,長井市,本町
6,,9930073,,,,山形県,長井市,森
6,,9930002,,,,山形県,長井市,屋城町
6,,9930087,,,,山形県,長井市,横町
6,,9930015,,,,山形県,長井市,四ツ谷
6,,9940000,,,,山形県,天童市,以下に掲載がない場合
6,,9940054,,,,山形県,天童市,荒谷
6,,9940057,,,,山形県,天童市,石鳥居
6,,9940015,,,,山形県,天童市,泉町
6,,9940041,,,,山形県,天童市,五日町
6,,9940078,,,,山形県,天童市,今町
6,,9940047,,,,山形県,天童市,駅西
6,,9940013,,,,山形県,天童市,老野森
6,,9940007,,,,山形県,天童市,大清水
6,,9940079,,,,山形県,天童市,大町
6,,9940003,,,,山形県,天童市,柏木町
6,,9940024,,,,山形県,天童市,鎌田
6,,9940025,,,,山形県,天童市,鎌田本町
6,,9940053,,,,山形県,天童市,上荻野戸
6,,9940103,,,,山形県,天童市,川原子
6,,9940011,,,,山形県,天童市,北久野本
6,,9940042,,,,山形県,天童市,北目
6,,9940012,,,,山形県,天童市,久野本
6,,9940077,,,,山形県,天童市,窪野目
6,,9940075,,,,山形県,天童市,蔵増
6,,9940028,,,,山形県,天童市,鍬ノ町
6,,9940032,,,,山形県,天童市,小路
6,,9940004,,,,山形県,天童市,小関
6,,9940027,,,,山形県,天童市,桜町
6,,9940052,,,,山形県,天童市,下荻野戸
6,,9940065,,,,山形県,天童市,清池
6,,9940069,,,,山形県,天童市,清池東
6,,9940005,,,,山形県,天童市,高木
6,,9940068,,,,山形県,天童市,高擶
6,,9940076,,,,山形県,天童市,高野辺
6,,9940046,,,,山形県,天童市,田鶴町
6,,9940104,,,,山形県,天童市,田麦野
6,,9940072,,,,山形県,天童市,塚野目
6,,9940073,,,,山形県,天童市,寺津
6,,9940031,,,,山形県,天童市,天童中
6,,9940023,,,,山形県,天童市,東善寺
6,,9940074,,,,山形県,天童市,藤内新田
6,,9940102,,,,山形県,天童市,道満
6,,9940064,,,,山形県,天童市,中里
6,,9940045,,,,山形県,天童市,仲町
6,,9940066,,,,山形県,天童市,長岡
6,,9940062,,,,山形県,天童市,長岡北
6,,9940051,,,,山形県,天童市,奈良沢
6,,9940006,,,,山形県,天童市,成生
6,,9940014,,,,山形県,天童市,糠塚
6,,9940022,,,,山形県,天童市,貫津
6,,9940067,,,,山形県,天童市,芳賀
6,,9940055,,,,山形県,天童市,原町
6,,9940001,,,,山形県,天童市,万代
6,,9940016,,,,山形県,天童市,東久野本
6,,9940063,,,,山形県,天童市,東長岡
6,,9940061,,,,山形県,天童市,東芳賀
6,,9940026,,,,山形県,天童市,東本町
6,,9940044,,,,山形県,天童市,一日町
6,,9940056,,,,山形県,天童市,干布
6,,9940034,,,,山形県,天童市,本町
6,,9940048,,,,山形県,天童市,交り江
6,,9940043,,,,山形県,天童市,松城町
6,,9940002,,,,山形県,天童市,乱川
6,,9940033,,,,山形県,天童市,三日町
6,,9940081,,,,山形県,天童市,南小畑
6,,9940049,,,,山形県,天童市,南町
6,,9940071,,,,山形県,天童市,矢野目
6,,9940101,,,,山形県,天童市,山口
6,,9940021,,,,山形県,天童市,山元
6,,9993700,,,,山形県,東根市,以下に掲載がない場合
6,,9993722,,,,山形県,東根市,泉郷
6,,9993747,,,,山形県,東根市,板垣大通り
6,,9993749,,,,山形県,東根市,板垣北小路
6,,9993744,,,,山形県,東根市,板垣北通り
6,,9993746,,,,山形県,東根市,板垣新田
6,,9993745,,,,山形県,東根市,板垣中通り
6,,9993748,,,,山形県,東根市,板垣西小路
6,,9993717,,,,山形県,東根市,一本木
6,,9993726,,,,山形県,東根市,猪野沢
6,,9993728,,,,山形県,東根市,太田新田
6,,9993714,,,,山形県,東根市,大林
6,,9993715,,,,山形県,東根市,大林新田
6,,9993712,,,,山形県,東根市,大森
6,,9993737,,,,山形県,東根市,若木
6,,9993738,,,,山形県,東根市,若木大通り
6,,9993757,,,,山形県,東根市,若木小路
6,,9993756,,,,山形県,東根市,若木一条通り
6,,9993755,,,,山形県,東根市,若木二条通り
6,,9993754,,,,山形県,東根市,若木三条通り
6,,9993753,,,,山形県,東根市,若木四条通り
6,,9993752,,,,山形県,東根市,若木五条通り
6,,9993751,,,,山形県,東根市,若木通り
6,,9993702,,,,山形県,東根市,温泉町
6,,9993770,,,,山形県,東根市,柏原
6,,9993716,,,,山形県,東根市,蟹沢
6,,9993723,,,,山形県,東根市,観音寺
6,,9993774,,,,山形県,東根市,郡山
6,,9993710,,,,山形県,東根市,小林
6,,9993786,,,,山形県,東根市,鷺の宿
6,,9993703,,,,山形県,東根市,鷺ノ森
6,,9993720,,,,山形県,東根市,さくらんぼ駅前
6,,9993773,,,,山形県,東根市,島大堀
6,,9993708,,,,山形県,東根市,下川原
6,,9993707,,,,山形県,東根市,新田町
6,,9993761,,,,山形県,東根市,神町
6,,9993763,,,,山形県,東根市,神町中央
6,,9993764,,,,山形県,東根市,神町東
6,,9993766,,,,山形県,東根市,神町西
6,,9993765,,,,山形県,東根市,神町南
6,,9993762,,,,山形県,東根市,神町北
6,,9993731,,,,山形県,東根市,神町営団大通り
6,,9993732,,,,山形県,東根市,神町営団中通り
6,,9993736,,,,山形県,東根市,神町営団南通り
6,,9993735,,,,山形県,東根市,神町営団一条通り
6,,9993734,,,,山形県,東根市,神町営団二条通り
6,,9993733,,,,山形県,東根市,神町営団三条通り
6,,9993724,,,,山形県,東根市,関山
6,,9993711,,,,山形県,東根市,中央
6,,9993729,,,,山形県,東根市,中央東
6,,9993719,,,,山形県,東根市,中央西
6,,9993730,,,,山形県,東根市,中央南
6,,9993778,,,,山形県,東根市,藤助新田
6,,9993743,,,,山形県,東根市,中島新田
6,,9993742,,,,山形県,東根市,中島通り
6,,9993741,,,,山形県,東根市,中島東通り
6,,9993771,,,,山形県,東根市,長瀞
6,,9993777,,,,山形県,東根市,荷口
6,,9993725,,,,山形県,東根市,沼沢
6,,9993727,,,,山形県,東根市,野川
6,,9993775,,,,山形県,東根市,野田
6,,9993776,,,,山形県,東根市,羽入
6,,9993779,,,,山形県,東根市,羽入東
6,,9993701,,,,山形県,東根市,東根甲
6,,9993721,,,,山形県,東根市,東根乙
6,,9993704,,,,山形県,東根市,東根丙
6,,9993713,,,,山形県,東根市,東根丁
6,,9993784,,,,山形県,東根市,本町
6,,9993781,,,,山形県,東根市,本丸北
6,,9993785,,,,山形県,東根市,本丸西
6,,9993782,,,,山形県,東根市,本丸東
6,,9993783,,,,山形県,東根市,本丸南
6,,9993772,,,,山形県,東根市,松沢
6,,9993706,,,,山形県,東根市,三日町
6,,9993705,,,,山形県,東根市,宮崎
6,,9993718,,,,山形県,東根市,四ツ家
6,,9993709,,,,山形県,東根市,六田
6,,9994200,,,,山形県,尾花沢市,以下に掲載がない場合
6,,9994554,,,,山形県,尾花沢市,芦沢
6,,9994223,,,,山形県,尾花沢市,五十沢
6,,9994208,,,,山形県,尾花沢市,市野々
6,,9994207,,,,山形県,尾花沢市,岩谷沢
6,,9994552,,,,山形県,尾花沢市,荻袋
6,,9994205,,,,山形県,尾花沢市,押切
6,,9994221,,,,山形県,尾花沢市,尾花沢
6,,9994222,,,,山形県,尾花沢市,朧気
6,,9994204,,,,山形県,尾花沢市,上ノ畑（１７５−８）
6,,9994304,,,,山形県,尾花沢市,上ノ畑（その他）
6,,9994332,,,,山形県,尾花沢市,上柳渡戸
6,,9994228,,,,山形県,尾花沢市,上町
6,,9994336,,,,山形県,尾花沢市,北郷
6,,9994231,,,,山形県,尾花沢市,北町
6,,9994333,,,,山形県,尾花沢市,銀山新畑
6,,9994214,,,,山形県,尾花沢市,牛房野
6,,9994334,,,,山形県,尾花沢市,下柳渡戸
6,,9994211,,,,山形県,尾花沢市,正厳
6,,9994224,,,,山形県,尾花沢市,新町
6,,9994226,,,,山形県,尾花沢市,新町中央
6,,9994201,,,,山形県,尾花沢市,高橋
6,,9994443,,,,山形県,尾花沢市,鶴子
6,,9994337,,,,山形県,尾花沢市,鶴巻田
6,,9994551,,,,山形県,尾花沢市,寺内
6,,9994555,,,,山形県,尾花沢市,毒沢
6,,9994206,,,,山形県,尾花沢市,富山
6,,9994203,,,,山形県,尾花沢市,中島
6,,9994227,,,,山形県,尾花沢市,中町
6,,9994556,,,,山形県,尾花沢市,名木沢
6,,9994202,,,,山形県,尾花沢市,行沢
6,,9994212,,,,山形県,尾花沢市,二藤袋
6,,9994213,,,,山形県,尾花沢市,丹生
6,,9994553,,,,山形県,尾花沢市,野黒沢
6,,9994441,,,,山形県,尾花沢市,延沢
6,,9994445,,,,山形県,尾花沢市,畑沢
6,,9994335,,,,山形県,尾花沢市,原田
6,,9994232,,,,山形県,尾花沢市,梺町
6,,9994444,,,,山形県,尾花沢市,細野
6,,9994557,,,,山形県,尾花沢市,南沢
6,,9994331,,,,山形県,尾花沢市,母袋
6,,9994229,,,,山形県,尾花沢市,横町
6,,9994442,,,,山形県,尾花沢市,六沢
6,,9994225,,,,山形県,尾花沢市,若葉町
6,,9992200,,,,山形県,南陽市,以下に掲載がない場合
6,,9992211,,,,山形県,南陽市,赤湯
6,,9920473,,,,山形県,南陽市,池黒
6,,9920474,,,,山形県,南陽市,漆山
6,,9992224,,,,山形県,南陽市,大橋
6,,9992252,,,,山形県,南陽市,沖田
6,,9920582,,,,山形県,南陽市,荻
6,,9992212,,,,山形県,南陽市,金沢
6,,9920471,,,,山形県,南陽市,金山
6,,9992201,,,,山形県,南陽市,釜渡戸
6,,9992261,,,,山形県,南陽市,蒲生田
6,,9992204,,,,山形県,南陽市,川樋
6,,9992221,,,,山形県,南陽市,椚塚
6,,9992203,,,,山形県,南陽市,小岩沢
6,,9992241,,,,山形県,南陽市,郡山
6,,9920581,,,,山形県,南陽市,小滝
6,,9992256,,,,山形県,南陽市,坂井
6,,9992244,,,,山形県,南陽市,島貫
6,,9920583,,,,山形県,南陽市,下荻
6,,9992205,,,,山形県,南陽市,新田
6,,9920476,,,,山形県,南陽市,砂塚
6,,9992255,,,,山形県,南陽市,関根
6,,9992251,,,,山形県,南陽市,高梨
6,,9920478,,,,山形県,南陽市,竹原
6,,9920584,,,,山形県,南陽市,太郎
6,,9992234,,,,山形県,南陽市,中央東
6,,9992254,,,,山形県,南陽市,露橋
6,,9992264,,,,山形県,南陽市,中落合
6,,9992242,,,,山形県,南陽市,中ノ目
6,,9992222,,,,山形県,南陽市,長岡
6,,9992266,,,,山形県,南陽市,長瀞
6,,9992243,,,,山形県,南陽市,鍋田
6,,9992231,,,,山形県,南陽市,二色根
6,,9992265,,,,山形県,南陽市,西落合
6,,9992263,,,,山形県,南陽市,萩生田
6,,9920475,,,,山形県,南陽市,羽付
6,,9992267,,,,山形県,南陽市,法師柳
6,,9992213,,,,山形県,南陽市,松沢
6,,9992223,,,,山形県,南陽市,俎柳
6,,9992232,,,,山形県,南陽市,三間通
6,,9920472,,,,山形県,南陽市,宮内
6,,9992253,,,,山形県,南陽市,宮崎
6,,9992202,,,,山形県,南陽市,元中山
6,,9920477,,,,山形県,南陽市,梨郷
6,,9992262,,,,山形県,南陽市,若狭郷屋
6,,9920479,,,,山形県,南陽市,和田
6,,9992233,,,,山形県,南陽市,上野
6,,9900300,,,,山形県,東村山郡山辺町,以下に掲載がない場合
6,,9900311,,,,山形県,東村山郡山辺町,近江
6,,9900323,,,,山形県,東村山郡山辺町,大塚
6,,9900331,,,,山形県,東村山郡山辺町,大寺
6,,9900341,,,,山形県,東村山郡山辺町,大蕨
6,,9900332,,,,山形県,東村山郡山辺町,北垣
6,,9900352,,,,山形県,東村山郡山辺町,北作
6,,9900342,,,,山形県,東村山郡山辺町,北山
6,,9900333,,,,山形県,東村山郡山辺町,杉下
6,,9900321,,,,山形県,東村山郡山辺町,根際
6,,9900361,,,,山形県,東村山郡山辺町,畑谷
6,,9900312,,,,山形県,東村山郡山辺町,三河尻
6,,9900302,,,,山形県,東村山郡山辺町,緑ケ丘
6,,9900351,,,,山形県,東村山郡山辺町,簗沢
6,,9900301,,,,山形県,東村山郡山辺町,山辺
6,,9900322,,,,山形県,東村山郡山辺町,要害
6,,9900400,,,,山形県,東村山郡中山町,以下に掲載がない場合
6,,9900411,,,,山形県,東村山郡中山町,あおば
6,,9900402,,,,山形県,東村山郡中山町,いずみ
6,,9900408,,,,山形県,東村山郡中山町,岡
6,,9900405,,,,山形県,東村山郡中山町,金沢
6,,9900409,,,,山形県,東村山郡中山町,小塩
6,,9900403,,,,山形県,東村山郡中山町,達磨寺
6,,9900407,,,,山形県,東村山郡中山町,土橋
6,,9900401,,,,山形県,東村山郡中山町,長崎
6,,9900404,,,,山形県,東村山郡中山町,向新田
6,,9900406,,,,山形県,東村山郡中山町,柳沢
6,,9993500,,,,山形県,西村山郡河北町,以下に掲載がない場合
6,,9993503,,,,山形県,西村山郡河北町,岩木
6,,9993501,,,,山形県,西村山郡河北町,新吉田
6,,9993521,,,,山形県,西村山郡河北町,田井
6,,9993532,,,,山形県,西村山郡河北町,造山
6,,9993533,,,,山形県,西村山郡河北町,西里
6,,9993531,,,,山形県,西村山郡河北町,畑中
6,,9993522,,,,山形県,西村山郡河北町,溝延
6,,9993511,,,,山形県,西村山郡河北町,谷地
6,,9993515,,,,山形県,西村山郡河北町,谷地荒町東
6,,9993512,,,,山形県,西村山郡河北町,谷地中央
6,,9993513,,,,山形県,西村山郡河北町,谷地所岡
6,,9993514,,,,山形県,西村山郡河北町,谷地ひな市
6,,9993502,,,,山形県,西村山郡河北町,吉田
6,,9900700,,,,山形県,西村山郡西川町,以下に掲載がない場合
6,,9900714,,,,山形県,西村山郡西川町,入間
6,,9900743,,,,山形県,西村山郡西川町,岩根沢
6,,9900721,,,,山形県,西村山郡西川町,大井沢
6,,9900702,,,,山形県,西村山郡西川町,海味
6,,9900734,,,,山形県,西村山郡西川町,志津
6,,9900732,,,,山形県,西村山郡西川町,砂子関
6,,9900731,,,,山形県,西村山郡西川町,月岡
6,,9900733,,,,山形県,西村山郡西川町,月山沢
6,,9900741,,,,山形県,西村山郡西川町,綱取
6,,9900713,,,,山形県,西村山郡西川町,沼山
6,,9900712,,,,山形県,西村山郡西川町,原
6,,9900735,,,,山形県,西村山郡西川町,本道寺
6,,9900703,,,,山形県,西村山郡西川町,間沢
6,,9900742,,,,山形県,西村山郡西川町,水沢
6,,9900701,,,,山形県,西村山郡西川町,睦合
6,,9900711,,,,山形県,西村山郡西川町,吉川
6,,9901400,,,,山形県,西村山郡朝日町,以下に掲載がない場合
6,,9901441,,,,山形県,西村山郡朝日町,新宿
6,,9901303,,,,山形県,西村山郡朝日町,馬神
6,,9901306,,,,山形県,西村山郡朝日町,大暮山
6,,9901431,,,,山形県,西村山郡朝日町,大滝
6,,9901305,,,,山形県,西村山郡朝日町,大沼
6,,9901562,,,,山形県,西村山郡朝日町,大船木
6,,9901304,,,,山形県,西村山郡朝日町,大谷
6,,9901422,,,,山形県,西村山郡朝日町,送橋
6,,9901432,,,,山形県,西村山郡朝日町,上郷
6,,9901571,,,,山形県,西村山郡朝日町,石須部
6,,9901563,,,,山形県,西村山郡朝日町,今平
6,,9901444,,,,山形県,西村山郡朝日町,四ノ沢
6,,9901423,,,,山形県,西村山郡朝日町,下芦沢
6,,9901574,,,,山形県,西村山郡朝日町,白倉
6,,9901433,,,,山形県,西村山郡朝日町,杉山
6,,9901573,,,,山形県,西村山郡朝日町,立木
6,,9901302,,,,山形県,西村山郡朝日町,玉ノ井
6,,9901572,,,,山形県,西村山郡朝日町,太郎
6,,9901552,,,,山形県,西村山郡朝日町,常盤
6,,9901301,,,,山形県,西村山郡朝日町,中沢
6,,9901553,,,,山形県,西村山郡朝日町,長沼
6,,9901421,,,,山形県,西村山郡朝日町,古槇
6,,9901561,,,,山形県,西村山郡朝日町,松程
6,,9901424,,,,山形県,西村山郡朝日町,水本
6,,9901551,,,,山形県,西村山郡朝日町,三中
6,,9901442,,,,山形県,西村山郡朝日町,宮宿
6,,9901443,,,,山形県,西村山郡朝日町,雪谷
6,,9901411,,,,山形県,西村山郡朝日町,和合
6,,9901412,,,,山形県,西村山郡朝日町,和合平
6,,9901100,,,,山形県,西村山郡大江町,以下に掲載がない場合
6,,9910801,,,,山形県,西村山郡大江町,左沢（１５１８−３、１７５０−１〜２２２８−１８、２２５５−１〜
6,,9910801,,,,山形県,西村山郡大江町,２２５７−２８、２３１６〜２３１８、２４３０−１〜２４３１−７５）
6,,9901101,,,,山形県,西村山郡大江町,左沢（その他）
6,,9901122,,,,山形県,西村山郡大江町,小見
6,,9901131,,,,山形県,西村山郡大江町,荻野
6,,9901152,,,,山形県,西村山郡大江町,顔好甲
6,,9901153,,,,山形県,西村山郡大江町,顔好乙
6,,9901276,,,,山形県,西村山郡大江町,黒森
6,,9901141,,,,山形県,西村山郡大江町,小釿
6,,9901273,,,,山形県,西村山郡大江町,小清
6,,9901142,,,,山形県,西村山郡大江町,材木
6,,9901275,,,,山形県,西村山郡大江町,沢口
6,,9901113,,,,山形県,西村山郡大江町,三郷甲
6,,9901112,,,,山形県,西村山郡大江町,三郷乙
6,,9901111,,,,山形県,西村山郡大江町,三郷丙
6,,9901133,,,,山形県,西村山郡大江町,塩ノ平
6,,9901144,,,,山形県,西村山郡大江町,十八才甲
6,,9901145,,,,山形県,西村山郡大江町,十八才乙
6,,9901271,,,,山形県,西村山郡大江町,月布
6,,9901132,,,,山形県,西村山郡大江町,堂屋敷
6,,9901134,,,,山形県,西村山郡大江町,所部
6,,9901114,,,,山形県,西村山郡大江町,富沢
6,,9901146,,,,山形県,西村山郡大江町,楢山
6,,9901272,,,,山形県,西村山郡大江町,貫見
6,,9901143,,,,山形県,西村山郡大江町,橋上
6,,9901161,,,,山形県,西村山郡大江町,原田
6,,9901121,,,,山形県,西村山郡大江町,藤田
6,,9901154,,,,山形県,西村山郡大江町,本郷甲
6,,9901151,,,,山形県,西村山郡大江町,本郷乙
6,,9901164,,,,山形県,西村山郡大江町,本郷丙
6,,9901163,,,,山形県,西村山郡大江町,本郷丁
6,,9901165,,,,山形県,西村山郡大江町,本郷戊
6,,9901162,,,,山形県,西村山郡大江町,本郷己
6,,9901274,,,,山形県,西村山郡大江町,柳川
6,,9994100,,,,山形県,北村山郡大石田町,以下に掲載がない場合
6,,9994113,,,,山形県,北村山郡大石田町,今宿
6,,9994103,,,,山形県,北村山郡大石田町,岩ケ袋
6,,9994116,,,,山形県,北村山郡大石田町,駅前通り
6,,9994111,,,,山形県,北村山郡大石田町,大石田
6,,9994131,,,,山形県,北村山郡大石田町,大浦
6,,9994102,,,,山形県,北村山郡大石田町,海谷
6,,9994115,,,,山形県,北村山郡大石田町,桂木町
6,,9994133,,,,山形県,北村山郡大石田町,川前
6,,9994132,,,,山形県,北村山郡大石田町,駒籠
6,,9994141,,,,山形県,北村山郡大石田町,次年子
6,,9994554,,,,山形県,北村山郡大石田町,鷹巣（岡草山）
6,,9994101,,,,山形県,北村山郡大石田町,鷹巣（その他）
6,,9994122,,,,山形県,北村山郡大石田町,田沢
6,,9994134,,,,山形県,北村山郡大石田町,豊田
6,,9994112,,,,山形県,北村山郡大石田町,緑町
6,,9994121,,,,山形県,北村山郡大石田町,横山
6,,9994114,,,,山形県,北村山郡大石田町,四日町
6,,9995400,,,,山形県,最上郡金山町,以下に掲載がない場合
6,,9995401,,,,山形県,最上郡金山町,有屋
6,,9995414,,,,山形県,最上郡金山町,漆野
6,,9995405,,,,山形県,最上郡金山町,上台
6,,9995402,,,,山形県,最上郡金山町,金山
6,,9995404,,,,山形県,最上郡金山町,下野明
6,,9995413,,,,山形県,最上郡金山町,谷口銀山
6,,9995412,,,,山形県,最上郡金山町,飛森
6,,9995411,,,,山形県,最上郡金山町,中田
6,,9995415,,,,山形県,最上郡金山町,朴山
6,,9995403,,,,山形県,最上郡金山町,安沢
6,,9995406,,,,山形県,最上郡金山町,山崎
6,,9996100,,,,山形県,最上郡最上町,以下に掲載がない場合
6,,9996211,,,,山形県,最上郡最上町,大堀
6,,9996103,,,,山形県,最上郡最上町,黒澤
6,,9996106,,,,山形県,最上郡最上町,堺田
6,,9996212,,,,山形県,最上郡最上町,志茂
6,,9996211,,,,山形県,最上郡最上町,瀬見
6,,9996215,,,,山形県,最上郡最上町,月楯
6,,9996105,,,,山形県,最上郡最上町,富澤
6,,9996102,,,,山形県,最上郡最上町,東法田
6,,9996213,,,,山形県,最上郡最上町,法田
6,,9996104,,,,山形県,最上郡最上町,本城
6,,9996107,,,,山形県,最上郡最上町,満澤
6,,9996101,,,,山形県,最上郡最上町,向町
6,,9996214,,,,山形県,最上郡最上町,若宮
6,,9994600,,,,山形県,最上郡舟形町,以下に掲載がない場合
6,,9994602,,,,山形県,最上郡舟形町,長者原
6,,9994603,,,,山形県,最上郡舟形町,富田
6,,9994605,,,,山形県,最上郡舟形町,長沢
6,,9994601,,,,山形県,最上郡舟形町,舟形
6,,9994604,,,,山形県,最上郡舟形町,堀内
6,,9995300,,,,山形県,最上郡真室川町,以下に掲載がない場合
6,,9995312,,,,山形県,最上郡真室川町,新町
6,,9995313,,,,山形県,最上郡真室川町,内町
6,,9995521,,,,山形県,最上郡真室川町,大沢
6,,9995603,,,,山形県,最上郡真室川町,大滝
6,,9995604,,,,山形県,最上郡真室川町,釜淵
6,,9995601,,,,山形県,最上郡真室川町,川ノ内（２〜１２８番地、４１９〜６１４番地、１７１７番地、三滝、春木）
6,,9995301,,,,山形県,最上郡真室川町,川ノ内（その他）
6,,9995314,,,,山形県,最上郡真室川町,木ノ下
6,,9995522,,,,山形県,最上郡真室川町,差首鍋
6,,9995602,,,,山形県,最上郡真室川町,及位
6,,9995311,,,,山形県,最上郡真室川町,平岡
6,,9960200,,,,山形県,最上郡大蔵村,以下に掲載がない場合
6,,9960211,,,,山形県,最上郡大蔵村,合海
6,,9960213,,,,山形県,最上郡大蔵村,赤松
6,,9960212,,,,山形県,最上郡大蔵村,清水
6,,9960301,,,,山形県,最上郡大蔵村,南山（４３０番地以上「１７７０−１〜２、１８６２−４２、
6,,9960301,,,,山形県,最上郡大蔵村,１９２３−５を除く」、大谷地、折渡、鍵金野、金山、滝ノ沢、豊牧、沼の台、
6,,9960301,,,,山形県,最上郡大蔵村,肘折、平林）
6,,9960201,,,,山形県,最上郡大蔵村,南山（その他）
6,,9995200,,,,山形県,最上郡鮭川村,以下に掲載がない場合
6,,9995208,,,,山形県,最上郡鮭川村,石名坂
6,,9995203,,,,山形県,最上郡鮭川村,川口
6,,9995201,,,,山形県,最上郡鮭川村,京塚
6,,9995202,,,,山形県,最上郡鮭川村,佐渡
6,,9995205,,,,山形県,最上郡鮭川村,中渡
6,,9995207,,,,山形県,最上郡鮭川村,庭月
6,,9995206,,,,山形県,最上郡鮭川村,曲川
6,,9995204,,,,山形県,最上郡鮭川村,向居
6,,9996400,,,,山形県,最上郡戸沢村,以下に掲載がない場合
6,,9996312,,,,山形県,最上郡戸沢村,岩清水
6,,9996402,,,,山形県,最上郡戸沢村,蔵岡
6,,9996315,,,,山形県,最上郡戸沢村,神田
6,,9996403,,,,山形県,最上郡戸沢村,角川
6,,9996311,,,,山形県,最上郡戸沢村,津谷
6,,9996313,,,,山形県,最上郡戸沢村,名高
6,,9996801,,,,山形県,最上郡戸沢村,古口（柏沢）
6,,9996401,,,,山形県,最上郡戸沢村,古口（その他）
6,,9996314,,,,山形県,最上郡戸沢村,松坂
6,,9920300,,,,山形県,東置賜郡高畠町,以下に掲載がない場合
6,,9920332,,,,山形県,東置賜郡高畠町,相森
6,,9920302,,,,山形県,東置賜郡高畠町,安久津
6,,9992171,,,,山形県,東置賜郡高畠町,石岡
6,,9920315,,,,山形県,東置賜郡高畠町,泉岡
6,,9920334,,,,山形県,東置賜郡高畠町,一本柳
6,,9920324,,,,山形県,東置賜郡高畠町,入生田
6,,9992177,,,,山形県,東置賜郡高畠町,小其塚
6,,9920333,,,,山形県,東置賜郡高畠町,柏木目
6,,9920311,,,,山形県,東置賜郡高畠町,金原
6,,9992178,,,,山形県,東置賜郡高畠町,上平柳
6,,9920261,,,,山形県,東置賜郡高畠町,上和田
6,,9920321,,,,山形県,東置賜郡高畠町,亀岡
6,,9920335,,,,山形県,東置賜郡高畠町,川沼
6,,9920313,,,,山形県,東置賜郡高畠町,高安
6,,9920312,,,,山形県,東置賜郡高畠町,小郡山
6,,9920265,,,,山形県,東置賜郡高畠町,佐沢
6,,9920331,,,,山形県,東置賜郡高畠町,三条目
6,,9920314,,,,山形県,東置賜郡高畠町,塩森
6,,9920263,,,,山形県,東置賜郡高畠町,下和田
6,,9992179,,,,山形県,東置賜郡高畠町,蛇口
6,,9920351,,,,山形県,東置賜郡高畠町,高畠
6,,9920342,,,,山形県,東置賜郡高畠町,竹森
6,,9920323,,,,山形県,東置賜郡高畠町,露藤
6,,9920341,,,,山形県,東置賜郡高畠町,時沢
6,,9920352,,,,山形県,東置賜郡高畠町,中里
6,,9920322,,,,山形県,東置賜郡高畠町,中島
6,,9992172,,,,山形県,東置賜郡高畠町,夏茂
6,,9920301,,,,山形県,東置賜郡高畠町,二井宿
6,,9992176,,,,山形県,東置賜郡高畠町,糠野目
6,,9920343,,,,山形県,東置賜郡高畠町,根岸
6,,9920264,,,,山形県,東置賜郡高畠町,馬頭
6,,9920344,,,,山形県,東置賜郡高畠町,深沼
6,,9992174,,,,山形県,東置賜郡高畠町,福沢
6,,9992175,,,,山形県,東置賜郡高畠町,福沢南
6,,9920325,,,,山形県,東置賜郡高畠町,船橋
6,,9920262,,,,山形県,東置賜郡高畠町,元和田
6,,9992173,,,,山形県,東置賜郡高畠町,山崎
6,,9990100,,,,山形県,東置賜郡川西町,以下に掲載がない場合
6,,9920602,,,,山形県,東置賜郡川西町,大塚
6,,9990151,,,,山形県,東置賜郡川西町,大舟
6,,9990213,,,,山形県,東置賜郡川西町,尾長島
6,,9990152,,,,山形県,東置賜郡川西町,上奥田
6,,9990121,,,,山形県,東置賜郡川西町,上小松
6,,9990131,,,,山形県,東置賜郡川西町,黒川
6,,9990132,,,,山形県,東置賜郡川西町,高豆蒄
6,,9990133,,,,山形県,東置賜郡川西町,小松
6,,9990145,,,,山形県,東置賜郡川西町,下奥田
6,,9990134,,,,山形県,東置賜郡川西町,下小松
6,,9990212,,,,山形県,東置賜郡川西町,下平柳
6,,9990211,,,,山形県,東置賜郡川西町,洲島
6,,9990141,,,,山形県,東置賜郡川西町,高山
6,,9990361,,,,山形県,東置賜郡川西町,玉庭
6,,9990144,,,,山形県,東置賜郡川西町,時田
6,,9990122,,,,山形県,東置賜郡川西町,中小松
6,,9920601,,,,山形県,東置賜郡川西町,西大塚
6,,9990143,,,,山形県,東置賜郡川西町,莅
6,,9920603,,,,山形県,東置賜郡川西町,東大塚
6,,9990153,,,,山形県,東置賜郡川西町,朴沢
6,,9990142,,,,山形県,東置賜郡川西町,堀金
6,,9990214,,,,山形県,東置賜郡川西町,吉田
6,,9991300,,,,山形県,西置賜郡小国町,以下に掲載がない場合
6,,9991356,,,,山形県,西置賜郡小国町,あけぼの
6,,9991323,,,,山形県,西置賜郡小国町,朝篠
6,,9991507,,,,山形県,西置賜郡小国町,足野水
6,,9991504,,,,山形県,西置賜郡小国町,足水中里
6,,9991402,,,,山形県,西置賜郡小国町,網代瀬
6,,9991434,,,,山形県,西置賜郡小国町,荒沢
6,,9991213,,,,山形県,西置賜郡小国町,新股
6,,9991322,,,,山形県,西置賜郡小国町,伊佐領
6,,9991451,,,,山形県,西置賜郡小国町,石滝
6,,9991521,,,,山形県,西置賜郡小国町,泉岡
6,,9991506,,,,山形県,西置賜郡小国町,市野沢
6,,9991203,,,,山形県,西置賜郡小国町,市野々
6,,9991413,,,,山形県,西置賜郡小国町,今市
6,,9991435,,,,山形県,西置賜郡小国町,入折戸
6,,9991352,,,,山形県,西置賜郡小国町,岩井沢
6,,9991421,,,,山形県,西置賜郡小国町,越中里
6,,9991212,,,,山形県,西置賜郡小国町,大石沢
6,,9991336,,,,山形県,西置賜郡小国町,大滝
6,,9991342,,,,山形県,西置賜郡小国町,大宮
6,,9991363,,,,山形県,西置賜郡小国町,小国小坂町
6,,9991351,,,,山形県,西置賜郡小国町,小国町
6,,9991312,,,,山形県,西置賜郡小国町,小渡
6,,9991441,,,,山形県,西置賜郡小国町,驚
6,,9991443,,,,山形県,西置賜郡小国町,小股
6,,9991436,,,,山形県,西置賜郡小国町,折戸
6,,9991311,,,,山形県,西置賜郡小国町,貝少
6,,9991512,,,,山形県,西置賜郡小国町,片貝
6,,9991301,,,,山形県,西置賜郡小国町,金目
6,,9991211,,,,山形県,西置賜郡小国町,叶水
6,,9991214,,,,山形県,西置賜郡小国町,河原角
6,,9991345,,,,山形県,西置賜郡小国町,北
6,,9991334,,,,山形県,西置賜郡小国町,黒沢
6,,9991339,,,,山形県,西置賜郡小国町,小倉
6,,9991522,,,,山形県,西置賜郡小国町,小玉川
6,,9991452,,,,山形県,西置賜郡小国町,五味沢
6,,9991354,,,,山形県,西置賜郡小国町,幸町
6,,9991361,,,,山形県,西置賜郡小国町,栄町
6,,9991202,,,,山形県,西置賜郡小国町,白子沢
6,,9991412,,,,山形県,西置賜郡小国町,尻無沢
6,,9991337,,,,山形県,西置賜郡小国町,新原
6,,9991314,,,,山形県,西置賜郡小国町,新屋敷
6,,9991503,,,,山形県,西置賜郡小国町,菅沼
6,,9991338,,,,山形県,西置賜郡小国町,杉沢
6,,9991333,,,,山形県,西置賜郡小国町,芹出
6,,9991442,,,,山形県,西置賜郡小国町,太鼓沢
6,,9991502,,,,山形県,西置賜郡小国町,滝倉
6,,9991344,,,,山形県,西置賜郡小国町,田沢頭
6,,9991335,,,,山形県,西置賜郡小国町,種沢
6,,9991511,,,,山形県,西置賜郡小国町,玉川
6,,9991514,,,,山形県,西置賜郡小国町,玉川中里
6,,9991501,,,,山形県,西置賜郡小国町,樽口
6,,9991321,,,,山形県,西置賜郡小国町,綱木箱口
6,,9991414,,,,山形県,西置賜郡小国町,栃倉
6,,9991432,,,,山形県,西置賜郡小国町,中島
6,,9991513,,,,山形県,西置賜郡小国町,中田山崎
6,,9991422,,,,山形県,西置賜郡小国町,長沢
6,,9991355,,,,山形県,西置賜郡小国町,西
6,,9991215,,,,山形県,西置賜郡小国町,西滝
6,,9991201,,,,山形県,西置賜郡小国町,沼沢
6,,9991313,,,,山形県,西置賜郡小国町,針生
6,,9991216,,,,山形県,西置賜郡小国町,東滝
6,,9991331,,,,山形県,西置賜郡小国町,東原
6,,9991433,,,,山形県,西置賜郡小国町,樋ノ沢
6,,9991505,,,,山形県,西置賜郡小国町,百子沢
6,,9991353,,,,山形県,西置賜郡小国町,兵庫舘
6,,9991401,,,,山形県,西置賜郡小国町,舟渡
6,,9991302,,,,山形県,西置賜郡小国町,古田
6,,9991341,,,,山形県,西置賜郡小国町,増岡
6,,9991332,,,,山形県,西置賜郡小国町,町原
6,,9991324,,,,山形県,西置賜郡小国町,松岡
6,,9991411,,,,山形県,西置賜郡小国町,松崎
6,,9991362,,,,山形県,西置賜郡小国町,緑町
6,,9991343,,,,山形県,西置賜郡小国町,宮の台
6,,9991431,,,,山形県,西置賜郡小国町,焼山
6,,9991346,,,,山形県,西置賜郡小国町,湯ノ花
6,,9991303,,,,山形県,西置賜郡小国町,若山
6,,9920800,,,,山形県,西置賜郡白鷹町,以下に掲載がない場合
6,,9920852,,,,山形県,西置賜郡白鷹町,浅立
6,,9920771,,,,山形県,西置賜郡白鷹町,鮎貝
6,,9920831,,,,山形県,西置賜郡白鷹町,荒砥甲
6,,9920832,,,,山形県,西置賜郡白鷹町,荒砥乙
6,,9920861,,,,山形県,西置賜郡白鷹町,大瀬
6,,9920775,,,,山形県,西置賜郡白鷹町,黒鴨
6,,9920841,,,,山形県,西置賜郡白鷹町,畔藤
6,,9920864,,,,山形県,西置賜郡白鷹町,佐野原
6,,9920862,,,,山形県,西置賜郡白鷹町,下山
6,,9920821,,,,山形県,西置賜郡白鷹町,十王
6,,9920863,,,,山形県,西置賜郡白鷹町,菖蒲
6,,9920778,,,,山形県,西置賜郡白鷹町,高岡
6,,9920773,,,,山形県,西置賜郡白鷹町,高玉
6,,9920812,,,,山形県,西置賜郡白鷹町,滝野
6,,9920777,,,,山形県,西置賜郡白鷹町,栃窪
6,,9920802,,,,山形県,西置賜郡白鷹町,中山
6,,9920811,,,,山形県,西置賜郡白鷹町,萩野
6,,9920801,,,,山形県,西置賜郡白鷹町,針生
6,,9920851,,,,山形県,西置賜郡白鷹町,広野
6,,9920779,,,,山形県,西置賜郡白鷹町,箕和田
6,,9920776,,,,山形県,西置賜郡白鷹町,深山
6,,9920774,,,,山形県,西置賜郡白鷹町,山口
6,,9920772,,,,山形県,西置賜郡白鷹町,横田尻
6,,9990600,,,,山形県,西置賜郡飯豊町,以下に掲載がない場合
6,,9990436,,,,山形県,西置賜郡飯豊町,岩倉
6,,9990425,,,,山形県,西置賜郡飯豊町,宇津沢
6,,9990427,,,,山形県,西置賜郡飯豊町,上原
6,,9990426,,,,山形県,西置賜郡飯豊町,遅谷
6,,9990424,,,,山形県,西置賜郡飯豊町,数馬
6,,9990433,,,,山形県,西置賜郡飯豊町,上屋地
6,,9990434,,,,山形県,西置賜郡飯豊町,川内戸
6,,9990603,,,,山形県,西置賜郡飯豊町,黒沢
6,,9991113,,,,山形県,西置賜郡飯豊町,小白川
6,,9990421,,,,山形県,西置賜郡飯豊町,小屋
6,,9990431,,,,山形県,西置賜郡飯豊町,下屋地
6,,9990432,,,,山形県,西置賜郡飯豊町,白川
6,,9990423,,,,山形県,西置賜郡飯豊町,須郷
6,,9990605,,,,山形県,西置賜郡飯豊町,添川
6,,9990435,,,,山形県,西置賜郡飯豊町,高造路
6,,9991112,,,,山形県,西置賜郡飯豊町,高峰
6,,9990604,,,,山形県,西置賜郡飯豊町,椿
6,,9991111,,,,山形県,西置賜郡飯豊町,手ノ子
6,,9990601,,,,山形県,西置賜郡飯豊町,中
6,,9990602,,,,山形県,西置賜郡飯豊町,萩生
6,,9990422,,,,山形県,西置賜郡飯豊町,広河原
6,,9990606,,,,山形県,西置賜郡飯豊町,松原
6,,9971300,,,,山形県,東田川郡三川町,以下に掲載がない場合
6,,9971311,,,,山形県,東田川郡三川町,青山
6,,9971316,,,,山形県,東田川郡三川町,猪子
6,,9971321,,,,山形県,東田川郡三川町,押切新田
6,,9971313,,,,山形県,東田川郡三川町,角田二口
6,,9971336,,,,山形県,東田川郡三川町,加藤
6,,9971315,,,,山形県,東田川郡三川町,神花
6,,9971337,,,,山形県,東田川郡三川町,小尺
6,,9971331,,,,山形県,東田川郡三川町,助川
6,,9971312,,,,山形県,東田川郡三川町,善阿弥
6,,9971334,,,,山形県,東田川郡三川町,竹原田
6,,9971332,,,,山形県,東田川郡三川町,堤野
6,,9971322,,,,山形県,東田川郡三川町,土口
6,,9971317,,,,山形県,東田川郡三川町,成田新田
6,,9971314,,,,山形県,東田川郡三川町,東沼
6,,9971335,,,,山形県,東田川郡三川町,菱沼
6,,9971333,,,,山形県,東田川郡三川町,横内
6,,9971338,,,,山形県,東田川郡三川町,横川
6,,9971339,,,,山形県,東田川郡三川町,横川新田
6,,9971301,,,,山形県,東田川郡三川町,横山
6,,9997700,,,,山形県,東田川郡庄内町,以下に掲載がない場合
6,,9997724,,,,山形県,東田川郡庄内町,赤渕新田
6,,9997701,,,,山形県,東田川郡庄内町,跡
6,,9997781,,,,山形県,東田川郡庄内町,余目
6,,9997714,,,,山形県,東田川郡庄内町,余目新田
6,,9997743,,,,山形県,東田川郡庄内町,新田目
6,,9997755,,,,山形県,東田川郡庄内町,生三
6,,9997702,,,,山形県,東田川郡庄内町,榎木
6,,9997747,,,,山形県,東田川郡庄内町,大野
6,,9997737,,,,山形県,東田川郡庄内町,大真木
6,,9997752,,,,山形県,東田川郡庄内町,近江新田
6,,9997763,,,,山形県,東田川郡庄内町,落合
6,,9997762,,,,山形県,東田川郡庄内町,家根合
6,,9996601,,,,山形県,東田川郡庄内町,狩川
6,,9996607,,,,山形県,東田川郡庄内町,肝煎
6,,9997766,,,,山形県,東田川郡庄内町,久田
6,,9997742,,,,山形県,東田川郡庄内町,京島
6,,9996606,,,,山形県,東田川郡庄内町,清川
6,,9996605,,,,山形県,東田川郡庄内町,桑田
6,,9997722,,,,山形県,東田川郡庄内町,小出新田
6,,9997745,,,,山形県,東田川郡庄内町,境興屋
6,,9997725,,,,山形県,東田川郡庄内町,沢新田
6,,9996608,,,,山形県,東田川郡庄内町,科沢
6,,9997754,,,,山形県,東田川郡庄内町,島田
6,,9997713,,,,山形県,東田川郡庄内町,常万
6,,9997782,,,,山形県,東田川郡庄内町,松陽
6,,9997765,,,,山形県,東田川郡庄内町,杉浦
6,,9996604,,,,山形県,東田川郡庄内町,千本杉
6,,9996603,,,,山形県,東田川郡庄内町,添津
6,,9997741,,,,山形県,東田川郡庄内町,返吉
6,,9997761,,,,山形県,東田川郡庄内町,高田麦
6,,9996609,,,,山形県,東田川郡庄内町,立谷沢
6,,9997748,,,,山形県,東田川郡庄内町,田谷
6,,9997704,,,,山形県,東田川郡庄内町,千河原
6,,9997721,,,,山形県,東田川郡庄内町,堤新田
6,,9997707,,,,山形県,東田川郡庄内町,廿六木
6,,9997731,,,,山形県,東田川郡庄内町,主殿新田
6,,9997734,,,,山形県,東田川郡庄内町,中野
6,,9997751,,,,山形県,東田川郡庄内町,西小野方
6,,9997768,,,,山形県,東田川郡庄内町,西野
6,,9997746,,,,山形県,東田川郡庄内町,西袋
6,,9997757,,,,山形県,東田川郡庄内町,払田
6,,9997706,,,,山形県,東田川郡庄内町,提興屋
6,,9997703,,,,山形県,東田川郡庄内町,平岡
6,,9997767,,,,山形県,東田川郡庄内町,深川
6,,9997736,,,,山形県,東田川郡庄内町,福島
6,,9997711,,,,山形県,東田川郡庄内町,福原
6,,9997726,,,,山形県,東田川郡庄内町,古関
6,,9997712,,,,山形県,東田川郡庄内町,堀野
6,,9997735,,,,山形県,東田川郡庄内町,前田野目
6,,9997705,,,,山形県,東田川郡庄内町,槇島
6,,9997715,,,,山形県,東田川郡庄内町,廻館
6,,9996602,,,,山形県,東田川郡庄内町,三ケ沢
6,,9997733,,,,山形県,東田川郡庄内町,南興屋
6,,9997727,,,,山形県,東田川郡庄内町,南野
6,,9997732,,,,山形県,東田川郡庄内町,南野新田
6,,9997764,,,,山形県,東田川郡庄内町,宮曽根
6,,9997756,,,,山形県,東田川郡庄内町,茗荷瀬
6,,9997744,,,,山形県,東田川郡庄内町,本小野方
6,,9997753,,,,山形県,東田川郡庄内町,吉岡
6,,9997749,,,,山形県,東田川郡庄内町,吉方
6,,9997723,,,,山形県,東田川郡庄内町,連枝
6,,9998300,,,,山形県,飽海郡遊佐町,以下に掲載がない場合
6,,9998436,,,,山形県,飽海郡遊佐町,岩川
6,,9998433,,,,山形県,飽海郡遊佐町,江地
6,,9998315,,,,山形県,飽海郡遊佐町,大蕨岡
6,,9998311,,,,山形県,飽海郡遊佐町,小原田
6,,9998312,,,,山形県,飽海郡遊佐町,鹿野沢
6,,9998314,,,,山形県,飽海郡遊佐町,上蕨岡
6,,9998522,,,,山形県,飽海郡遊佐町,北目
6,,9998317,,,,山形県,飽海郡遊佐町,小松
6,,9998435,,,,山形県,飽海郡遊佐町,庄泉
6,,9998304,,,,山形県,飽海郡遊佐町,白井新田
6,,9998431,,,,山形県,飽海郡遊佐町,菅里（十里塚）
6,,9998531,,,,山形県,飽海郡遊佐町,菅里（その他）
6,,9998313,,,,山形県,飽海郡遊佐町,杉沢
6,,9998525,,,,山形県,飽海郡遊佐町,直世
6,,9998523,,,,山形県,飽海郡遊佐町,当山
6,,9998524,,,,山形県,飽海郡遊佐町,富岡
6,,9998316,,,,山形県,飽海郡遊佐町,豊岡
6,,9998303,,,,山形県,飽海郡遊佐町,野沢
6,,9998438,,,,山形県,飽海郡遊佐町,比子
6,,9998521,,,,山形県,飽海郡遊佐町,吹浦
6,,9998437,,,,山形県,飽海郡遊佐町,藤崎
6,,9998434,,,,山形県,飽海郡遊佐町,増穂
6,,9998432,,,,山形県,飽海郡遊佐町,宮田
6,,9998301,,,,山形県,飽海郡遊佐町,遊佐
6,,9998302,,,,山形県,飽海郡遊佐町,吉出
