7,,9600000,,,,,s,ȉɌfڂȂꍇ
7,,9608113,,,,,s,
7,,9602156,,,,,s,r
7,,9602102,,,,,s,rk
7,,9608042,,,,,s,r
7,,9600201,,,,,s,э⒬
7,,9600261,,,,,s,э⒬
7,,9600221,,,,,s,э⒬
7,,9600231,,,,,s,э⒬
7,,9600271,,,,,s,э⒬Β
7,,9600211,,,,,s,э⒬
7,,9601301,,,,,s,і쒬
7,,9601303,,,,,s,і쒬
7,,9601304,,,,,s,і쒬v
7,,9601302,,,,,s,і쒬
7,,9608244,,,,,s,Γc
7,,9608253,,,,,s,
7,,9608117,,,,,s,]
7,,9608241,,,,,s,mO
7,,9608243,,,,,s,J
7,,9608101,,,,,s,㒬
7,,9608222,,,,,s,ڊ
7,,9600251,,,,,s,
7,,9608068,,,,,s,c
7,,9600811,,,,,s,g
7,,9608014,,,,,s,啽R
7,,9608041,,,,,s,咬
7,,9601101,,,,,s,X
7,,9608237,,,,,s,XiQ|Qj
7,,9608201,,,,,s,
7,,9608204,,,,,s,
7,,9608034,,,,,s,u
7,,9600114,,,,,s,
7,,9608142,,,,,s,q
7,,9608064,,,,,s,q
7,,9601104,,,,,s,c
7,,9608252,,,,,s,R
7,,9608012,,,,,s,R
7,,9608116,,,,,s,t
7,,9608021,,,,,s,
7,,9601248,,,,,s,J
7,,9600102,,,,,s,c
7,,9608217,,,,,s,rq
7,,9601107,,,,,s,㒹n
7,,9602155,,,,,s,㖼q
7,,9608076,,,,,s,쎛
7,,9608134,,,,,s,l
7,,9608026,,,,,s,
7,,9608131,,,,,s,kܘV
7,,9608251,,,,,s,k
7,,9608072,,,,,s,k
7,,9608221,,,,,s,k쌴
7,,9608226,,,,,s,kmO
7,,9608231,,,,,s,k
7,,9608102,,,,,s,k
7,,9600113,,,,,s,k
7,,9608017,,,,,s,ϒ
7,,9608016,,,,,s,ϒ˔
7,,9608015,,,,,s,ώR
7,,9608153,,,,,s,
7,,9608014,,,,,s,
7,,9608052,,,,,s,c
7,,9608218,,,,,s,͌
7,,9608121,,,,,s,R
7,,9608135,,,,,s,l
7,,9608025,,,,,s,R
7,,9608161,,,,,s,
7,,9608111,,,,,s,ܘV
7,,9602262,,,,,s,ݒ
7,,9608031,,,,,s,h
7,,9608242,,,,,s,o
7,,9602101,,,,,s,
7,,9608133,,,,,s,ؒ
7,,9602154,,,,,s,q
7,,9602251,,,,,s,{iؒʑj
7,,9602151,,,,,s,{ȋj
7,,9608057,,,,,s,ؖ
7,,9600241,,,,,s,J
7,,9608061,,,,,s,܌
7,,9602158,,,,,s,
7,,9608234,,,,,s,R
7,,9608124,,,,,s,R
7,,9608155,,,,,s,
7,,9608122,,,,,s,R
7,,9608215,,,,,s,rq
7,,9600115,,,,,s,э
7,,9601106,,,,,s,n
7,,9608075,,,,,s,쎛
7,,9602153,,,,,s,
7,,9608032,,,,,s,w꒬
7,,9608022,,,,,s,Vl
7,,9608036,,,,,s,V
7,,9608067,,,,,s,{쒬
7,,9608065,,,,,s,Ȓ
7,,9600252,,,,,s,
7,,9608062,,,,,s,
7,,9600101,,,,,s,㒬
7,,9608051,,,,,s,]c
7,,9608151,,,,,s,
7,,9608023,,,,,s,喾_
7,,9608235,,,,,s,ꌳ
7,,9608156,,,,,s,c
7,,9601321,,,,,s,qR
7,,9608232,,,,,s,
7,,9608225,,,,,s,ڃm
7,,9608224,,,,,s,ڃmO
7,,9608227,,,,,s,c
7,,9608211,,,,,s,
7,,9608105,,,,,s,Ԓ
7,,9602152,,,,,s,yD
7,,9602157,,,,,s,y
7,,9608001,,,,,s,V_
7,,9608024,,,,,s,a
7,,9608213,,,,,s,
7,,9608125,,,,,s,X
7,,9608123,,,,,s,E
7,,9608152,,,,,s,J
7,,9608104,,,,,s,Lc
7,,9608216,,,,,s,rq
7,,9608043,,,,,s,
7,,9601102,,,,,s,i
7,,9601108,,,,,s,
7,,9608143,,,,,s,
7,,9608013,,,,,s,약
7,,9608166,,,,,s,mc
7,,9608074,,,,,s,
7,,9608233,,,,,s,L
7,,9608055,,,,,s,c
7,,9608112,,,,,s,ԉ
7,,9608107,,,,,s,lc
7,,9608033,,,,,s,
7,,9601247,,,,,s,u
7,,9608071,,,,,s,
7,,9608132,,,,,s,l
7,,9601103,,,,,s,
7,,9608154,,,,,s,q
7,,9602263,,,,,s,q
7,,9608103,,,,,s,M꒬
7,,9608214,,,,,s,Ð
7,,9608163,,,,,s,ؓc
7,,9608157,,,,,s,H
7,,9608137,,,,,s,x͒
7,,9602261,,,,,s,
7,,9601241,,,,,s,쒬
7,,9601245,,,,,s,쒬
7,,9601246,,,,,s,쒬
7,,9601232,,,,,s,쒬
7,,9601244,,,,,s,쒬֒J
7,,9601231,,,,,s,쒬
7,,9601242,,,,,s,쒬
7,,9601243,,,,,s,쒬
7,,9608018,,,,,s,ؒ
7,,9608114,,,,,s,Q
7,,9608228,,,,,s,R
7,,9600111,,,,,s,ێq
7,,9608053,,,,,s,O͓쒬
7,,9608054,,,,,s,O͖k
7,,9608212,,,,,s,O
7,,9608254,,,,,s,
7,,9608073,,,,,s,쒆
7,,9608162,,,,,s,쒬
7,,9600112,,,,,s,
7,,9608011,,,,,s,{
7,,9600116,,,,,s,{
7,,9608106,,,,,s,{
7,,9608203,,,,,s,{i쉺j
7,,9600103,,,,,s,{ȋj
7,,9608035,,,,,s,{
7,,9608003,,,,,s,X
7,,9608002,,,,,s,X
7,,9608164,,,,,s,ؓc
7,,9608223,,,,,s,q
7,,9608056,,,,,s,c
7,,9608136,,,,,s,
7,,9608066,,,,,s,
7,,9608063,,,,,s,
7,,9608236,,,,,s,R
7,,9608202,,,,,s,R
7,,9608115,,,,,s,R
7,,9601105,,,,,s,Rc
7,,9608165,,,,,s,gq
7,,9608044,,,,,s,
7,,9608141,,,,,s,n
7,,9650000,,,,,Îᏼs,ȉɌfڂȂꍇ
7,,9650031,,,,,Îᏼs,
7,,9650032,,,,,Îᏼs,
7,,9650012,,,,,Îᏼs,
7,,9650007,,,,,Îᏼs,ѐ
7,,9650055,,,,,Îᏼs,Γ
7,,9650002,,,,,Îᏼs,ꖥx
7,,9650005,,,,,Îᏼs,ꖥT
7,,9650006,,,,,Îᏼs,ꖥ߉
7,,9650001,,,,,Îᏼs,ꖥ
7,,9650004,,,,,Îᏼs,ꖥp
7,,9650003,,,,,Îᏼs,ꖥ
7,,9650059,,,,,Îᏼs,C^[
7,,9650034,,,,,Îᏼs,㒬
7,,9650041,,,,,Îᏼs,wO
7,,9650873,,,,,Îᏼs,ǎ蒬
7,,9650025,,,,,Îᏼs,
7,,9650014,,,,,Îᏼs,
7,,9695147,,,,,Îᏼs,˒q
7,,9695111,,,,,Îᏼs,˒Α
7,,9695133,,,,,Îᏼs,˒
7,,9695141,,,,,Îᏼs,˒J[
7,,9695142,,,,,Îᏼs,˒J≺
7,,9695144,,,,,Îᏼs,˒J
7,,9695143,,,,,Îᏼs,˒J
7,,9695145,,,,,Îᏼs,˒J
7,,9695146,,,,,Îᏼs,˒Jm
7,,9695114,,,,,Îᏼs,˒J
7,,9695132,,,,,Îᏼs,˒㏬
7,,9695123,,,,,Îᏼs,˒O哤c
7,,9695122,,,,,Îᏼs,˒O
7,,9695122,,,,,Îᏼs,˒O񍁉
7,,9695123,,,,,Îᏼs,˒O
7,,9695121,,,,,Îᏼs,˒O쌴
7,,9695112,,,,,Îᏼs,˒J
7,,9695131,,,,,Îᏼs,˒
7,,9695113,,,,,Îᏼs,˒{
7,,9650042,,,,,Îᏼs,咬
7,,9650851,,,,,Îᏼs,
7,,9650831,,,,,Îᏼs,\
7,,9650802,,,,,Îᏼs,kV
7,,9650056,,,,,Îᏼs,쒬
7,,9693461,,,,,Îᏼs,͓R
7,,9693411,,,,,Îᏼs,͓c
7,,9693401,,,,,Îᏼs,͓c
7,,9693462,,,,,Îᏼs,͓c
7,,9693421,,,,,Îᏼs,͓F쓰
7,,9693463,,,,,Îᏼs,͓q
7,,9693464,,,,,Îᏼs,͓Hƒcn
7,,9693422,,,,,Îᏼs,͓L
7,,9693481,,,,,Îᏼs,͓SR
7,,9693482,,,,,Îᏼs,͓J
7,,9693451,,,,,Îᏼs,͓c
7,,9693431,,,,,Îᏼs,͓
7,,9693471,,,,,Îᏼs,͓Lc
7,,9693402,,,,,Îᏼs,͓
7,,9693441,,,,,Îᏼs,͓썂
7,,9693412,,,,,Îᏼs,͓c
7,,9650865,,,,,Îᏼs,쌴
7,,9696002,,,,,Îᏼs,kÒVc
7,,9650113,,,,,Îᏼs,kÒǓc
7,,9650118,,,,,Îᏼs,kÒΌ
7,,9650107,,,,,Îᏼs,kÒa
7,,9650116,,,,,Îᏼs,kÒoK
7,,9650136,,,,,Îᏼs,kÒa
7,,9696008,,,,,Îᏼs,kÒ哇
7,,9696182,,,,,Îᏼs,kÒ
7,,9696012,,,,,Îᏼs,kÒ
7,,9650121,,,,,Îᏼs,kÒI
7,,9696183,,,,,Îᏼs,kÒĒ
7,,9696007,,,,,Îᏼs,kÒk
7,,9696189,,,,,Îᏼs,kÒ
7,,9650126,,,,,Îᏼs,kÒ
7,,9696184,,,,,Îᏼs,kÒO{
7,,9650111,,,,,Îᏼs,kÒr
7,,9696013,,,,,Îᏼs,kÒ
7,,9696185,,,,,Îᏼs,kÒĒ
7,,9650128,,,,,Îᏼs,kÒ\
7,,9696006,,,,,Îᏼs,kÒV݉
7,,9650115,,,,,Îᏼs,kÒ
7,,9650117,,,,,Îᏼs,kÒcR
7,,9650135,,,,,Îᏼs,kÒx
7,,9696001,,,,,Îᏼs,kÒV
7,,9650131,,,,,Îᏼs,kÒr
7,,9650110,,,,,Îᏼs,kÒ
7,,9696003,,,,,Îᏼs,kÒ
7,,9696011,,,,,Îᏼs,kÒ
7,,9650112,,,,,Îᏼs,kÒR
7,,9650134,,,,,Îᏼs,kÒ
7,,9696188,,,,,Îᏼs,kÒ
7,,9650133,,,,,Îᏼs,kÒ
7,,9696004,,,,,Îᏼs,kÒÖ
7,,9696186,,,,,Îᏼs,kÒÊ
7,,9650132,,,,,Îᏼs,kÒق̐X
7,,9650129,,,,,Îᏼs,kÒ{c
7,,9696005,,,,,Îᏼs,kÒ
7,,9650101,,,,,Îᏼs,kÒ^{
7,,9696015,,,,,Îᏼs,kÒG̗
7,,9650114,,,,,Îᏼs,kÒ{m
7,,9650124,,,,,Îᏼs,kÒ{
7,,9650127,,,,,Îᏼs,kÒ{ܐVc
7,,9696180,,,,,Îᏼs,kÒ
7,,9650824,,,,,Îᏼs,k
7,,9650015,,,,,Îᏼs,k
7,,9650033,,,,,Îᏼs,sm
7,,9650812,,,,,Îᏼs,cR
7,,9650823,,,,,Îᏼs,O
7,,9650082,,,,,Îᏼs,_w|ؒh
7,,9650068,,,,,Îᏼs,_w
7,,9650083,,,,,Îᏼs,_w_w
7,,9650062,,,,,Îᏼs,_wkl
7,,9650064,,,,,Îᏼs,_w
7,,9650067,,,,,Îᏼs,_w_w
7,,9650061,,,,,Îᏼs,_wv
7,,9650063,,,,,Îᏼs,_w
7,,9650087,,,,,Îᏼs,_wVc
7,,9650069,,,,,Îᏼs,_wV
7,,9650065,,,,,Îᏼs,_wl
7,,9650081,,,,,Îᏼs,_w
7,,9650085,,,,,Îᏼs,_w@
7,,9650080,,,,,Îᏼs,_w{
7,,9650089,,,,,Îᏼs,_w
7,,9650084,,,,,Îᏼs,_w_w
7,,9650086,,,,,Îᏼs,_w{
7,,9650859,,,,,Îᏼs,_w
7,,9650858,,,,,Îᏼs,_wl
7,,9650066,,,,,Îᏼs,_w
7,,9650073,,,,,Îᏼs,쒬
7,,9650077,,,,,Îᏼs,쒬㍂
7,,9650071,,,,,Îᏼs,쒬ؗ
7,,9650079,,,,,Îᏼs,쒬E
7,,9650076,,,,,Îᏼs,쒬
7,,9650075,,,,,Îᏼs,쒬Oc
7,,9650072,,,,,Îᏼs,쒬{ؗ
7,,9650074,,,,,Îᏼs,쒬
7,,9650078,,,,,Îᏼs,쒬
7,,9650023,,,,,Îᏼs,\{
7,,9650853,,,,,Îᏼs,ޖؒ
7,,9650871,,,,,Îᏼs,h
7,,9650854,,,,,Îᏼs,
7,,9650047,,,,,Îᏼs,܌
7,,9650864,,,,,Îᏼs,鐼
7,,9650807,,,,,Îᏼs,铌
7,,9650809,,,,,Îᏼs,쒬
7,,9650043,,,,,Îᏼs,k
7,,9650038,,,,,Îᏼs,a
7,,9650803,,,,,Îᏼs,O
7,,9650866,,,,,Îᏼs,V
7,,9650855,,,,,Îᏼs,Zg
7,,9650817,,,,,Îᏼs,Β
7,,9650060,,,,,Îᏼs,vHƒcn
7,,9650806,,,,,Îᏼs,
7,,9650022,,,,,Îᏼs,
7,,9650835,,,,,Îᏼs,ٔn
7,,9650836,,,,,Îᏼs,٘e
7,,9650037,,,,,Îᏼs,
7,,9650847,,,,,Îᏼs,Δnْ
7,,9650013,,,,,Îᏼs,璬
7,,9650011,,,,,Îᏼs,߉꒬
7,,9650832,,,,,Îᏼs,V_
7,,9650805,,,,,Îᏼs,VJ
7,,9650016,,,,,Îᏼs,
7,,9650878,,,,,Îᏼs,
7,,9650044,,,,,Îᏼs,
7,,9650837,,,,,Îᏼs,ђ
7,,9650877,,,,,Îᏼs,h
7,,9650045,,,,,Îᏼs,
7,,9650830,,,,,Îᏼs,Nv
7,,9650861,,,,,Îᏼs,V
7,,9650048,,,,,Îᏼs,{
7,,9650027,,,,,Îᏼs,Ԕ
7,,9650804,,,,,Îᏼs,ԏt
7,,9650822,,,,,Îᏼs,ԌPu
7,,9650036,,,,,Îᏼs,n{
7,,9650035,,,,,Îᏼs,n꒬
7,,9650872,,,,,Îᏼs,h
7,,9650818,,,,,Îᏼs,
7,,9650839,,,,,Îᏼs,Nv
7,,9650813,,,,,Îᏼs,RΎR
7,,9650815,,,,,Îᏼs,R
7,,9650814,,,,,Îᏼs,R{
7,,9650008,,,,,Îᏼs,O
7,,9650024,,,,,Îᏼs,Ւ
7,,9650852,,,,,Îᏼs,g
7,,9650838,,,,,Îᏼs,Ð쒬
7,,9650026,,,,,Îᏼs,
7,,9650862,,,,,Îᏼs,{
7,,9650856,,,,,Îᏼs,
7,,9650054,,,,,Îᏼs,kΓ
7,,9650053,,,,,Îᏼs,krvc
7,,9650058,,,,,Îᏼs,k
7,,9650088,,,,,Îᏼs,k
7,,9650052,,,,,Îᏼs,kn
7,,9650057,,,,,Îᏼs,k
7,,9650051,,,,,Îᏼs,kJn
7,,9650102,,,,,Îᏼs,^{Vk
7,,9650103,,,,,Îᏼs,^{V
7,,9650867,,,,,Îᏼs,Β
7,,9650201,,,,,Îᏼs,Ԉ
7,,9650202,,,,,Îᏼs,a
7,,9650203,,,,,Îᏼs,Ê
7,,9650204,,,,,Îᏼs,
7,,9650205,,,,,Îᏼs,
7,,9650816,,,,,Îᏼs,Β
7,,9650874,,,,,Îᏼs,Ԕ
7,,9650808,,,,,Îᏼs,쒬
7,,9650801,,,,,Îᏼs,{
7,,9650833,,,,,Îᏼs,a
7,,9650844,,,,,Îᏼs,cm
7,,9650828,,,,,Îᏼs,cʐ
7,,9650826,,,,,Îᏼs,cR
7,,9650825,,,,,Îᏼs,c
7,,9650827,,,,,Îᏼs,c
7,,9650843,,,,,Îᏼs,cv
7,,9650842,,,,,Îᏼs,c
7,,9650846,,,,,Îᏼs,cю
7,,9650834,,,,,Îᏼs,cNv
7,,9650841,,,,,Îᏼs,cg
7,,9650845,,,,,Îᏼs,cHƒcn
7,,9650009,,,,,Îᏼs,p
7,,9650857,,,,,Îᏼs,
7,,9650876,,,,,Îᏼs,R
7,,9650021,,,,,Îᏼs,R
7,,9650863,,,,,Îᏼs,쒬
7,,9650821,,,,,Îᏼs,
7,,9650046,,,,,Îᏼs,
7,,9650875,,,,,Îᏼs,đ
7,,9650811,,,,,Îᏼs,ac
7,,9630000,,,,,SRs,ȉɌfڂȂꍇ
7,,9638006,,,,,SRs,Ԗؒ
7,,9630667,,,,,SRs,vÒ
7,,9630107,,,,,SRs,
7,,9630114,,,,,SRs,ϒiċ{j
7,,9630111,,,,,SRs,ϒr
7,,9630113,,,,,SRs,ϒ
7,,9630103,,,,,SRs,ϒX
7,,9630102,,,,,SRs,ϒ
7,,9630105,,,,,SRs,ϒv
7,,9630112,,,,,SRs,ϒc
7,,9630101,,,,,SRs,ϒoR
7,,9630104,,,,,SRs,ϒ쒷v
7,,9630109,,,,,SRs,ϒgc
7,,9638024,,,,,SRs,
7,,9638873,,,,,SRs,
7,,9631304,,,,,SRs,MCq
7,,9631309,,,,,SRs,MCMC
7,,9631301,,,,,SRs,MC
7,,9631306,,,,,SRs,MCɓ
7,,9631305,,,,,SRs,MCɓ
7,,9631302,,,,,SRs,MC
7,,9631303,,,,,SRs,MCʐ
7,,9631308,,,,,SRs,MCR
7,,9631307,,,,,SRs,MC
7,,9630664,,,,,SRs,Ԃܑ
7,,9630704,,,,,SRs,r䒬
7,,9638045,,,,,SRs,V~
7,,9638875,,,,,SRs,rm
7,,9638825,,,,,SRs,Β
7,,9638814,,,,,SRs,Ο
7,,9638036,,,,,SRs,˂ߒ
7,,9638002,,,,,SRs,wO
7,,9630212,,,,,SRs,͓
7,,9630213,,,,,SRs,c
7,,9630214,,,,,SRs,ďo
7,,9638828,,,,,SRs,͌
7,,9638817,,,,,SRs,啽
7,,9630201,,,,,SRs,Β
7,,9638001,,,,,SRs,咬
7,,9638851,,,,,SRs,J
7,,9638833,,,,,SRs,vr
7,,9638844,,,,,SRs,ꏯ
7,,9630202,,,,,SRs,R
7,,9630211,,,,,SRs,Е
7,,9630703,,,,,SRs,q
7,,9638031,,,,,SRs,Tc
7,,9638816,,,,,SRs,R
7,,9638033,,,,,SRs,Tc
7,,9630221,,,,,SRs,Tc
7,,9638829,,,,,SRs,Ђ̖
7,,9638843,,,,,SRs,
7,,9630551,,,,,SRs,vc
7,,9630545,,,,,SRs,vcԍ
7,,9630547,,,,,SRs,vc
7,,9630544,,,,,SRs,vcؑ
7,,9630542,,,,,SRs,vc
7,,9630541,,,,,SRs,vcxV
7,,9630543,,,,,SRs,vcOc
7,,9630546,,,,,SRs,vc
7,,9638804,,,,,SRs,k
7,,9638035,,,,,SRs,]Pu
7,,9638846,,,,,SRs,v
7,,9638025,,,,,SRs,K
7,,9638038,,,,,SRs,Kk
7,,9638866,,,,,SRs,K쐴
7,,9638039,,,,,SRs,֒Jn
7,,9630209,,,,,SRs,O
7,,9631631,,,,,SRs,Γ쒬Ԓ
7,,9631412,,,,,SRs,Γ쒬
7,,9631521,,,,,SRs,Γ쒬
7,,9631414,,,,,SRs,Γ쒬lH
7,,9631632,,,,,SRs,Γ쒬nVc
7,,9631633,,,,,SRs,Γ쒬
7,,9631411,,,,,SRs,Γ쒬M
7,,9631522,,,,,SRs,Γ쒬O
7,,9631413,,,,,SRs,Γ쒬
7,,9638835,,,,,SRs,c
7,,9638865,,,,,SRs,ܕS
7,,9638867,,,,,SRs,ܕSR
7,,9638862,,,,,SRs,؍
7,,9638863,,,,,SRs,؍~
7,,9638872,,,,,SRs,h
7,,9638012,,,,,SRs,c
7,,9638021,,,,,SRs,
7,,9630108,,,,,SRs,
7,,9638807,,,,,SRs,
7,,9630232,,,,,SRs,Ð
7,,9630203,,,,,SRs,Ò
7,,9638034,,,,,SRs,
7,,9638005,,,,,SRs,
7,,9638032,,,,,SRs,Tc
7,,9630663,,,,,SRs,⒬
7,,9638806,,,,,SRs,ږ
7,,9638818,,,,,SRs,\щ͌
7,,9638822,,,,,SRs,a
7,,9630662,,,,,SRs,⒬
7,,9638842,,,,,SRs,鐴
7,,9638013,,,,,SRs,_
7,,9638815,,,,,SRs,咬
7,,9638834,,,,,SRs,}i
7,,9638827,,,,,SRs,O͌
7,,9638852,,,,,SRs,V
7,,9638007,,,,,SRs,喼
7,,9638864,,,,,SRs,䓌
7,,9631153,,,,,SRs,c募
7,,9631151,,,,,SRs,c
7,,9630725,,,,,SRs,c
7,,9631248,,,,,SRs,c㓹n
7,,9630724,,,,,SRs,cs
7,,9631241,,,,,SRs,c
7,,9631154,,,,,SRs,c
7,,9630722,,,,,SRs,c
7,,9630723,,,,,SRs,cPu
7,,9631162,,,,,SRs,cR
7,,9631247,,,,,SRs,cn
7,,9630726,,,,,SRs,cs
7,,9631163,,,,,SRs,c
7,,9631243,,,,,SRs,cc_
7,,9631161,,,,,SRs,cP
7,,9630721,,,,,SRs,c
7,,9631165,,,,,SRs,c
7,,9631244,,,,,SRs,cȖ{
7,,9631245,,,,,SRs,cȎR_
7,,9631242,,,,,SRs,cf
7,,9631156,,,,,SRs,cR
7,,9631152,,,,,SRs,cדc
7,,9631164,,,,,SRs,cc
7,,9631155,,,,,SRs,cR
7,,9631246,,,,,SRs,cJc
7,,9638017,,,,,SRs,
7,,9630204,,,,,SRs,yZ
7,,9630205,,,,,SRs,
7,,9638878,,,,,SRs,牺
7,,9638861,,,,,SRs,ߌR
7,,9638008,,,,,SRs,h
7,,9638824,,,,,SRs,
7,,9638877,,,,,SRs,O
7,,9638041,,,,,SRs,xc
7,,9638016,,,,,SRs,Lc
7,,9638014,,,,,SRs,Պے
7,,9630714,,,,,SRs,cԏ
7,,9630711,,,,,SRs,c
7,,9630834,,,,,SRs,co{
7,,9630712,,,,,SRs,cCV
7,,9630835,,,,,SRs,c
7,,9630836,,,,,SRs,cؖڑ
7,,9630837,,,,,SRs,c
7,,9630833,,,,,SRs,c}
7,,9630713,,,,,SRs,cq
7,,9630832,,,,,SRs,cÐ
7,,9630831,,,,,SRs,c
7,,9630206,,,,,SRs,
7,,9630216,,,,,SRs,m
7,,9638004,,,,,SRs,
7,,9638845,,,,,SRs,q
7,,9638043,,,,,SRs,c
7,,9638831,,,,,SRs,cr
7,,9638026,,,,,SRs,
7,,9630106,,,,,SRs,R
7,,9630207,,,,,SRs,_
7,,9630925,,,,,SRs,cL
7,,9630903,,,,,SRs,c
7,,9630924,,,,,SRs,c
7,,9630911,,,,,SRs,cc
7,,9630921,,,,,SRs,cSc
7,,9630914,,,,,SRs,cؑ
7,,9630923,,,,,SRs,cc
7,,9630922,,,,,SRs,cO
7,,9630913,,,,,SRs,cڑ
7,,9630902,,,,,SRs,c
7,,9630904,,,,,SRs,cyI
7,,9630901,,,,,SRs,cOɓc
7,,9630912,,,,,SRs,c؉
7,,9638022,,,,,SRs,m
7,,9638813,,,,,SRs,F
7,,9638836,,,,,SRs,
7,,9638876,,,,,SRs,[R
7,,9638037,,,,,SRs,
7,,9638871,,,,,SRs,c
7,,9638003,,,,,SRs,c
7,,9638821,,,,,SRs,Hc
7,,9638044,,,,,SRs,O
7,,9630534,,,,,SRs,ac
7,,9630532,,,,,SRs,ac~
7,,9630531,,,,,SRs,acq
7,,9630533,,,,,SRs,ac
7,,9638874,,,,,SRs,[
7,,9638838,,,,,SRs,[c
7,,9638071,,,,,SRs,xvRvۓc
7,,9630673,,,,,SRs,xvR
7,,9638061,,,,,SRs,xvR
7,,9630671,,,,,SRs,xvR쏬
7,,9630672,,,,,SRs,xvRk
7,,9638051,,,,,SRs,xvRRc
7,,9638042,,,,,SRs,sO
7,,9638826,,,,,SRs,D
7,,9638823,,,,,SRs,Ð
7,,9638805,,,,,SRs,É~
7,,9638811,,,,,SRs,
7,,9638015,,,,,SRs,׏
7,,9630215,,,,,SRs,Ғr
7,,9638046,,,,,SRs,
7,,9638812,,,,,SRs,ؒ
7,,9630702,,,,,SRs,΃Pu
7,,9630701,,,,,SRs,΃Pu
7,,9638023,,,,,SRs,Β
7,,9630115,,,,,SRs,
7,,9630127,,,,,SRs,OcJ
7,,9630121,,,,,SRs,Occ
7,,9630128,,,,,SRs,Oc
7,,9630124,,,,,SRs,Oc牮
7,,9630125,,,,,SRs,Ocx
7,,9630123,,,,,SRs,OcR
7,,9630122,,,,,SRs,Occ
7,,9630129,,,,,SRs,Oc
7,,9630126,,,,,SRs,OcR
7,,9638801,,,,,SRs,͌
7,,9630661,,,,,SRs,ؒ
7,,9638871,,,,,SRs,{
7,,9638018,,,,,SRs,
7,,9638837,,,,,SRs,؋
7,,9638802,,,,,SRs,J
7,,9630208,,,,,SRs,Jn
7,,9630231,,,,,SRs,Jn{
7,,9630666,,,,,SRs,
7,,9638052,,,,,SRs,Rc
7,,9638841,,,,,SRs,R
7,,9638832,,,,,SRs,R
7,,9630665,,,,,SRs,쒬
7,,9638803,,,,,SRs,
7,,9638011,,,,,SRs,t
7,,9700000,,,,,킫s,ȉɌfڂȂꍇ
7,,9748212,,,,,킫s,c
7,,9748213,,,,,킫s,Β˒
7,,9708017,,,,,킫s,ΐX
7,,9718172,,,,,킫s,ʘI
7,,9718188,,,,,킫s,
7,,9718171,,,,,킫s,Pu
7,,9718185,,,,,킫s,
7,,9718184,,,,,킫s,򒬍{
7,,9718183,,,,,킫s,򒬉
7,,9718182,,,,,킫s,򒬑K
7,,9718186,,,,,킫s,򒬋ʘI
7,,9718181,,,,,킫s,򒬖{J
7,,9748222,,,,,킫s,Ԓ
7,,9748261,,,,,킫s,Ac
7,,9748203,,,,,킫s,c
7,,9738404,,,,,킫s,
7,,9738401,,,,,킫s,
7,,9738406,,,,,킫s,쒬
7,,9738405,,,,,킫s,
7,,9738408,,,,,킫s,⒬
7,,9738403,,,,,킫s,Ԓ
7,,9738409,,,,,킫s,䋫
7,,9738402,,,,,킫s,X
7,,9738407,,,,,킫s,{
7,,9700311,,,,,킫s,]
7,,9748201,,,,,킫s,]
7,,9790338,,,,,킫s,vv
7,,9790336,,,,,킫s,vRc
7,,9790337,,,,,킫s,vv
7,,9793112,,,,,킫s,쒬㕽
7,,9793124,,,,,킫s,쒬㏬
7,,9793115,,,,,킫s,쒬
7,,9793123,,,,,킫s,쒬c
7,,9793111,,,,,킫s,쒬Č
7,,9793114,,,,,킫s,쒬֏
7,,9793122,,,,,킫s,쒬
7,,9793121,,,,,킫s,쒬
7,,9793125,,,,,킫s,쒬
7,,9793113,,,,,킫s,쒬O
7,,9738411,,,,,킫s,
7,,9718101,,,,,킫s,l
7,,9718123,,,,,킫s,lq
7,,9718166,,,,,킫s,l
7,,9718165,,,,,킫s,l
7,,9718121,,,,,킫s,lo
7,,9718111,,,,,킫s,l匴
7,,9718151,,,,,킫s,l
7,,9718135,,,,,킫s,l
7,,9700317,,,,,킫s,l_
7,,9718168,,,,,킫s,lNP˒
7,,9718125,,,,,킫s,l
7,,9700316,,,,,킫s,l_
7,,9718124,,,,,킫s,lZg
7,,9718161,,,,,킫s,lzK
7,,9718127,,,,,킫s,lʐ쒬
7,,9718164,,,,,킫s,l
7,,9718163,,,,,킫s,l
7,,9718167,,,,,킫s,lNP˒
7,,9718164,,,,,킫s,l
7,,9718126,,,,,킫s,lc
7,,9718162,,,,,킫s,lԔ
7,,9718102,,,,,킫s,l`Pu
7,,9718169,,,,,킫s,lNP˒
7,,9718112,,,,,킫s,lx
7,,9718122,,,,,킫s,lя
7,,9748221,,,,,킫s,l
7,,9700312,,,,,킫s,܌
7,,9718134,,,,,킫s,ѓc
7,,9718139,,,,,킫s,
7,,9718142,,,,,킫s,㑠
7,,9718143,,,,,킫s,
7,,9718144,,,,,킫s,v
7,,9718133,,,,,킫s,ēc
7,,9718132,,,,,킫s,c
7,,9718141,,,,,킫s,F
7,,9718145,,,,,킫s,D
7,,9718146,,,,,킫s,
7,,9748211,,,,,킫s,R
7,,9790153,,,,,킫s,암
7,,9793204,,,,,킫s,O
7,,9793203,,,,,킫s,O㉱
7,,9793202,,,,,킫s,O
7,,9793201,,,,,킫s,OO
7,,9728301,,,,,킫s,ؑ
7,,9728324,,,,,킫s,Pu
7,,9708045,,,,,킫s,Pu
7,,9748223,,,,,킫s,f
7,,9708033,,,,,킫s,RPu
7,,9718152,,,,,킫s,Ó
7,,9728313,,,,,킫s,֊P
7,,9728315,,,,,킫s,֒
7,,9718131,,,,,킫s,֏c
7,,9728322,,,,,킫s,֏㓒J
7,,9728317,,,,,킫s,։J
7,,9728312,,,,,킫s,։D
7,,9728325,,,,,킫s,֔
7,,9728318,,,,,킫s,֊֑D
7,,9728316,,,,,킫s,֐
7,,9728326,,,,,킫s,֓
7,,9728314,,,,,킫s,֔nʒ
7,,9728323,,,,,킫s,֏
7,,9718137,,,,,킫s,֏v{
7,,9718136,,,,,킫s,֎O
7,,9728311,,,,,킫s,֐J
7,,9728321,,,,,킫s,֓{
7,,9790151,,,,,킫s,˒
7,,9748202,,,,,킫s,Y쒬
7,,9708026,,,,,킫s,
7,,9793131,,,,,킫s,Ԉ
7,,9793132,,,,,킫s,Ԉ
7,,9700107,,,,,킫s,rc
7,,9700112,,,,,킫s,
7,,9700223,,,,,킫s,
7,,9708013,,,,,킫s,厺
7,,9708023,,,,,킫s,c
7,,9708054,,,,,킫s,c
7,,9708034,,,,,킫s,r
7,,9708032,,,,,킫s,r
7,,9700104,,,,,킫s,z
7,,9700102,,,,,킫s,z
7,,9708011,,,,,킫s,Њ
7,,9708012,,,,,킫s,Њ
7,,9708028,,,,,킫s,_J
7,,9700101,,,,,킫s,_J
7,,9708042,,,,,킫s,㍂v
7,,9700221,,,,,킫s,v
7,,9708001,,,,,킫s,㕽E
7,,9708003,,,,,킫s,E
7,,9700228,,,,,킫s,_J
7,,9700225,,,,,킫s,R
7,,9700115,,,,,킫s,k_J
7,,9708024,,,,,킫s,ky
7,,9700113,,,,,킫s,J
7,,9708027,,,,,킫s,~
7,,9708041,,,,,킫s,
7,,9708022,,,,,킫s,
7,,9708004,,,,,킫s,E
7,,9708005,,,,,킫s,EÐ쒬
7,,9708006,,,,,킫s,ERy
7,,9700226,,,,,킫s,R
7,,9708053,,,,,킫s,
7,,9700105,,,,,킫s,g
7,,9700227,,,,,킫s,߃P
7,,9700224,,,,,킫s,L
7,,9708021,,,,,킫s,_J
7,,9708016,,,,,킫s,
7,,9708002,,,,,킫s,E
7,,9708007,,,,,킫s,EV
7,,9708008,,,,,킫s,Eדc
7,,9708031,,,,,킫s,R
7,,9700222,,,,,킫s,m
7,,9700222,,,,,킫s,mzK
7,,9708052,,,,,킫s,IX
7,,9700111,,,,,킫s,
7,,9700103,,,,,킫s,
7,,9708014,,,,,킫s,m
7,,9700116,,,,,킫s,n
7,,9700114,,,,,킫s,i
7,,9708025,,,,,킫s,씒y
7,,9708036,,,,,킫s,J쐣
7,,9700106,,,,,킫s,R
7,,9708046,,,,,킫s,gJ
7,,9708018,,,,,킫s,lcg
7,,9708051,,,,,킫s,Z
7,,9748204,,,,,킫s,q
7,,9740243,,,,,킫s,clΏZ
7,,9740242,,,,,킫s,clL
7,,9740151,,,,,킫s,clc
7,,9740241,,,,,킫s,clטHv
7,,9740153,,,,,킫s,cl啽
7,,9740252,,,,,킫s,clliۏj
7,,9740152,,,,,킫s,cllȋj
7,,9708044,,,,,킫s,і
7,,9708043,,,,,킫s,䎭
7,,9708047,,,,,킫s,䍂v
7,,9728338,,,,,킫s,Hƒcn
7,,9720251,,,,,킫s,쒬
7,,9720253,,,,,킫s,쒬啽
7,,9720161,,,,,킫s,쒬㉓
7,,9720252,,,,,킫s,쒬㍪{
7,,9720162,,,,,킫s,쒬
7,,9720163,,,,,킫s,쒬
7,,9720164,,,,,킫s,쒬[Rc
7,,9748231,,,,,킫s,xÒ
7,,9748251,,,,,킫s,
7,,9700313,,,,,킫s,V
7,,9700315,,,,,킫s,i
7,,9790144,,,,,킫s,ܗi卂j
7,,9790141,,,,,킫s,ܗiEcj
7,,9790147,,,,,킫s,ܗiʁj
7,,9790142,,,,,킫s,ܗij
7,,9790145,,,,,킫s,ܗilj
7,,9790143,,,,,킫s,ܗiāj
7,,9790146,,,,,킫s,ܗi֓cj
7,,9748252,,,,,킫s,mc
7,,9748232,,,,,킫s,ђ
7,,9748233,,,,,킫s,ђ
7,,9790154,,,,,킫s,
7,,9718187,,,,,킫s,tR
7,,9790332,,,,,킫s,vVlP
7,,9790331,,,,,킫s,vVl
7,,9790335,,,,,킫s,vVlcV
7,,9790333,,,,,킫s,vVlvVl
7,,9790334,,,,,킫s,vVl
7,,9738412,,,,,킫s,
7,,9790155,,,,,킫s,O
7,,9748242,,,,,킫s,
7,,9701373,,,,,킫s,Oas
7,,9701372,,,,,킫s,Oas
7,,9701262,,,,,킫s,Oai
7,,9701263,,,,,킫s,Oai
7,,9701374,,,,,킫s,OaO
7,,9701375,,,,,킫s,OaO
7,,9701376,,,,,킫s,OaO
7,,9701264,,,,,킫s,Oa
7,,9701377,,,,,킫s,Oa
7,,9701371,,,,,킫s,Oa
7,,9701361,,,,,킫s,OanˁiOj
7,,9701261,,,,,킫s,Oanˁȋj
7,,9708035,,,,,킫s,cn
7,,9748241,,,,,킫s,Rc
7,,9790152,,,,,킫s,Rʒ
7,,9700314,,,,,킫s,m
7,,9701144,,,,,킫s,DԍHƒcn
7,,9701141,,,,,킫s,DԒJ
7,,9701142,,,,,킫s,DԒVc
7,,9701147,,,,,킫s,DԒ嗘
7,,9701143,,,,,킫s,DԒJ
7,,9701153,,,,,킫s,DԒD
7,,9701152,,,,,킫s,DԒD
7,,9701151,,,,,킫s,DԒD
7,,9708015,,,,,킫s,DԒ쒆q
7,,9701145,,,,,킫s,DԒkD
7,,9701146,,,,,킫s,DԒ召
7,,9790201,,,,,킫s,lq
7,,9790205,,,,,킫s,lqX
7,,9790221,,,,,킫s,lq㉪
7,,9790202,,,,,킫s,lqmc
7,,9790203,,,,,킫s,lqmc
7,,9790226,,,,,킫s,lq
7,,9790225,,,,,킫s,lq
7,,9790206,,,,,킫s,lqϒ
7,,9790227,,,,,킫s,lq
7,,9790207,,,,,킫s,lq
7,,9790211,,,,,킫s,lq
7,,9790216,,,,,킫s,lqʎR
7,,9790212,,,,,킫s,lq˓c
7,,9790215,,,,,킫s,lq
7,,9790214,,,,,킫s,lqF
7,,9790213,,,,,킫s,lq
7,,9790204,,,,,킫s,lqגJ
7,,9790224,,,,,킫s,lq򉤎
7,,9790222,,,,,킫s,lqs
7,,9790223,,,,,킫s,lqRc
7,,9718138,,,,,킫s,t
7,,9728331,,,,,킫s,nӒc
7,,9728336,,,,,킫s,nӒ㊘
7,,9728334,,,,,킫s,nӒc
7,,9728337,,,,,킫s,nӒ
7,,9728332,,,,,킫s,nӒ
7,,9728333,,,,,킫s,nӒ
7,,9728335,,,,,킫s,nӒ
7,,9610000,,,,,͎s,ȉɌfڂȂꍇ
7,,9610075,,,,,͎s,Ò
7,,9610901,,,,,͎s,
7,,9610912,,,,,͎s,
7,,9610942,,,,,͎s,
7,,9610082,,,,,͎s,ё
7,,9610081,,,,,͎s,ёR
7,,9610032,,,,,͎s,ƃmO
7,,9610827,,,,,͎s,r
7,,9610826,,,,,͎s,r
7,,9610825,,,,,͎s,rR
7,,9610867,,,,,͎s,ΐ؏
7,,9610003,,,,,͎s,c
7,,9610016,,,,,͎s,
7,,9610947,,,,,͎s,Ԓ
7,,9610937,,,,,͎s,m
7,,9610026,,,,,͎s,m
7,,9610039,,,,,͎s,쌴
7,,9610063,,,,,͎s,t
7,,9610931,,,,,͎s,n
7,,9610904,,,,,͎s,n
7,,9610915,,,,,͎s,n
7,,9610036,,,,,͎s,R
7,,9610921,,,,,͎s,~
7,,9610831,,,,,͎s,Vv
7,,9610838,,,,,͎s,VvێR
7,,9610094,,,,,͎s,ǉ
7,,9610846,,,,,͎s,R
7,,9610845,,,,,͎s,R
7,,9610908,,,,,͎s,蒬
7,,9610002,,,,,͎s,ac
7,,9610985,,,,,͎s,ad
7,,9610984,,,,,͎s,adR
7,,9610885,,,,,͎s,Sz
7,,9610884,,,,,͎s,Sz
7,,9610887,,,,,͎s,SzR
7,,9610409,,,,,͎s,\͓c
7,,9610416,,,,,͎s,\R
7,,9610405,,,,,͎s,\
7,,9610412,,,,,͎s,\H
7,,9610414,,,,,͎s,\
7,,9610402,,,,,͎s,\
7,,9610407,,,,,͎s,\
7,,9610401,,,,,͎s,\
7,,9610403,,,,,͎s,\ԑ
7,,9610411,,,,,͎s,\[n
7,,9610408,,,,,͎s,\xV
7,,9610413,,,,,͎s,\OX
7,,9610404,,,,,͎s,\Гc
7,,9610415,,,,,͎s,\X
7,,9610406,,,,,͎s,\
7,,9610064,,,,,͎s,
7,,9610074,,,,,͎s,s
7,,9610886,,,,,͎s,eSz
7,,9610913,,,,,͎s,b蒬
7,,9610943,,,,,͎s,
7,,9610023,,,,,͎s,T
7,,9610004,,,,,͎s,
7,,9610014,,,,,͎s,؏h
7,,9610956,,,,,͎s,蒬
7,,9610802,,,,,͎s,֐E
7,,9610821,,,,,͎s,k
7,,9610054,,,,,͎s,k쌴
7,,9610973,,,,,͎s,ko
7,,9610996,,,,,͎s,kx[
7,,9610974,,,,,͎s,kx
7,,9610981,,,,,͎s,k^M
7,,9610083,,,,,͎s,
7,,9610084,,,,,͎s,
7,,9610042,,,,,͎s,
7,,9610011,,,,,͎s,vc
7,,9610875,,,,,͎s,Ԓ
7,,9610874,,,,,͎s,Ԓ
7,,9610017,,,,,͎s,o
7,,9610045,,,,,͎s,
7,,9610001,,,,,͎s,c
7,,9610852,,,,,͎s,]
7,,9610076,,,,,͎s,ܔԒ쌴
7,,9610815,,,,,͎s,ܘYE
7,,9610965,,,,,͎s,׍H
7,,9610944,,,,,͎s,ɗ̒
7,,9610803,,,,,͎s,h
7,,9610911,,,,,͎s,
7,,9610862,,,,,͎s,OԒ
7,,9610872,,,,,͎s,O{
7,,9610814,,,,,͎s,O{R
7,,9610986,,,,,͎s,HR
7,,9610072,,,,,͎s,m
7,,9610071,,,,,͎s,m
7,,9610863,,,,,͎s,Ԓ
7,,9610888,,,,,͎s,\O
7,,9610829,,,,,͎s,\O
7,,9610828,,,,,͎s,\O
7,,9610027,,,,,͎s,\
7,,9610922,,,,,͎s,Ҋ
7,,9610971,,,,,͎s,a
7,,9610924,,,,,͎s,|
7,,9610923,,,,,͎s,|
7,,9610835,,,,,͎s,
7,,9610842,,,,,͎s,Vr
7,,9610933,,,,,͎s,V
7,,9610856,,,,,͎s,V
7,,9610853,,,,,͎s,VR
7,,9610024,,,,,͎s,Vė
7,,9610037,,,,,͎s,V
7,,9610811,,,,,͎s,
7,,9610021,,,,,͎s,֕
7,,9610822,,,,,͎s,ˌ
7,,9610916,,,,,͎s,O
7,,9610062,,,,,͎s,Ot
7,,9610051,,,,,͎s,
7,,9610936,,,,,͎s,H
7,,9690301,,,,,͎s,MV
7,,9618002,,,,,͎s,MGˁikj
7,,9690302,,,,,͎s,MGˁȋj
7,,9690303,,,,,͎s,M
7,,9690304,,,,,͎s,MV
7,,9690305,,,,,͎s,Mc{
7,,9690306,,,,,͎s,MLn
7,,9690307,,,,,͎s,MV
7,,9690308,,,,,͎s,M
7,,9690309,,,,,͎s,M
7,,9610953,,,,,͎s,鏠
7,,9610854,,,,,͎s,R
7,,9610855,,,,,͎s,R
7,,9610015,,,,,͎s,c
7,,9610972,,,,,͎s,
7,,9610975,,,,,͎s,ΎR
7,,9610061,,,,,͎s,cR
7,,9610073,,,,,͎s,c
7,,9610866,,,,,͎s,ߎ
7,,9610087,,,,,͎s,ߊ
7,,9610086,,,,,͎s,ߊR
7,,9610935,,,,,͎s,㒬
7,,9610914,,,,,͎s,H
7,,9610954,,,,,͎s,V_
7,,9610957,,,,,͎s,ꏬH
7,,9610955,,,,,͎s,꒬
7,,9610817,,,,,͎s,
7,,9610046,,,,,͎s,y
7,,9610005,,,,,͎s,Ln
7,,9610823,,,,,͎s,
7,,9610053,,,,,͎s,c
7,,9610844,,,,,͎s,R
7,,9610951,,,,,͎s,
7,,9610952,,,,,͎s,k
7,,9610995,,,,,͎s,R
7,,9610994,,,,,͎s,R
7,,9610991,,,,,͎s,R
7,,9610993,,,,,͎s,R
7,,9610025,,,,,͎s,ė
7,,9610812,,,,,͎s,
7,,9610077,,,,,͎s,m䒬
7,,9610816,,,,,͎s,
7,,9610832,,,,,͎s,ێR
7,,9610834,,,,,͎s,O
7,,9610837,,,,,͎s,OR
7,,9610946,,,,,͎s,Ԓ
7,,9610903,,,,,͎s,Nv
7,,9610962,,,,,͎s,o
7,,9610038,,,,,͎s,h
7,,9610941,,,,,͎s,H
7,,9610033,,,,,͎s,R
7,,9610047,,,,,͎s,_
7,,9610865,,,,,͎s,Ԍ
7,,9610093,,,,,͎s,tmؕ
7,,9610902,,,,,͎s,ԎmH
7,,9610963,,,,,͎s,e
7,,9610306,,,,,͎s,`
7,,9610308,,,,,͎s,
7,,9610303,,,,,͎s,q
7,,9610302,,,,,͎s,o
7,,9610304,,,,,͎s,Hƒcn
7,,9610301,,,,,͎s,o
7,,9610305,,,,,͎s,c
7,,9610307,,,,,͎s,Ȗ{
7,,9610309,,,,,͎s,[mc
7,,9610813,,,,,͎s,
7,,9610883,,,,,͎s,ێR
7,,9610833,,,,,͎s,OR
7,,9610964,,,,,͎s,
7,,9610861,,,,,͎s,_
7,,9610864,,,,,͎s,_R
7,,9610934,,,,,͎s,ܒ
7,,9610043,,,,,͎s,
7,,9610044,,,,,͎s,R
7,,9610013,,,,,͎s,Mc
7,,9610843,,,,,͎s,Òr
7,,9610841,,,,,͎s,ÍR
7,,9610804,,,,,͎s,֐
7,,9610801,,,,,͎s,LN
7,,9610085,,,,,͎s,c
7,,9610873,,,,,͎s,
7,,9610983,,,,,͎s,^M
7,,9610824,,,,,͎s,ۏR
7,,9610836,,,,,͎s,݂
7,,9610031,,,,,͎s,
7,,9610035,,,,,͎s,ƃmO
7,,9610022,,,,,͎s,r
7,,9610052,,,,,͎s,쒆쌴
7,,9610851,,,,,͎s,o
7,,9610992,,,,,͎s,x[
7,,9610857,,,,,͎s,x
7,,9610932,,,,,͎s,쒬
7,,9610982,,,,,͎s,^M
7,,9610925,,,,,͎s,V
7,,9610065,,,,,͎s,
7,,9610945,,,,,͎s,
7,,9610012,,,,,͎s,{
7,,9610905,,,,,͎s,{
7,,9610906,,,,,͎s,{k
7,,9610805,,,,,͎s,R
7,,9610917,,,,,͎s,S
7,,9610034,,,,,͎s,~Y
7,,9610091,,,,,͎s,펟YE
7,,9610041,,,,,͎s,
7,,9610926,,,,,͎s,FR
7,,9610907,,,,,͎s,
7,,9610881,,,,,͎s,^y
7,,9610882,,,,,͎s,^yR
7,,9610961,,,,,͎s,lcJ
7,,9610078,,,,,͎s,đk
7,,9610871,,,,,͎s,ĎRz
7,,9610066,,,,,͎s,O
7,,9610092,,,,,͎s,ZR
7,,9620000,,,,,{s,ȉɌfڂȂꍇ
7,,9620811,,,,,{s,Β
7,,9620816,,,,,{s,c
7,,9620834,,,,,{s,
7,,9620868,,,,,{s,c
7,,9620867,,,,,{s,R
7,,9620721,,,,,{s,Jc
7,,9620843,,,,,{s,r㒬
7,,9620044,,,,,{s,r
7,,9620058,,,,,{s,rm
7,,9620046,,,,,{s,c
7,,9620726,,,,,{s,s
7,,9620034,,,,,{s,ꗢR
7,,9620042,,,,,{s,
7,,9620024,,,,,{s,ג
7,,9620301,,,,,{s,
7,,9620026,,,,,{s,
7,,9620033,,,,,{s,
7,,9620003,,,,,{s,␣X
7,,9620043,,,,,{s,⟺
7,,9620054,,,,,{s,ܒ
7,,9620833,,,,,{s,n
7,,9620303,,,,,{s,~c
7,,9620204,,,,,{s,]
7,,9620801,,,,,{s,]
7,,9620056,,,,,{s,K
7,,9620312,,,,,{s,v
7,,9620722,,,,,{s,I
7,,9620032,,,,,{s,ܒ
7,,9620839,,,,,{s,咬
7,,9620013,,,,,{s,
7,,9620712,,,,,{s,q
7,,9620051,,,,,{s,zv
7,,9620053,,,,,{s,
7,,9620031,,,,,{s,e
7,,9620846,,,,,{s,
7,,9620713,,,,,{s,㏬Rc
7,,9620841,,,,,{s,k
7,,9620864,,,,,{s,k㒬
7,,9620856,,,,,{s,k
7,,9620313,,,,,{s,kc
7,,9620405,,,,,{s,G̋
7,,9620122,,,,,{s,ؔV
7,,9620805,,,,,{s,
7,,9620866,,,,,{s,IJ
7,,9620848,,,,,{s,O@R
7,,9620401,,,,,{s,z
7,,9620727,,,,,{s,c
7,,9620202,,,,,{s,
7,,9620807,,,,,{s,
7,,9620858,,,,,{s,h
7,,9620011,,,,,{s,̏㒬
7,,9620821,,,,,{s,
7,,9620035,,,,,{s,܌J
7,,9620711,,,,,{s,c
7,,9620201,,,,,{s,u
7,,9620714,,,,,{s,Rc
7,,9620806,,,,,{s,hO
7,,9620007,,,,,{s,h
7,,9620002,,,,,{s,lR
7,,9620824,,,,,{s,Vc
7,,9620012,,,,,{s,w꒬
7,,9620055,,,,,{s,V
7,,9620847,,,,,{s,zK
7,,9620205,,,,,{s,
7,,9620036,,,,,{s,ڑ
7,,9620835,,,,,{s,
7,,9620005,,,,,{s,
7,,9620023,,,,,{s,单
7,,9620837,,,,,{s,vc
7,,9620211,,,,,{s,iԓyAcAkvہAARAVAOAꐼA`N̉A
7,,9620211,,,,,{s,OA{AOcj
7,,9620304,,,,,{s,ȋj
7,,9620404,,,,,{s,ڃP
7,,9620021,,,,,{s,َ撬
7,,9620724,,,,,{s,c
7,,9620028,,,,,{s,
7,,9620857,,,,,{s,\
7,,9620859,,,,,{s,˓c
7,,9620802,,,,,{s,
7,,9620827,,,,,{s,c
7,,9620851,,,,,{s,h
7,,9620804,,,,,{s,]
7,,9620203,,,,,{s,
7,,9620852,,,,,{s,̒
7,,9620845,,,,,{s,
7,,9620004,,,,,{s,R
7,,9620836,,,,,{s,ؒ
7,,9620403,,,,,{s,
7,,9620402,,,,,{s,mc
7,,9620052,,,,,{s,
7,,9620014,,,,,{s,쒬
7,,9620016,,,,,{s,c
7,,9620017,,,,,{s,̓
7,,9620728,,,,,{s,̑
7,,9620302,,,,,{s,c
7,,9620315,,,,,{s,c
7,,9620831,,,,,{s,
7,,9620025,,,,,{s,R
7,,9620823,,,,,{s,ԉ
7,,9620126,,,,,{s,Ԃ̗
7,,9620812,,,,,{s,l
7,,9620822,,,,,{s,
7,,9620844,,,,,{s,
7,,9620725,,,,,{s,Ɠc
7,,9620015,,,,,{s,
7,,9620826,,,,,{s,L\
7,,9620314,,,,,{s,[n
7,,9620057,,,,,{s,ܓc
7,,9620803,,,,,{s,É
7,,9620861,,,,,{s,Ê
7,,9620854,,,,,{s,É~
7,,9620124,,,,,{s,
7,,9620045,,,,,{s,ۓy
7,,9620125,,,,,{s,x
7,,9620027,,,,,{s,x꒬
7,,9620815,,,,,{s,O
7,,9620853,,,,,{s,O
7,,9620814,,,,,{s,Oc
7,,9620047,,,,,{s,
7,,9620022,,,,,{s,ۓc
7,,9620863,,,,,{s,Β
7,,9620817,,,,,{s,㒬
7,,9620838,,,,,{s,쒬
7,,9620842,,,,,{s,{撬
7,,9620406,,,,,{s,{̓m
7,,9620865,,,,,{s,
7,,9620723,,,,,{s,KX
7,,9620832,,,,,{s,{
7,,9620001,,,,,{s,Xh
7,,9620305,,,,,{s,牮
7,,9620855,,,,,{s,J
7,,9620311,,,,,{s,
7,,9620123,,,,,{s,c
7,,9620006,,,,,{s,R
7,,9620121,,,,,{s,c
7,,9620041,,,,,{s,R
7,,9620059,,,,,{s,g
7,,9620862,,,,,{s,ZYq
7,,9620825,,,,,{s,Z
7,,9620813,,,,,{s,ac
7,,9620818,,,,,{s,ac
7,,9660000,,,,,쑽s,ȉɌfڂȂꍇ
7,,9660819,,,,,쑽s,P
7,,9660818,,,,,쑽s,Q
7,,9660817,,,,,쑽s,R
7,,9660091,,,,,쑽s,t
7,,9660108,,,,,쑽s,M[c
7,,9660101,,,,,쑽s,M[M
7,,9660107,,,,,쑽s,M[
7,,9660103,,,,,쑽s,M[[
7,,9660106,,,,,쑽s,M[э
7,,9660105,,,,,쑽s,M[{
7,,9660102,,,,,쑽s,M[Rc
7,,9660104,,,,,쑽s,M[ĉ
7,,9660887,,,,,쑽s,ѓc
7,,9660053,,,,,쑽s,Γc
7,,9660868,,,,,쑽s,s
7,,9660849,,,,,쑽s,{؏
7,,9660848,,,,,쑽s,{؉
7,,9660057,,,,,쑽s,ːK
7,,9660069,,,,,쑽s,
7,,9660087,,,,,쑽s,׋{
7,,9660001,,,,,쑽s,⌎ct
7,,9660005,,,,,쑽s,⌎s
7,,9660003,,,,,쑽s,⌎
7,,9660004,,,,,쑽s,⌎쑽
7,,9660002,,,,,쑽s,⌎{
7,,9660821,,,,,쑽s,~|
7,,9660838,,,,,쑽s,iv
7,,9660085,,,,,쑽s,]q
7,,9660867,,,,,쑽s,c
7,,9660904,,,,,쑽s,r
7,,9660836,,,,,쑽s,
7,,9660037,,,,,쑽s,哤c
7,,9660839,,,,,쑽s,哹c
7,,9660915,,,,,쑽s,Jn
7,,9660054,,,,,쑽s,Jnc
7,,9660094,,,,,쑽s,
7,,9660095,,,,,쑽s,ؓ
7,,9660096,,,,,쑽s,ؓ
7,,9660814,,,,,쑽s,䐴
7,,9660814,,,,,쑽s,䐴
7,,9660825,,,,,쑽s,䐴
7,,9660831,,,,,쑽s,c
7,,9660805,,,,,쑽s,ct
7,,9660813,,,,,쑽s,ct
7,,9660803,,,,,쑽s,
7,,9660894,,,,,쑽s,䒃
7,,9660039,,,,,쑽s,o
7,,9660891,,,,,쑽s,尟
7,,9660043,,,,,쑽s,]
7,,9660811,,,,,쑽s,
7,,9660931,,,,,쑽s,O{O{
7,,9660933,,,,,쑽s,O{OJ
7,,9660932,,,,,쑽s,O{g
7,,9660842,,,,,쑽s,쉺
7,,9660851,,,,,쑽s,k
7,,9660072,,,,,쑽s,k
7,,9660006,,,,,쑽s,k
7,,9660835,,,,,쑽s,s
7,,9660892,,,,,쑽s,od
7,,9660874,,,,,쑽s,E~
7,,9660022,,,,,쑽s,FqY
7,,9660024,,,,,쑽s,FqFq
7,,9660023,,,,,쑽s,FqV
7,,9660021,,,,,쑽s,Fqs
7,,9660923,,,,,쑽s,cV{
7,,9660922,,,,,쑽s,cL
7,,9660921,,,,,쑽s,c
7,,9660924,,,,,쑽s,cR
7,,9660872,,,,,쑽s,c
7,,9660869,,,,,쑽s,c
7,,9660048,,,,,쑽s,z
7,,9660063,,,,,쑽s,܃m_
7,,9660877,,,,,쑽s,䓹
7,,9660802,,,,,쑽s,Ku
7,,9660038,,,,,쑽s,
7,,9660841,,,,,쑽s,u
7,,9660044,,,,,쑽s,m
7,,9660827,,,,,쑽s,m
7,,9693538,,,,,쑽s,쒬V
7,,9693514,,,,,쑽s,쒬V
7,,9693523,,,,,쑽s,쒬΋
7,,9693532,,,,,쑽s,쒬݉
7,,9693536,,,,,쑽s,쒬c
7,,9693521,,,,,쑽s,쒬mO
7,,9693535,,,,,쑽s,쒬m
7,,9693505,,,,,쑽s,쒬
7,,9693532,,,,,쑽s,쒬o
7,,9693506,,,,,쑽s,쒬E
7,,9693539,,,,,쑽s,쒬~
7,,9693525,,,,,쑽s,쒬c
7,,9693503,,,,,쑽s,쒬܍
7,,9693527,,,,,쑽s,쒬a
7,,9693532,,,,,쑽s,쒬{
7,,9693537,,,,,쑽s,쒬lސ
7,,9693524,,,,,쑽s,쒬
7,,9693522,,,,,쑽s,쒬V
7,,9693526,,,,,쑽s,쒬zK
7,,9693525,,,,,쑽s,쒬zKO
7,,9693523,,,,,쑽s,쒬
7,,9693532,,,,,쑽s,쒬
7,,9693524,,,,,쑽s,쒬|m
7,,9693524,,,,,쑽s,쒬ڃm
7,,9693534,,,,,쑽s,쒬c
7,,9693502,,,,,쑽s,쒬퐢
7,,9693513,,,,,쑽s,쒬
7,,9693504,,,,,쑽s,쒬
7,,9693531,,,,,쑽s,쒬VcJn
7,,9693533,,,,,쑽s,쒬V]
7,,9693534,,,,,쑽s,쒬mVc
7,,9693521,,,,,쑽s,쒬
7,,9693512,,,,,쑽s,쒬h
7,,9693532,,,,,쑽s,쒬m
7,,9693511,,,,,쑽s,쒬k
7,,9693521,,,,,쑽s,쒬g_
7,,9693501,,,,,쑽s,쒬Og
7,,9693539,,,,,쑽s,쒬g
7,,9693515,,,,,쑽s,쒬đ
7,,9660093,,,,,쑽s,u
7,,9660092,,,,,쑽s,
7,,9660042,,,,,쑽s,]
7,,9660850,,,,,쑽s,쌴
7,,9660896,,,,,쑽s,zK
7,,9660015,,,,,쑽s,֎Ē㍂z
7,,9660014,,,,,쑽s,֎Ē
7,,9660012,,,,,쑽s,֎Ē
7,,9660011,,,,,쑽s,֎Ē֎
7,,9660013,,,,,쑽s,֎ĒL
7,,9660016,,,,,쑽s,֎Ē
7,,9660017,,,,,쑽s,֎ĒOÈ
7,,9660033,,,,,쑽s,
7,,9660047,,,,,쑽s,Kc
7,,9660853,,,,,쑽s,犡
7,,9660854,,,,,쑽s,犡
7,,9660064,,,,,쑽s,y{
7,,9660055,,,,,쑽s,
7,,9660855,,,,,쑽s,q
7,,9694303,,,,,쑽s,g
7,,9694312,,,,,쑽s,rm
7,,9694304,,,,,쑽s,֌
7,,9694316,,,,,쑽s,c
7,,9694301,,,,,쑽s,㋽
7,,9694314,,,,,쑽s,
7,,9694313,,,,,쑽s,
7,,9694315,,,,,쑽s,Ĉ
7,,9694311,,,,,쑽s,H
7,,9694302,,,,,쑽s,
7,,9660873,,,,,쑽s,ږ
7,,9660884,,,,,쑽s,dmO
7,,9660856,,,,,쑽s,i
7,,9660097,,,,,쑽s,ʑD
7,,9660875,,,,,쑽s,ߊ
7,,9660865,,,,,쑽s,c
7,,9660068,,,,,쑽s,
7,,9660861,,,,,쑽s,
7,,9660871,,,,,쑽s,
7,,9660062,,,,,쑽s,
7,,9660852,,,,,쑽s,VO
7,,9660899,,,,,쑽s,z
7,,9660801,,,,,쑽s,Ց
7,,9660862,,,,,쑽s,Ւ
7,,9660912,,,,,쑽s,L쒬
7,,9660913,,,,,쑽s,L쒬
7,,9660911,,,,,쑽s,L쒬
7,,9660914,,,,,쑽s,L쒬Ď
7,,9660845,,,,,쑽s,
7,,9660049,,,,,쑽s,
7,,9660065,,,,,쑽s,쌴
7,,9660833,,,,,쑽s,
7,,9660881,,,,,쑽s,
7,,9660035,,,,,쑽s,
7,,9660882,,,,,쑽s,
7,,9660073,,,,,쑽s,
7,,9660032,,,,,쑽s,qm
7,,9660864,,,,,쑽s,S
7,,9660082,,,,,쑽s,잊
7,,9660084,,,,,쑽s,ːK
7,,9660844,,,,,쑽s,ēc
7,,9660081,,,,,쑽s,
7,,9660086,,,,,쑽s,lcJ
7,,9660034,,,,,쑽s,{
7,,9660804,,,,,쑽s,c
7,,9660035,,,,,쑽s,
7,,9660893,,,,,쑽s,ԉ
7,,9660061,,,,,쑽s,n
7,,9660046,,,,,쑽s,c
7,,9660859,,,,,쑽s,Ԓ
7,,9660895,,,,,쑽s,
7,,9660843,,,,,쑽s,ēc
7,,9660823,,,,,쑽s,쌴c
7,,9660007,,,,,쑽s,Ku
7,,9660051,,,,,쑽s,
7,,9660832,,,,,쑽s,Sc
7,,9660058,,,,,쑽s,L
7,,9660031,,,,,쑽s,c
7,,9660866,,,,,쑽s,Î
7,,9660816,,,,,쑽s,דc
7,,9660862,,,,,쑽s,Oc
7,,9660837,,,,,쑽s,Oc
7,,9660041,,,,,쑽s,c
7,,9660858,,,,,쑽s,k
7,,9660863,,,,,쑽s,K
7,,9660826,,,,,쑽s,K
7,,9660847,,,,,쑽s,c
7,,9660846,,,,,쑽s,c
7,,9660857,,,,,쑽s,
7,,9660903,,,,,쑽s,Rэ
7,,9660901,,,,,쑽s,RR
7,,9660902,,,,,쑽s,R
7,,9660898,,,,,쑽s,
7,,9660806,,,,,쑽s,
7,,9660812,,,,,쑽s,Β
7,,9660045,,,,,쑽s,쌴
7,,9660074,,,,,쑽s,쒬
7,,9660066,,,,,쑽s,{
7,,9660067,,,,,쑽s,
7,,9660056,,,,,쑽s,~
7,,9660815,,,,,쑽s,Jnc
7,,9660834,,,,,쑽s,Jnc
7,,9660036,,,,,쑽s,
7,,9660822,,,,,쑽s,
7,,9694107,,,,,쑽s,Rs
7,,9694106,,,,,쑽s,Rsq
7,,9694147,,,,,쑽s,RsΖx
7,,9694102,,,,,쑽s,Rs
7,,9694108,,,,,쑽s,Rsm
7,,9694155,,,,,쑽s,RsC
7,,9694148,,,,,쑽s,Rs⟺
7,,9694113,,,,,쑽s,Rsm
7,,9694112,,,,,쑽s,Rsm
7,,9694152,,,,,쑽s,RsmR
7,,9694126,,,,,쑽s,Rsn
7,,9694119,,,,,쑽s,Rs]˒
7,,9694121,,,,,쑽s,Rsc
7,,9694167,,,,,쑽s,Rs
7,,9694151,,,,,쑽s,RsR
7,,9694164,,,,,쑽s,RsΑŏ
7,,9694162,,,,,쑽s,RsVc
7,,9694122,,,,,쑽s,Rsؑ]
7,,9694139,,,,,쑽s,RskmO
7,,9694127,,,,,쑽s,RsvI
7,,9694111,,,,,쑽s,Rsm
7,,9694115,,,,,쑽s,Rs܏\
7,,9694103,,,,,쑽s,Rsؔ
7,,9694101,,,,,쑽s,RsM
7,,9694157,,,,,쑽s,Rs
7,,9694114,,,,,쑽s,RsR
7,,9694166,,,,,쑽s,RsK
7,,9694143,,,,,쑽s,Rsc
7,,9694132,,,,,쑽s,RsOm{
7,,9694116,,,,,쑽s,Rs
7,,9694117,,,,,쑽s,RsK
7,,9694163,,,,,쑽s,RsΑŏ
7,,9694153,,,,,쑽s,Rsa
7,,9694138,,,,,쑽s,Rs֕
7,,9694154,,,,,쑽s,Rsڌ
7,,9694141,,,,,쑽s,Rsc
7,,9694144,,,,,쑽s,Rsa
7,,9694161,,,,,쑽s,RsΑŏ
7,,9694123,,,,,쑽s,RsVc
7,,9694137,,,,,쑽s,Rs
7,,9694142,,,,,쑽s,Rs\
7,,9694156,,,,,쑽s,Rs
7,,9694145,,,,,쑽s,Rs
7,,9694124,,,,,쑽s,Rsm
7,,9694146,,,,,쑽s,RsLÉ~
7,,9694135,,,,,쑽s,RsLVc
7,,9694131,,,,,쑽s,RsL
7,,9694133,,,,,쑽s,RsLc
7,,9694118,,,,,쑽s,RsÉ~
7,,9694104,,,,,쑽s,RsH
7,,9694136,,,,,쑽s,RsK
7,,9694105,,,,,쑽s,RsOÍ
7,,9694165,,,,,쑽s,RsOcR
7,,9694134,,,,,쑽s,Rsc
7,,9694125,,,,,쑽s,Rs퍶Gc
7,,9694149,,,,,쑽s,RsJn
7,,9694109,,,,,쑽s,RsJ
7,,9660071,,,,,쑽s,Rm_
7,,9660052,,,,,쑽s,lS
7,,9660083,,,,,쑽s,Z
7,,9660824,,,,,쑽s,ZS
7,,9760000,,,,,ns,ȉɌfڂȂꍇ
7,,9792521,,,,,ns,Ԗ
7,,9760152,,,,,ns,
7,,9760006,,,,,ns,Ώ
7,,9792501,,,,,ns,镔
7,,9792541,,,,,ns,c
7,,9760025,,,,,ns,q
7,,9760007,,,,,ns,
7,,9760001,,,,,ns,
7,,9760032,,,,,ns,
7,,9760016,,,,,ns,m
7,,9760053,,,,,ns,
7,,9760022,,,,,ns,l
7,,9760034,,,,,ns,
7,,9792511,,,,,ns,
7,,9760014,,,,,ns,kџ
7,,9760012,,,,,ns,k
7,,9760052,,,,,ns,
7,,9760013,,,,,ns,
7,,9760005,,,,,ns,z
7,,9760002,,,,,ns,Ŗ
7,,9792531,,,,,ns,J
7,,9760154,,,,,ns,ʖ
7,,9760004,,,,,ns,V
7,,9760003,,,,,ns,˕
7,,9760015,,,,,ns,˃m
7,,9792533,,,,,ns,ؓc
7,,9760031,,,,,ns,S
7,,9792532,,,,,ns,x
7,,9760037,,,,,ns,
7,,9760042,,,,,ns,
7,,9792542,,,,,ns,c
7,,9760033,,,,,ns,Vc
7,,9760011,,,,,ns,V
7,,9760041,,,,,ns,R
7,,9792522,,,,,ns,
7,,9760051,,,,,ns,
7,,9760036,,,,,ns,n
7,,9760021,,,,,ns,
7,,9760153,,,,,ns,ʖ
7,,9760035,,,,,ns,c
7,,9760026,,,,,ns,џ
7,,9760024,,,,,ns,{
7,,9760151,,,,,ns,R
7,,9792512,,,,,ns,M
7,,9760023,,,,,ns,ac
7,,9640000,,,,,{s,ȉɌfڂȂꍇ
7,,9640982,,,,,{s,Ԉ
7,,9640929,,,,,{s,
7,,9640938,,,,,{s,BP
7,,9640802,,,,,{s,
7,,9640004,,,,,{s,ɍ
7,,9640826,,,,,{s,΃m
7,,9640927,,,,,{s,Δ
7,,9640015,,,,,{s,ڑ
7,,9640914,,,,,{s,sC
7,,9640024,,,,,{s,ː_
7,,9640823,,,,,{s,
7,,9640932,,,,,{s,Nq
7,,9640053,,,,,{s,
7,,9640898,,,,,{s,㌴
7,,9640997,,,,,{s,]
7,,9640937,,,,,{s,|
7,,9640057,,,,,{s,΃P
7,,9640954,,,,,{s,
7,,9640963,,,,,{s,v
7,,9640048,,,,,{s,
7,,9640849,,,,,{s,
7,,9640077,,,,,{s,
7,,9640111,,,,,{s,c
7,,9640949,,,,,{s,啽
7,,9640891,,,,,{s,d
7,,9640869,,,,,{s,啽R
7,,9640996,,,,,{s,咬
7,,9640016,,,,,{s,X
7,,9640975,,,,,{s,m
7,,9640955,,,,,{s,
7,,9691513,,,,,{s,
7,,9640832,,,,,{s,
7,,9640313,,,,,{s,l
7,,9640901,,,,,{s,\
7,,9640904,,,,,{s,s
7,,9640842,,,,,{s,B
7,,9640863,,,,,{s,Њ
7,,9640915,,,,,{s,F
7,,9640807,,,,,{s,Fv
7,,9640987,,,,,{s,
7,,9640321,,,,,{s,㑾c
7,,9691512,,,,,{s,
7,,9640014,,,,,{s,Vc
7,,9640312,,,,,{s,㒷
7,,9640073,,,,,{s,t؍
7,,9640848,,,,,{s,㕽
7,,9640926,,,,,{s,Hc
7,,9640911,,,,,{s,TJ
7,,9640815,,,,,{s,JR
7,,9640838,,,,,{s,؏h
7,,9640984,,,,,{s,kg~
7,,9640808,,,,,{s,ؓY
7,,9640956,,,,,{s,؃m
7,,9640087,,,,,{s,؃m
7,,9640853,,,,,{s,z
7,,9640854,,,,,{s,SR
7,,9640921,,,,,{s,Z
7,,9640065,,,,,{s,
7,,9640974,,,,,{s,
7,,9640203,,,,,{s,ؔ
7,,9640007,,,,,{s,É
7,,9640314,,,,,{s,c
7,,9640063,,,,,{s,˖؎R
7,,9640933,,,,,{s,
7,,9640844,,,,,{s,ݎt
7,,9640893,,,,,{s,K
7,,9640913,,,,,{s,
7,,9640071,,,,,{s,h
7,,9640944,,,,,{s,
7,,9640986,,,,,{s,c
7,,9640005,,,,,{s,
7,,9640964,,,,,{s,܌
7,,9640088,,,,,{s,򏼑q
7,,9640934,,,,,{s,O
7,,9640058,,,,,{s,OYR
7,,9640086,,,,,{s,
7,,9640897,,,,,{s,
7,,9640942,,,,,{s,
7,,9640825,,,,,{s,
7,,9691403,,,,,{s,a
7,,9640922,,,,,{s,
7,,9640935,,,,,{s,m
7,,9691511,,,,,{s,
7,,9640804,,,,,{s,
7,,9640316,,,,,{s,
7,,9640805,,,,,{s,m
7,,9640883,,,,,{s,Rc
7,,9640912,,,,,{s,|
7,,9640876,,,,,{s,@
7,,9640966,,,,,{s,a
7,,9640882,,,,,{s,V
7,,9640976,,,,,{s,V
7,,9640013,,,,,{s,Vc
7,,9640828,,,,,{s,V
7,,9640952,,,,,{s,_
7,,9640835,,,,,{s,_
7,,9640896,,,,,{s,L
7,,9640836,,,,,{s,c
7,,9640302,,,,,{s,
7,,9640862,,,,,{s,cʎq
7,,9640833,,,,,{s,cV
7,,9640865,,,,,{s,c
7,,9640962,,,,,{s,Γ
7,,9640972,,,,,{s,Β
7,,9640023,,,,,{s,
7,,9640867,,,,,{s,Zg
7,,9640824,,,,,{s,zK
7,,9640812,,,,,{s,
7,,9640841,,,,,{s,m
7,,9640965,,,,,{s,ڑ
7,,9640827,,,,,{s,
7,,9640851,,,,,{s,c
7,,9640084,,,,,{s,卪
7,,9640884,,,,,{s,
7,,9640957,,,,,{s,q
7,,9640886,,,,,{s,zP
7,,9640885,,,,,{s,z
7,,9640985,,,,,{s,c
7,,9640028,,,,,{s,
7,,9640817,,,,,{s,
7,,9640074,,,,,{s,x
7,,9640062,,,,,{s,xa
7,,9640066,,,,,{s,x򐼑a
7,,9640061,,,,,{s,x[x
7,,9640064,,,,,{s,x򉡐X
7,,9640845,,,,,{s,|
7,,9640902,,,,,{s,|c
7,,9640958,,,,,{s,|m
7,,9640072,,,,,{s,x
7,,9640431,,,,,{s,c
7,,9640038,,,,,{s,
7,,9640868,,,,,{s,ږ
7,,9640051,,,,,{s,ږ쌴
7,,9640993,,,,,{s,c
7,,9640894,,,,,{s,Rq
7,,9691405,,,,,{s,qbq̐X
7,,9640852,,,,,{s,ҋ{
7,,9640866,,,,,{s,
7,,9640875,,,,,{s,Ζ
7,,9640008,,,,,{s,S
7,,9640846,,,,,{s,
7,,9640872,,,,,{s,Y
7,,9640881,,,,,{s,VO
7,,9640433,,,,,{s,Sږ
7,,9640834,,,,,{s,\_
7,,9640945,,,,,{s,R
7,,9640814,,,,,{s,
7,,9640201,,,,,{s,ˑ
7,,9640054,,,,,{s,c
7,,9640859,,,,,{s,]
7,,9640311,,,,,{s,
7,,9640874,,,,,{s,
7,,9640075,,,,,{s,ici⍑Lсj
7,,9640001,,,,,{s,m
7,,9640991,,,,,{s,
7,,9640924,,,,,{s,X
7,,9640026,,,,,{s,Rc
7,,9640923,,,,,{s,
7,,9640029,,,,,{s,ic
7,,9640022,,,,,{s,icb
7,,9640011,,,,,{s,ic˖
7,,9640012,,,,,{s,icϓ
7,,9640076,,,,,{s,ic
7,,9640021,,,,,{s,icnۓ
7,,9640017,,,,,{s,ic䓰
7,,9640837,,,,,{s,ci
7,,9640855,,,,,{s,
7,,9640315,,,,,{s,c
7,,9640892,,,,,{s,c
7,,9640871,,,,,{s,c
7,,9640003,,,,,{s,ɑ
7,,9640861,,,,,{s,r
7,,9640995,,,,,{s,ђ
7,,9640304,,,,,{s,Va
7,,9640856,,,,,{s,
7,,9640953,,,,,{s,P
7,,9640903,,,,,{s,
7,,9640039,,,,,{s,
7,,9640948,,,,,{s,{
7,,9640803,,,,,{s,
7,,9640303,,,,,{s,X
7,,9640806,,,,,{s,H
7,,9640055,,,,,{s,nꕽ
7,,9640035,,,,,{s,ZVP
7,,9640042,,,,,{s,Z唨
7,,9640045,,,,,{s,Z}
7,,9640047,,,,,{s,Z㕽
7,,9640044,,,,,{s,Zm
7,,9640037,,,,,{s,Z쌴
7,,9640036,,,,,{s,Z˖
7,,9640043,,,,,{s,ZzK
7,,9640034,,,,,{s,Z
7,,9640049,,,,,{s,ZJn
7,,9640041,,,,,{s,ZƓc
7,,9640046,,,,,{s,ZR
7,,9640816,,,,,{s,c
7,,9640202,,,,,{s,j
7,,9640873,,,,,{s,
7,,9640301,,,,,{s,Va
7,,9640857,,,,,{s,
7,,9640033,,,,,{s,哰
7,,9640032,,,,,{s,哰R
7,,9640858,,,,,{s,Pq
7,,9640992,,,,,{s,ΎO
7,,9640981,,,,,{s,΍c
7,,9640973,,,,,{s,Β
7,,9640829,,,,,{s,ܓ
7,,9640006,,,,,{s,
7,,9640818,,,,,{s,s
7,,9640085,,,,,{s,s
7,,9640822,,,,,{s,M
7,,9640821,,,,,{s,M`
7,,9640813,,,,,{s,M`ΎR
7,,9640907,,,,,{s,ז
7,,9640843,,,,,{s,V
7,,9640946,,,,,{s,xz
7,,9640831,,,,,{s,Oc
7,,9640031,,,,,{s,O
7,,9640905,,,,,{s,
7,,9640947,,,,,{s,
7,,9640941,,,,,{s,
7,,9640983,,,,,{s,g~
7,,9640994,,,,,{s,쒬
7,,9640052,,,,,{s,
7,,9640895,,,,,{s,O
7,,9640887,,,,,{s,Oۓ
7,,9640081,,,,,{s,{
7,,9640811,,,,,{s,{
7,,9640951,,,,,{s,{{
7,,9640943,,,,,{s,
7,,9640801,,,,,{s,c
7,,9640916,,,,,{s,
7,,9640917,,,,,{s,{
7,,9640432,,,,,{s,Ό
7,,9640936,,,,,{s,zJ
7,,9640847,,,,,{s,t
7,,9640961,,,,,{s,⒬
7,,9640864,,,,,{s,БO
7,,9640082,,,,,{s,x
7,,9640083,,,,,{s,xΌ
7,,9640025,,,,,{s,˓
7,,9640931,,,,,{s,m
7,,9640027,,,,,{s,Rc
7,,9640925,,,,,{s,Jaq
7,,9691404,,,,,{s,
7,,9640056,,,,,{s,Y
7,,9640002,,,,,{s,쒬
7,,9691401,,,,,{s,gq
7,,9640971,,,,,{s,Čܒ
7,,9691402,,,,,{s,đ
7,,9640928,,,,,{s,Hc
7,,9640906,,,,,{s,{
7,,9634300,,,,,cs,ȉɌfڂȂꍇ
7,,9634111,,,,,cs,zz
7,,9634115,,,,,cs,zIo
7,,9634112,,,,,cs,zz
7,,9634114,,,,,cs,zq
7,,9634113,,,,,cs,z
7,,9633602,,,,,cs,ꍪ_
7,,9633601,,,,,cs,ꍪJ
7,,9633603,,,,,cs,ꍪL
7,,9634604,,,,,cs,tR
7,,9634605,,,,,cs,tv
7,,9634614,,,,,cs,tOR
7,,9634613,,,,,cs,t֖{
7,,9634602,,,,,cs,tt
7,,9634603,,,,,cs,t
7,,9634606,,,,,cs,tVc
7,,9634611,,,,,cs,txc
7,,9634601,,,,,cs,tR
7,,9634612,,,,,cs,t
7,,9634316,,,,,cs,D
7,,9634322,,,,,cs,Drac
7,,9634431,,,,,cs,DΑ
7,,9634313,,,,,cs,DΐX
7,,9634311,,,,,cs,D
7,,9634435,,,,,cs,Dq
7,,9634203,,,,,cs,D
7,,9634434,,,,,cs,D厭
7,,9634323,,,,,cs,Dvc
7,,9634541,,,,,cs,D
7,,9634545,,,,,cs,Dk
7,,9634433,,,,,cs,Dk
7,,9634202,,,,,cs,DR
7,,9634318,,,,,cs,Dz
7,,9634321,,,,,cs,DR
7,,9634317,,,,,cs,D
7,,9634205,,,,,cs,DR
7,,9634432,,,,,cs,DOH
7,,9634201,,,,,cs,DiJ
7,,9634543,,,,,cs,DR
7,,9634324,,,,,cs,Dc
7,,9634436,,,,,cs,DV
7,,9634315,,,,,cs,DtR
7,,9634312,,,,,cs,DD
7,,9634204,,,,,cs,Dxz
7,,9634544,,,,,cs,D
7,,9634314,,,,,cs,D
7,,9634542,,,,,cs,D
7,,9634702,,,,,cs,sH
7,,9634701,,,,,cs,sHÓ
7,,9750000,,,,,쑊ns,ȉɌfڂȂꍇ
7,,9792133,,,,,쑊ns,
7,,9792144,,,,,쑊ns,c
7,,9792145,,,,,쑊ns,YK
7,,9792155,,,,,쑊ns,㍪
7,,9792143,,,,,쑊ns,傑
7,,9792103,,,,,쑊ns,
7,,9792163,,,,,쑊ns,ca
7,,9792174,,,,,쑊ns,x
7,,9792123,,,,,쑊ns,咬
7,,9792134,,,,,쑊ns,扪c
7,,9792102,,,,,쑊ns,揬
7,,9792147,,,,,쑊ns,揗
7,,9792173,,,,,쑊ns,揬J
7,,9792101,,,,,쑊ns,Б
7,,9792165,,,,,쑊ns,J
7,,9792153,,,,,쑊ns,Y
7,,9792115,,,,,쑊ns,㒬
7,,9792154,,,,,쑊ns,_R
7,,9792164,,,,,쑊ns,[
7,,9792171,,,,,쑊ns,k
7,,9792156,,,,,쑊ns,揬
7,,9792146,,,,,쑊ns,扺Y
7,,9792113,,,,,쑊ns,֏
7,,9792112,,,,,쑊ns,c
7,,9792104,,,,,쑊ns,ˌ
7,,9792142,,,,,쑊ns,p
7,,9792111,,,,,쑊ns,撇
7,,9792152,,,,,쑊ns,s
7,,9792114,,,,,쑊ns,搼
7,,9792175,,,,,쑊ns,Hq
7,,9792162,,,,,쑊ns,э
7,,9792121,,,,,쑊ns,擌
7,,9792131,,,,,쑊ns,敟
7,,9792161,,,,,쑊ns,擡
7,,9792132,,,,,쑊ns,搅J
7,,9792172,,,,,쑊ns,씵
7,,9792122,,,,,쑊ns,쒬
7,,9792151,,,,,쑊ns,推J
7,,9792141,,,,,쑊ns,摺
7,,9792124,,,,,쑊ns,{
7,,9792157,,,,,쑊ns,g
7,,9792336,,,,,쑊ns,悠
7,,9792451,,,,,쑊ns,敂c
7,,9792443,,,,,쑊ns,拍͓
7,,9792331,,,,,쑊ns,]
7,,9792322,,,,,쑊ns,
7,,9792444,,,,,쑊ns,扪ac
7,,9792321,,,,,쑊ns,揬c
7,,9792464,,,,,쑊ns,R
7,,9792335,,,,,쑊ns,掭
7,,9792462,,,,,쑊ns,ȌE
7,,9792323,,,,,쑊ns,G
7,,9792324,,,,,쑊ns,q
7,,9792311,,,,,쑊ns,kCV
7,,9792313,,,,,쑊ns,kEc
7,,9792303,,,,,쑊ns,k`
7,,9792453,,,,,쑊ns,揬r
7,,9792452,,,,,쑊ns,揬Rc
7,,9792332,,,,,쑊ns,扖
7,,9792454,,,,,쑊ns,팴
7,,9792441,,,,,쑊ns,p쌴
7,,9792333,,,,,쑊ns,掛
7,,9792463,,,,,쑊ns,ȌE
7,,9792305,,,,,쑊ns,ic
7,,9792301,,,,,쑊ns,in
7,,9792334,,,,,쑊ns,搼
7,,9792312,,,,,쑊ns,CV
7,,9792314,,,,,쑊ns,Ec
7,,9792304,,,,,쑊ns,쉮`
7,,9792302,,,,,쑊ns,M
7,,9792461,,,,,쑊ns,R
7,,9792442,,,,,쑊ns,扡
7,,9750039,,,,,쑊ns,t
7,,9750004,,,,,쑊ns,戮
7,,9750002,,,,,쑊ns,擌
7,,9750075,,,,,쑊ns,ΐ_
7,,9750023,,,,,쑊ns,
7,,9750017,,,,,쑊ns,拍z
7,,9750047,,,,,쑊ns,]
7,,9750078,,,,,쑊ns,J
7,,9750061,,,,,쑊ns,،
7,,9750079,,,,,쑊ns,匴
7,,9750001,,,,,쑊ns,咬
7,,9750049,,,,,쑊ns,P
7,,9750011,,,,,쑊ns,揬쒬
7,,9750055,,,,,쑊ns,揬؂
7,,9750064,,,,,쑊ns,扟
7,,9750036,,,,,쑊ns,択l
7,,9750058,,,,,쑊ns,Бq
7,,9750021,,,,,쑊ns,
7,,9750059,,,,,쑊ns,㑾c
7,,9750027,,,,,쑊ns,k
7,,9750034,,,,,쑊ns,a
7,,9750026,,,,,쑊ns,㍂
7,,9750013,,,,,쑊ns,㒬
7,,9750022,,,,,쑊ns,k
7,,9750072,,,,,쑊ns,k
7,,9750073,,,,,쑊ns,kVc
7,,9750037,,,,,쑊ns,k
7,,9750018,,,,,쑊ns,k
7,,9750015,,,,,쑊ns,捑
7,,9750045,,,,,쑊ns,揬
7,,9750043,,,,,쑊ns,揬l
7,,9750051,,,,,쑊ns,拍
7,,9750003,,,,,쑊ns,h
7,,9750032,,,,,쑊ns,䒬
7,,9750076,,,,,쑊ns,Mc
7,,9750042,,,,,쑊ns,掴
7,,9750044,,,,,쑊ns,扺]
7,,9750041,,,,,쑊ns,扺c
7,,9750024,,,,,쑊ns,扺k
7,,9750035,,,,,쑊ns,扺a
7,,9750025,,,,,쑊ns,扺
7,,9750054,,,,,쑊ns,捂
7,,9750077,,,,,쑊ns,捂q
7,,9750033,,,,,쑊ns,捂
7,,9750046,,,,,쑊ns,J
7,,9750056,,,,,쑊ns,ߒJ
7,,9750052,,,,,쑊ns,撆c
7,,9750074,,,,,쑊ns,撷
7,,9750016,,,,,쑊ns,撇
7,,9750031,,,,,쑊ns,ђ
7,,9750014,,,,,쑊ns,搼
7,,9750006,,,,,쑊ns,拴{
7,,9750063,,,,,쑊ns,n
7,,9750038,,,,,쑊ns,̏o
7,,9750071,,,,,쑊ns,[
7,,9750005,,,,,쑊ns,񌩒
7,,9750062,,,,,쑊ns,{wO
7,,9750053,,,,,쑊ns,vc
7,,9750012,,,,,쑊ns,O
7,,9750007,,,,,쑊ns,쒬
7,,9750048,,,,,쑊ns,āX
7,,9750008,,,,,쑊ns,{
7,,9750057,,,,,쑊ns,쌴
7,,9600600,,,,,ɒBs,ȉɌfڂȂꍇ
7,,9600423,,,,,ɒBs,r
7,,9600405,,,,,ɒBs,{
7,,9600421,,,,,ɒBs,{
7,,9600437,,,,,ɒBs,{
7,,9600415,,,,,ɒBs,E
7,,9600455,,,,,ɒBs,W
7,,9600424,,,,,ɒBs,WP
7,,9600425,,,,,ɒBs,W
7,,9600488,,,,,ɒBs,
7,,9600457,,,,,ɒBs,]
7,,9600458,,,,,ɒBs,c
7,,9600408,,,,,ɒBs,
7,,9600418,,,,,ɒBs,O
7,,9600485,,,,,ɒBs,Uc
7,,9600427,,,,,ɒBs,b
7,,9600477,,,,,ɒBs,ؒ
7,,9600461,,,,,ɒBs,В
7,,9600433,,,,,ɒBs,쌴
7,,9600453,,,,,ɒBs,uac
7,,9600422,,,,,ɒBs,쌴c
7,,9600431,,,,,ɒBs,쌴
7,,9600468,,,,,ɒBs,k
7,,9600417,,,,,ɒBs,k
7,,9600474,,,,,ɒBs,B`
7,,9600465,,,,,ɒBs,v
7,,9600428,,,,,ɒBs,m
7,,9600426,,,,,ɒBs,m
7,,9600473,,,,,ɒBs,c
7,,9600401,,,,,ɒBs,쌴
7,,9600451,,,,,ɒBs,uac
7,,9600454,,,,,ɒBs,uacO
7,,9600441,,,,,ɒBs,V
7,,9600445,,,,,ɒBs,_O
7,,9600442,,,,,ɒBs,c
7,,9600443,,,,,ɒBs,zK
7,,9600446,,,,,ɒBs,zK
7,,9600444,,,,,ɒBs,zKO
7,,9600435,,,,,ɒBs,
7,,9600434,,,,,ɒBs,
7,,9600489,,,,,ɒBs,ˏ
7,,9600412,,,,,ɒBs,Ԓ
7,,9600487,,,,,ɒBs,c
7,,9600467,,,,,ɒBs,ڃm
7,,9600463,,,,,ɒBs,c
7,,9600429,,,,,ɒBs,˔
7,,9600904,,,,,ɒBs,ڒn
7,,9600903,,,,,ɒBs,ڒn
7,,9600902,,,,,ɒBs,ڒ
7,,9600905,,,,,ɒBs,ڒfc
7,,9600901,,,,,ɒBs,ڒz
7,,9600906,,,,,ɒBs,ڒc
7,,9600482,,,,,ɒBs,ߓc
7,,9600476,,,,,ɒBs,ߊ
7,,9600447,,,,,ɒBs,O
7,,9600406,,,,,ɒBs,m
7,,9600414,,,,,ɒBs,
7,,9600432,,,,,ɒBs,쌴
7,,9600452,,,,,ɒBs,uac
7,,9600416,,,,,ɒBs,
7,,9600471,,,,,ɒBs,
7,,9600456,,,,,ɒBs,
7,,9600411,,,,,ɒBs,qؒ
7,,9600466,,,,,ɒBs,
7,,9600472,,,,,ɒBs,c
7,,9600479,,,,,ɒBs,
7,,9600502,,,,,ɒBs,
7,,9600484,,,,,ɒBs,n
7,,9600404,,,,,ɒBs,
7,,9600407,,,,,ɒBs,
7,,9600419,,,,,ɒBs,LO
7,,9600501,,,,,ɒBs,
7,,9600475,,,,,ɒBs,c
7,,9600478,,,,,ɒBs,גJ
7,,9600624,,,,,ɒBs,یP
7,,9600625,,,,,ɒBs,یQ
7,,9600626,,,,,ɒBs,یR
7,,9600627,,,,,ɒBs,یS
7,,9600615,,,,,ɒBs,یT
7,,9600616,,,,,ɒBs,یU
7,,9600617,,,,,ɒBs,یV
7,,9600618,,,,,ɒBs,یW
7,,9600619,,,,,ɒBs,یX
7,,9600607,,,,,ɒBs,یPO
7,,9600608,,,,,ɒBs,یPP
7,,9600609,,,,,ɒBs,یPQ
7,,9600669,,,,,ɒBs,یԋ
7,,9600687,,,,,ɒBs,ی
7,,9600679,,,,,ɒBs,یJn
7,,9600653,,,,,ɒBs,ی
7,,9600622,,,,,ɒBs,یs
7,,9600614,,,,,ɒBs,ی֑O
7,,9600613,,,,,ɒBs,ی
7,,9600634,,,,,ɒBs,ی
7,,9600632,,,,,ɒBs,ی嗧
7,,9600664,,,,,ɒBs,یc
7,,9600675,,,,,ɒBs,ی
7,,9600665,,,,,ɒBs,ی
7,,9600654,,,,,ɒBs,ی
7,,9600651,,,,,ɒBs,ی
7,,9600661,,,,,ɒBs,یc
7,,9600674,,,,,ɒBs,ی
7,,9600684,,,,,ɒBs,یی
7,,9600668,,,,,ɒBs,یG
7,,9600638,,,,,ɒBs,یk͌
7,,9600678,,,,,ɒBs,ی
7,,9600602,,,,,ɒBs,یv
7,,9600685,,,,,ɒBs,ی
7,,9600647,,,,,ɒBs,یW
7,,9600601,,,,,ɒBs,یh
7,,9600649,,,,,ɒBs,ی
7,,9600643,,,,,ɒBs,ی͌
7,,9600672,,,,,ɒBs,ی
7,,9600637,,,,,ɒBs,ی
7,,9600611,,,,,ɒBs,یm
7,,9600676,,,,,ɒBs,ی犠
7,,9600645,,,,,ɒBs,ی
7,,9600683,,,,,ɒBs,یc
7,,9600686,,,,,ɒBs,ی|
7,,9600606,,,,,ɒBs,یS{
7,,9600681,,,,,ɒBs,ی
7,,9600682,,,,,ɒBs,یx
7,,9600644,,,,,ɒBs,یLc
7,,9600631,,,,,ɒBs,ی
7,,9600657,,,,,ɒBs,ی
7,,9600621,,,,,ɒBs,ی
7,,9600633,,,,,ɒBs,یc
7,,9600650,,,,,ɒBs,یVc
7,,9600641,,,,,ɒBs,یL
7,,9600659,,,,,ɒBs,یm
7,,9600652,,,,,ɒBs,ی
7,,9600673,,,,,ɒBs,ی
7,,9600662,,,,,ɒBs,یc
7,,9600667,,,,,ɒBs,ی
7,,9600635,,,,,ɒBs,ی
7,,9600648,,,,,ɒBs,یW
7,,9600646,,,,,ɒBs,ی
7,,9600642,,,,,ɒBs,یL
7,,9600671,,,,,ɒBs,ی
7,,9600663,,,,,ɒBs,یM
7,,9600658,,,,,ɒBs,یÐ[
7,,9600603,,,,,ɒBs,یÒ
7,,9600623,,,,,ɒBs,یOc
7,,9600688,,,,,ɒBs,ی݂
7,,9600628,,,,,ɒBs,ی
7,,9600655,,,,,ɒBs,ی{
7,,9600612,,,,,ɒBs,ی{
7,,9600666,,,,,ɒBs,ی
7,,9600604,,,,,ɒBs,ی
7,,9600605,,,,,ɒBs,ی
7,,9600656,,,,,ɒBs,ی
7,,9600636,,,,,ɒBs,یa
7,,9600629,,,,,ɒBs,ی퐶
7,,9600644,,,,,ɒBs,یL
7,,9600639,,,,,ɒBs,یZV
7,,9600677,,,,,ɒBs,یc
7,,9600481,,,,,ɒBs,xؒ[
7,,9600403,,,,,ɒBs,O쌴
7,,9600436,,,,,ɒBs,Oc
7,,9600402,,,,,ɒBs,
7,,9600464,,,,,ɒBs,x
7,,9600413,,,,,ɒBs,{O
7,,9600462,,,,,ɒBs,{
7,,9600448,,,,,ɒBs,~
7,,9600756,,,,,ɒBs,쒬t
7,,9600725,,,,,ɒBs,쒬Ԍܗ
7,,9600723,,,,,ɒBs,쒬ʖ
7,,9600711,,,,,ɒBs,쒬
7,,9600701,,,,,ɒBs,쒬܏\
7,,9600774,,,,,ɒBs,쒬Έ
7,,9600764,,,,,ɒBs,쒬뒚c
7,,9600745,,,,,ɒBs,쒬E钬
7,,9600744,,,,,ɒBs,쒬
7,,9600723,,,,,ɒBs,쒬R
7,,9600727,,,,,ɒBs,쒬㒬
7,,9600746,,,,,ɒBs,쒬吴
7,,9600765,,,,,ɒBs,쒬
7,,9600715,,,,,ɒBs,쒬
7,,9600741,,,,,ɒBs,쒬咬
7,,9600712,,,,,ɒBs,쒬䔪Y
7,,9600723,,,,,ɒBs,쒬㑫ʖ
7,,9600753,,,,,ɒBs,쒬쌴
7,,9600772,,,,,ɒBs,쒬㊄c
7,,9600724,,,,,ɒBs,쒬kV
7,,9600726,,,,,ɒBs,쒬k
7,,9600706,,,,,ɒBs,쒬kJ
7,,9600781,,,,,ɒBs,쒬k{
7,,9600729,,,,,ɒBs,쒬]Pu
7,,9600773,,,,,ɒBs,쒬ܔc
7,,9600785,,,,,ɒBs,쒬
7,,9600757,,,,,ɒBs,쒬K
7,,9600754,,,,,ɒBs,쒬h
7,,9600736,,,,,ɒBs,쒬x
7,,9600758,,,,,ɒBs,쒬
7,,9600723,,,,,ɒBs,쒬R
7,,9600775,,,,,ɒBs,쒬lΎ
7,,9600742,,,,,ɒBs,쒬
7,,9600711,,,,,ɒBs,쒬쌴
7,,9600733,,,,,ɒBs,쒬Ҋ
7,,9600716,,,,,ɒBs,쒬c
7,,9600721,,,,,ɒBs,쒬
7,,9600763,,,,,ɒBs,쒬哹
7,,9600784,,,,,ɒBs,쒬c
7,,9600762,,,,,ɒBs,쒬Og
7,,9600734,,,,,ɒBs,쒬PR
7,,9600735,,,,,ɒBs,쒬߃P
7,,9600728,,,,,ɒBs,쒬V_O
7,,9600731,,,,,ɒBs,쒬V_
7,,9600778,,,,,ɒBs,쒬`
7,,9600755,,,,,ɒBs,쒬v
7,,9600782,,,,,ɒBs,쒬
7,,9600709,,,,,ɒBs,쒬
7,,9600777,,,,,ɒBs,쒬y
7,,9600767,,,,,ɒBs,쒬Vc
7,,9600718,,,,,ɒBs,쒬
7,,9600702,,,,,ɒBs,쒬}
7,,9600708,,,,,ɒBs,쒬
7,,9600776,,,,,ɒBs,쒬y
7,,9600759,,,,,ɒBs,쒬L
7,,9600769,,,,,ɒBs,쒬M
7,,9600704,,,,,ɒBs,쒬M
7,,9600751,,,,,ɒBs,쒬Ò
7,,9600766,,,,,ɒBs,쒬גJ
7,,9600747,,,,,ɒBs,쒬
7,,9600732,,,,,ɒBs,쒬쒬
7,,9600707,,,,,ɒBs,쒬쒬J
7,,9600786,,,,,ɒBs,쒬{
7,,9600717,,,,,ɒBs,쒬쌴
7,,9600743,,,,,ɒBs,쒬w
7,,9600705,,,,,ɒBs,쒬M
7,,9600783,,,,,ɒBs,쒬{
7,,9600713,,,,,ɒBs,쒬
7,,9600719,,,,,ɒBs,쒬ȂHƒcn
7,,9600768,,,,,ɒBs,쒬c
7,,9600787,,,,,ɒBs,쒬R
7,,9600703,,,,,ɒBs,쒬RM
7,,9600722,,,,,ɒBs,쒬
7,,9600760,,,,,ɒBs,쒬z
7,,9600752,,,,,ɒBs,쒬ls
7,,9600483,,,,,ɒBs,
7,,9600438,,,,,ɒBs,c
7,,9600807,,,,,ɒBs,RΓc
7,,9600803,,,,,ɒBs,R
7,,9600804,,,,,ɒBs,R
7,,9600801,,,,,ɒBs,R|c
7,,9600809,,,,,ɒBs,R㏬
7,,9600808,,,,,ɒBs,R
7,,9600805,,,,,ɒBs,R
7,,9600806,,,,,ɒBs,RR˓c
7,,9600802,,,,,ɒBs,RR
7,,9600486,,,,,ɒBs,Zp
7,,9691100,,,,,{{s,ȉɌfڂȂꍇ
7,,9691107,,,,,{{s,c
7,,9691104,,,,,{{s,r
7,,9691201,,,,,{{s,
7,,9691106,,,,,{{s,⍪
7,,9691203,,,,,{{s,
7,,9691105,,,,,{{s,։
7,,9691101,,,,,{{s,
7,,9691206,,,,,{{s,
7,,9691103,,,,,{{s,mc
7,,9691204,,,,,{{s,f
7,,9691202,,,,,{{s,
7,,9691176,,,,,{{s,{{ԍ
7,,9691158,,,,,{{s,{{V
7,,9691125,,,,,{{s,{{r
7,,9691139,,,,,{{s,{{Β
7,,9691112,,,,,{{s,{{|
7,,9691166,,,,,{{s,{{ߍ]
7,,9691144,,,,,{{s,{{X
7,,9691159,,,,,{{s,{{
7,,9691159,,,,,{{s,{{זk
7,,9691161,,,,,{{s,{{
7,,9691129,,,,,{{s,{{b
7,,9691141,,,,,{{s,{{J
7,,9691142,,,,,{{s,{{J
7,,9691117,,,,,{{s,{{mqc
7,,9691152,,,,,{{s,{{瑩
7,,9691134,,,,,{{s,{{㒬
7,,9691155,,,,,{{s,{{S
7,,9691162,,,,,{{s,{{k쌴c
7,,9691172,,,,,{{s,{{km
7,,9691167,,,,,{{s,{{kR_
7,,9691136,,,,,{{s,{{
7,,9691169,,,,,{{s,{{c
7,,9691148,,,,,{{s,{{hc
7,,9691111,,,,,{{s,{{c
7,,9691111,,,,,{{s,{{c
7,,9691154,,,,,{{s,{{c
7,,9691153,,,,,{{s,{{c
7,,9691176,,,,,{{s,{{n
7,,9691118,,,,,{{s,{{
7,,9691132,,,,,{{s,{{
7,,9691158,,,,,{{s,{{փm@
7,,9691163,,,,,{{s,{{
7,,9691156,,,,,{{s,{{zK
7,,9691114,,,,,{{s,{{֍
7,,9691157,,,,,{{s,{{
7,,9691152,,,,,{{s,{{瑩
7,,9691155,,,,,{{s,{{
7,,9691122,,,,,{{s,{{咬
7,,9691175,,,,,{{s,{{|
7,,9691115,,,,,{{s,{{
7,,9691121,,,,,{{s,{{ڃmz
7,,9691128,,,,,{{s,{{ڒ
7,,9691157,,,,,{{s,{{c
7,,9691137,,,,,{{s,{{Y
7,,9691151,,,,,{{s,{{c
7,,9691135,,,,,{{s,{{y
7,,9691127,,,,,{{s,{{SC
7,,9691171,,,,,{{s,{{m
7,,9691167,,,,,{{s,{{~
7,,9691164,,,,,{{s,{{ˍ
7,,9691109,,,,,{{s,{{x
7,,9691133,,,,,{{s,{{
7,,9691165,,,,,{{s,{{
7,,9691173,,,,,{{s,{{
7,,9691173,,,,,{{s,{{
7,,9691124,,,,,{{s,{{
7,,9691175,,,,,{{s,{{
7,,9691175,,,,,{{s,{{e
7,,9691156,,,,,{{s,{{c
7,,9691138,,,,,{{s,{{
7,,9691147,,,,,{{s,{{Ԓ
7,,9691126,,,,,{{s,{{n
7,,9691149,,,,,{{s,{{
7,,9691123,,,,,{{s,{{
7,,9691123,,,,,{{s,{{
7,,9691168,,,,,{{s,{{b
7,,9691155,,,,,{{s,{{_c
7,,9691158,,,,,{{s,{{
7,,9691135,,,,,{{s,{{gc
7,,9691159,,,,,{{s,{{L
7,,9691155,,,,,{{s,{{
7,,9691116,,,,,{{s,{{ٓV
7,,9691113,,,,,{{s,{{V~
7,,9691108,,,,,{{s,{{x
7,,9691162,,,,,{{s,{{͌c
7,,9691174,,,,,{{s,{{m
7,,9691131,,,,,{{s,{{쒬
7,,9691146,,,,,{{s,{{R_
7,,9691119,,,,,{{s,{{m
7,,9691143,,,,,{{s,{{Rc
7,,9691129,,,,,{{s,{{
7,,9691145,,,,,{{s,{{у
7,,9691205,,,,,{{s,ac
7,,9691600,,,,,ɒBSKܒ,ȉɌfڂȂꍇ
7,,9691633,,,,,ɒBSKܒ,ԍ
7,,9691633,,,,,ɒBSKܒ,ꗢd
7,,9691603,,,,,ɒBSKܒ,㒬
7,,9691623,,,,,ɒBSKܒ,a
7,,9691634,,,,,ɒBSKܒ,
7,,9691661,,,,,ɒBSKܒ,S
7,,9691619,,,,,ɒBSKܒ,
7,,9691642,,,,,ɒBSKܒ,kc
7,,9691601,,,,,ɒBSKܒ,k
7,,9691635,,,,,ɒBSKܒ,ύ
7,,9691618,,,,,ɒBSKܒ,ɏ
7,,9691613,,,,,ɒBSKܒ,K
7,,9691633,,,,,ɒBSKܒ,E
7,,9691615,,,,,ɒBSKܒ,
7,,9691608,,,,,ɒBSKܒ,Œ
7,,9691662,,,,,ɒBSKܒ,S
7,,9691631,,,,,ɒBSKܒ,
7,,9691628,,,,,ɒBSKܒ,V
7,,9691617,,,,,ɒBSKܒ,w
7,,9691625,,,,,ɒBSKܒ,Vg
7,,9691624,,,,,ɒBSKܒ,Va
7,,9691634,,,,,ɒBSKܒ,mO
7,,9691634,,,,,ɒBSKܒ,q
7,,9691627,,,,,ɒBSKܒ,zK
7,,9691605,,,,,ɒBSKܒ,
7,,9691604,,,,,ɒBSKܒ,
7,,9691632,,,,,ɒBSKܒ,cA
7,,9691616,,,,,ɒBSKܒ,
7,,9691663,,,,,ɒBSKܒ,ɒB
7,,9691626,,,,,ɒBSKܒ,
7,,9691621,,,,,ɒBSKܒ,O
7,,9691652,,,,,ɒBSKܒ,c
7,,9691612,,,,,ɒBSKܒ,
7,,9691607,,,,,ɒBSKܒ,i
7,,9691629,,,,,ɒBSKܒ,
7,,9691611,,,,,ɒBSKܒ,
7,,9691606,,,,,ɒBSKܒ,i
7,,9691635,,,,,ɒBSKܒ,
7,,9691654,,,,,ɒBSKܒ,
7,,9691602,,,,,ɒBSKܒ,
7,,9691653,,,,,ɒBSKܒ,
7,,9691651,,,,,ɒBSKܒ,
7,,9691641,,,,,ɒBSKܒ,씼c
7,,9691622,,,,,ɒBSKܒ,쒬
7,,9691614,,,,,ɒBSKܒ,{
7,,9691643,,,,,ɒBSKܒ,Jn
7,,9691631,,,,,ɒBSKܒ,
7,,9691700,,,,,ɒBS,ȉɌfڂȂꍇ
7,,9691701,,,,,ɒBS,Εc
7,,9691782,,,,,ɒBS,c
7,,9691785,,,,,ɒBS,
7,,9691781,,,,,ɒBS,J
7,,9691713,,,,,ɒBS,،
7,,9691711,,,,,ɒBS,Lc
7,,9691721,,,,,ɒBS,
7,,9691712,,,,,ɒBS,
7,,9691784,,,,,ɒBS,
7,,9691788,,,,,ɒBS,
7,,9691786,,,,,ɒBS,Vc
7,,9691780,,,,,ɒBS,VJ
7,,9691787,,,,,ɒBS,V
7,,9691789,,,,,ɒBS,V
7,,9691714,,,,,ɒBS,
7,,9691751,,,,,ɒBS,˖
7,,9691741,,,,,ɒBS,]
7,,9691783,,,,,ɒBS,
7,,9691722,,,,,ɒBS,}
7,,9691761,,,,,ɒBS,c
7,,9691731,,,,,ɒBS,XR
7,,9691771,,,,,ɒBS,R
7,,9601400,,,,,ɒBS얓,ȉɌfڂȂꍇ
7,,9601465,,,,,ɒBS얓,ԍ
7,,9601409,,,,,ɒBS얓,HR
7,,9601401,,,,,ɒBS얓,э
7,,9601423,,,,,ɒBS얓,rm
7,,9601476,,,,,ɒBS얓,ΐ
7,,9601414,,,,,ɒBS얓,
7,,9601452,,,,,ɒBS얓,c
7,,9601485,,,,,ɒBS얓,CVP
7,,9601484,,,,,ɒBS얓,_
7,,9601443,,,,,ɒBS얓,
7,,9601435,,,,,ɒBS얓,
7,,9601431,,,,,ɒBS얓,吴
7,,9601403,,,,,ɒBS얓,j
7,,9601489,,,,,ɒBS얓,
7,,9601429,,,,,ɒBS얓,
7,,9601478,,,,,ɒBS얓,Ǒ
7,,9601436,,,,,ɒBS얓,쌴c
7,,9601453,,,,,ɒBS얓,
7,,9601472,,,,,ɒBS얓,P
7,,9601477,,,,,ɒBS얓,qP
7,,9601442,,,,,ɒBS얓,
7,,9601407,,,,,ɒBS얓,_
7,,9601434,,,,,ɒBS얓,
7,,9601402,,,,,ɒBS얓,j
7,,9601428,,,,,ɒBS얓,ܕSc
7,,9601473,,,,,ɒBS얓,P
7,,9601487,,,,,ɒBS얓,OSc
7,,9601486,,,,,ɒBS얓,q
7,,9601433,,,,,ɒBS얓,˃mc
7,,9601488,,,,,ɒBS얓,Vc
7,,9601422,,,,,ɒBS얓,V
7,,9601425,,,,,ɒBS얓,V{
7,,9601455,,,,,ɒBS얓,|m
7,,9601446,,,,,ɒBS얓,
7,,9601416,,,,,ɒBS얓,ڃm
7,,9601427,,,,,ɒBS얓,im
7,,9601483,,,,,ɒBS얓,P
7,,9601406,,,,,ɒBS얓,ߑ
7,,9601421,,,,,ɒBS얓,S{
7,,9601424,,,,,ɒBS얓,v
7,,9601462,,,,,ɒBS얓,O
7,,9601468,,,,,ɒBS얓,V_
7,,9601463,,,,,ɒBS얓,m
7,,9601469,,,,,ɒBS얓,
7,,9601445,,,,,ɒBS얓,
7,,9601456,,,,,ɒBS얓,
7,,9601412,,,,,ɒBS얓,m
7,,9601481,,,,,ɒBS얓,E
7,,9601474,,,,,ɒBS얓,
7,,9601415,,,,,ɒBS얓,m䒬
7,,9601471,,,,,ɒBS얓,˃m
7,,9601404,,,,,ɒBS얓,
7,,9601444,,,,,ɒBS얓,{
7,,9601417,,,,,ɒBS얓,{
7,,9601454,,,,,ɒBS얓,c
7,,9601408,,,,,ɒBS얓,Hc
7,,9601475,,,,,ɒBS얓,
7,,9601432,,,,,ɒBS얓,吴
7,,9601405,,,,,ɒBS얓,
7,,9601413,,,,,ɒBS얓,L
7,,9601426,,,,,ɒBS얓,ac
7,,9601411,,,,,ɒBS얓,דc
7,,9601441,,,,,ɒBS얓,
7,,9601467,,,,,ɒBS얓,{m
7,,9601464,,,,,ɒBS얓,{me
7,,9601466,,,,,ɒBS얓,{O
7,,9601461,,,,,ɒBS얓,{
7,,9601451,,,,,ɒBS얓,{
7,,9601482,,,,,ɒBS얓,~
7,,9601501,,,,,ɒBS얓,R؉
7,,9691300,,,,,BSʑ,ȉɌfڂȂꍇ
7,,9691301,,,,,BSʑ,R
7,,9640091,,,,,BSʑ,ʈinꕽj
7,,9691302,,,,,BSʑ,ʈȋj
7,,9690400,,,,,␣SΒ,ȉɌfڂȂꍇ
7,,9690404,,,,,␣SΒ,
7,,9690402,,,,,␣SΒ,ȓ
7,,9690401,,,,,␣SΒ,rm
7,,9690401,,,,,␣SΒ,r
7,,9690402,,,,,␣SΒ,{
7,,9690404,,,,,␣SΒ,R
7,,9690401,,,,,␣SΒ,m
7,,9690404,,,,,␣SΒ,̑
7,,9690401,,,,,␣SΒ,c
7,,9690401,,,,,␣SΒ,
7,,9690404,,,,,␣SΒ,}
7,,9690404,,,,,␣SΒ,}Ό
7,,9690401,,,,,␣SΒ,
7,,9690401,,,,,␣SΒ,V
7,,9690403,,,,,␣SΒ,؏h
7,,9690401,,,,,␣SΒ,蒬
7,,9690402,,,,,␣SΒ,͌
7,,9690402,,,,,␣SΒ,k
7,,9690403,,,,,␣SΒ,v
7,,9690403,,,,,␣SΒ,vΓ
7,,9690403,,,,,␣SΒ,IR
7,,9690401,,,,,␣SΒ,ܓl
7,,9690401,,,,,␣SΒ,
7,,9690403,,,,,␣SΒ,
7,,9690401,,,,,␣SΒ,
7,,9690403,,,,,␣SΒ,m
7,,9690402,,,,,␣SΒ,V
7,,9690402,,,,,␣SΒ,zK
7,,9690401,,,,,␣SΒ,vc
7,,9690404,,,,,␣SΒ,
7,,9690403,,,,,␣SΒ,O
7,,9690404,,,,,␣SΒ,L
7,,9690404,,,,,␣SΒ,L
7,,9690401,,,,,␣SΒ,Lc
7,,9690404,,,,,␣SΒ,
7,,9690402,,,,,␣SΒ,c
7,,9690402,,,,,␣SΒ,c
7,,9690402,,,,,␣SΒ,c
7,,9690401,,,,,␣SΒ,mc
7,,9690404,,,,,␣SΒ,H
7,,9690401,,,,,␣SΒ,
7,,9690402,,,,,␣SΒ,͌
7,,9690404,,,,,␣SΒ,
7,,9690401,,,,,␣SΒ,[
7,,9690401,,,,,␣SΒ,s
7,,9690404,,,,,␣SΒ,x
7,,9690401,,,,,␣SΒ,OR
7,,9690404,,,,,␣SΒ,Β
7,,9690401,,,,,␣SΒ,썂vc
7,,9690404,,,,,␣SΒ,쒬
7,,9690401,,,,,␣SΒ,{
7,,9620500,,,,,␣SVh,ȉɌfڂȂꍇ
7,,9620512,,,,,␣SVh,іL
7,,9620504,,,,,␣SVh,嗢
7,,9620516,,,,,␣SVh,
7,,9620513,,,,,␣SVh,
7,,9620514,,,,,␣SVh,`V
7,,9620502,,,,,␣SVh,㏼{
7,,9620503,,,,,␣SVh,{
7,,9620511,,,,,␣SVh,q
7,,9620515,,,,,␣SVh,
7,,9620622,,,,,␣SVh,cǔ
7,,9620623,,,,,␣SVh,H
7,,9620501,,,,,␣SVh,qV
7,,9620621,,,,,␣SVh,{
7,,9695300,,,,,ÌS,ȉɌfڂȂꍇ
7,,9695333,,,,,ÌS,
7,,9695315,,,,,ÌS,r
7,,9695331,,,,,ÌS,Sc
7,,9695316,,,,,ÌS,Έ
7,,9695318,,,,,ÌS,
7,,9695326,,,,,ÌS,hx
7,,9695202,,,,,ÌS,}
7,,9695207,,,,,ÌS,
7,,9695205,,,,,ÌS,
7,,9695334,,,,,ÌS,叼
7,,9695343,,,,,ÌS,
7,,9695342,,,,,ÌS,
7,,9695208,,,,,ÌS,
7,,9695323,,,,,ÌS,K
7,,9695321,,,,,ÌS,
7,,9695344,,,,,ÌS,c
7,,9695345,,,,,ÌS,
7,,9695317,,,,,ÌS,us
7,,9695203,,,,,ÌS,
7,,9695201,,,,,ÌS,
7,,9695312,,,,,ÌS,ː
7,,9695311,,,,,ÌS,L
7,,9695332,,,,,ÌS,
7,,9695325,,,,,ÌS,R
7,,9695335,,,,,ÌS,q
7,,9695341,,,,,ÌS,ېVc
7,,9695313,,,,,ÌS,
7,,9695314,,,,,ÌS,e
7,,9695204,,,,,ÌS,ܓ
7,,9695324,,,,,ÌS,
7,,9695206,,,,,ÌS,
7,,9695322,,,,,ÌS,̖
7,,9670500,,,,,ÌSw},ȉɌfڂȂꍇ
7,,9670521,,,,,ÌSw},
7,,9670524,,,,,ÌSw},m
7,,9670532,,,,,ÌSw},
7,,9670522,,,,,ÌSw},m
7,,9670523,,,,,ÌSw},m
7,,9670525,,,,,ÌSw},m
7,,9670526,,,,,ÌSw},
7,,9670531,,,,,ÌSw},Px
7,,9670527,,,,,ÌSw},
7,,9670528,,,,,ÌSw},уP
7,,9680400,,,,,ÌS,ȉɌfڂȂꍇ
7,,9680443,,,,,ÌS,r
7,,9680422,,,,,ÌS,Ε
7,,9680602,,,,,ÌS,q
7,,9680434,,,,,ÌS,
7,,9680415,,,,,ÌS,
7,,9680445,,,,,ÌS,T
7,,9680414,,,,,ÌS,
7,,9680444,,,,,ÌS,Fq
7,,9680432,,,,,ÌS,
7,,9680441,,,,,ÌS,J
7,,9680601,,,,,ÌS,
7,,9680606,,,,,ÌS,c
7,,9680411,,,,,ÌS,
7,,9680604,,,,,ÌS,m
7,,9680412,,,,,ÌS,\
7,,9680423,,,,,ÌS,cqq
7,,9680421,,,,,ÌS,
7,,9680442,,,,,ÌS,l
7,,9680431,,,,,ÌS,
7,,9680605,,,,,ÌS,񌬍݉
7,,9680433,,,,,ÌS,
7,,9680607,,,,,ÌS,z
7,,9680603,,,,,ÌS,
7,,9680413,,,,,ÌS,
7,,9670000,,,,,ÌSÒ,ȉɌfڂȂꍇ
7,,9670507,,,,,ÌSÒ,
7,,9670605,,,,,ÌSÒ,
7,,9670341,,,,,ÌSÒ,
7,,9670321,,,,,ÌSÒ,䌅
7,,9670641,,,,,ÌSÒ,ac
7,,9670014,,,,,ÌSÒ,
7,,9670317,,,,,ÌSÒ,ɗ^
7,,9670323,,,,,ÌSÒ,≺
7,,9670511,,,,,ÌSÒ,
7,,9670319,,,,,ÌSÒ,v
7,,9670603,,,,,ÌSÒ,Vc
7,,9670604,,,,,ÌSÒ,勴
7,,9670513,,,,,ÌSÒ,匴
7,,9670515,,,,,ÌSÒ,响
7,,9670331,,,,,ÌSÒ,
7,,9670642,,,,,ÌSÒ,쓇
7,,9670335,,,,,ÌSÒ,L
7,,9670632,,,,,ÌSÒ,ЊL
7,,9670024,,,,,ÌSÒ,
7,,9670344,,,,,ÌSÒ,~m
7,,9670346,,,,,ÌSÒ,
7,,9670012,,,,,ÌSÒ,쓇
7,,9670601,,,,,ÌSÒ,ؕ
7,,9670011,,,,,ÌSÒ,I
7,,9670021,,,,,ÌSÒ,
7,,9670506,,,,,ÌSÒ,
7,,9670343,,,,,ÌSÒ,
7,,9670514,,,,,ÌSÒ,
7,,9670631,,,,,ÌSÒ,E
7,,9670022,,,,,ÌSÒ,]
7,,9670302,,,,,ÌSÒ,m
7,,9670025,,,,,ÌSÒ,Ð
7,,9670634,,,,,ÌSÒ,R
7,,9670322,,,,,ÌSÒ,
7,,9670503,,,,,ÌSÒ,
7,,9670311,,,,,ÌSÒ,Vc
7,,9670307,,,,,ÌSÒ,
7,,9670342,,,,,ÌSÒ,ؐ
7,,9670013,,,,,ÌSÒ,֖{
7,,9670315,,,,,ÌSÒ,
7,,9670015,,,,,ÌSÒ,ꌴ
7,,9670004,,,,,ÌSÒ,c
7,,9670502,,,,,ÌSÒ,X
7,,9670301,,,,,ÌSÒ,̂
7,,9670002,,,,,ÌSÒ,c
7,,9670007,,,,,ÌSÒ,O
7,,9670332,,,,,ÌSÒ,p
7,,9670016,,,,,ÌSÒ,
7,,9670621,,,,,ÌSÒ,
7,,9670345,,,,,ÌSÒ,ؑ
7,,9670305,,,,,ÌSÒ,˒
7,,9670633,,,,,ÌSÒ,xR
7,,9670005,,,,,ÌSÒ,r
7,,9670006,,,,,ÌSÒ,ic
7,,9670001,,,,,ÌSÒ,
7,,9670312,,,,,ÌSÒ,l
7,,9670512,,,,,ÌSÒ,Օ
7,,9670504,,,,,ÌSÒ,l
7,,9670026,,,,,ÌSÒ,j
7,,9670324,,,,,ÌSÒ,ԉ
7,,9670023,,,,,ÌSÒ,đ
7,,9670303,,,,,ÌSÒ,n
7,,9670501,,,,,ÌSÒ,Ò
7,,9670306,,,,,ÌSÒ,O
7,,9670304,,,,,ÌSÒ,ˌ
7,,9670003,,,,,ÌSÒ,
7,,9670602,,,,,ÌSÒ,
7,,9670334,,,,,ÌSÒ,
7,,9670347,,,,,ÌSÒ,{
7,,9670505,,,,,ÌSÒ,{
7,,9670622,,,,,ÌSÒ,{
7,,9670313,,,,,ÌSÒ,X
7,,9670318,,,,,ÌSÒ,؃m
7,,9670314,,,,,ÌSÒ,
7,,9670611,,,,,ÌSÒ,R
7,,9670333,,,,,ÌSÒ,m
7,,9670336,,,,,ÌSÒ,g
7,,9660400,,,,,떃Sk,ȉɌfڂȂꍇ
7,,9660402,,,,,떃Sk,剖
7,,9660404,,,,,떃Sk,kR
7,,9660405,,,,,떃Sk,g
7,,9660403,,,,,떃Sk,։
7,,9660501,,,,,떃Sk,wiARA܏\AmRAmAOA扺AOA
7,,9660501,,,,,떃Sk,AAAAAؕAČjRAَRj
7,,9660401,,,,,떃Sk,wiYqAYq򌴁AזA쉩AA쉩ARAARA
7,,9660401,,,,,떃Sk,ARj
7,,9692701,,,,,떃Sk,wiHArRA֒A{AA쌴APAϑXA
7,,9692701,,,,,떃Sk,ܐFArYRA]RARA֕RARAʕRj
7,,9694400,,,,,떃SÒ,ȉɌfڂȂꍇ
7,,9694734,,,,,떃SÒ,ї
7,,9694732,,,,,떃SÒ,ё
7,,9694731,,,,,떃SÒ,э
7,,9694733,,,,,떃SÒ,j
7,,9694737,,,,,떃SÒ,썂z
7,,9694735,,,,,떃SÒ,L
7,,9694736,,,,,떃SÒ,쌳
7,,9694402,,,,,떃SÒ,{
7,,9694512,,,,,떃SÒ,K
7,,9694405,,,,,떃SÒ,J
7,,9694515,,,,,떃SÒ,K
7,,9694622,,,,,떃SÒ,V
7,,9694623,,,,,떃SÒ,VLF
7,,9694621,,,,,떃SÒ,Vym
7,,9694624,,,,,떃SÒ,VO
7,,9694403,,,,,떃SÒ,
7,,9694401,,,,,떃SÒ,o
7,,9694406,,,,,떃SÒ,
7,,9694514,,,,,떃SÒ,
7,,9694513,,,,,떃SÒ,≮~
7,,9694404,,,,,떃SÒ,r
7,,9694511,,,,,떃SÒ,Q
7,,9693300,,,,,떃S֒,ȉɌfڂȂꍇ
7,,9693303,,,,,떃S֒,Ԏ}
7,,9693304,,,,,떃S֒,J
7,,9693302,,,,,떃S֒,X
7,,9693301,,,,,떃S֒,֒
7,,9693100,,,,,떃Sc㒬,ȉɌfڂȂꍇ
7,,9693121,,,,,떃Sc㒬,
7,,9693122,,,,,떃Sc㒬,V
7,,9693101,,,,,떃Sc㒬,ƃmO
7,,9693111,,,,,떃Sc㒬,
7,,9693111,,,,,떃Sc㒬,o_d
7,,9693111,,,,,떃Sc㒬,k
7,,9693131,,,,,떃Sc㒬,
7,,9693141,,,,,떃Sc㒬,֗
7,,9693286,,,,,떃Sc㒬,֍
7,,9693101,,,,,떃Sc㒬,mR
7,,9693102,,,,,떃Sc㒬,EߎR
7,,9693121,,,,,떃Sc㒬,
7,,9693111,,,,,떃Sc㒬,c
7,,9693111,,,,,떃Sc㒬,c
7,,9693113,,,,,떃Sc㒬,哹
7,,9693101,,,,,떃Sc㒬,Jn
7,,9693285,,,,,떃Sc㒬,
7,,9693111,,,,,떃Sc㒬,
7,,9693283,,,,,떃Sc㒬,c
7,,9693121,,,,,떃Sc㒬,Iqe
7,,9693122,,,,,떃Sc㒬,JLc
7,,9693122,,,,,떃Sc㒬,KMc
7,,9693101,,,,,떃Sc㒬,
7,,9693132,,,,,떃Sc㒬,c
7,,9692272,,,,,떃Sc㒬,c
7,,9693103,,,,,떃Sc㒬,싫
7,,9693121,,,,,떃Sc㒬,Uc
7,,9693103,,,,,떃Sc㒬,㑺O
7,,9693103,,,,,떃Sc㒬,㑺
7,,9693131,,,,,떃Sc㒬,㉮~
7,,9692663,,,,,떃Sc㒬,쌅
7,,9693101,,,,,떃Sc㒬,km
7,,9693113,,,,,떃Sc㒬,k
7,,9693101,,,,,떃Sc㒬,sld
7,,9693103,,,,,떃Sc㒬,˖ؑ
7,,9693111,,,,,떃Sc㒬,Ec
7,,9693111,,,,,떃Sc㒬,Em
7,,9693111,,,,,떃Sc㒬,E
7,,9693101,,,,,떃Sc㒬,O~
7,,9692752,,,,,떃Sc㒬,\{
7,,9693123,,,,,떃Sc㒬,Ï
7,,9693123,,,,,떃Sc㒬,Ï钬
7,,9693111,,,,,떃Sc㒬,Od
7,,9693111,,,,,떃Sc㒬,ܕS
7,,9693103,,,,,떃Sc㒬,ܗ֌
7,,9693122,,,,,떃Sc㒬,≺
7,,9693111,,,,,떃Sc㒬,d
7,,9693282,,,,,떃Sc㒬,_
7,,9693101,,,,,떃Sc㒬,aJ
7,,9693101,,,,,떃Sc㒬,
7,,9693101,,,,,떃Sc㒬,[
7,,9693131,,,,,떃Sc㒬,
7,,9693101,,,,,떃Sc㒬,ӑ
7,,9693101,,,,,떃Sc㒬,Ҋc
7,,9693123,,,,,떃Sc㒬,
7,,9693113,,,,,떃Sc㒬,Vn
7,,9693101,,,,,떃Sc㒬,Vxc
7,,9693131,,,,,떃Sc㒬,Vx
7,,9693101,,,,,떃Sc㒬,Vx
7,,9693103,,,,,떃Sc㒬,zKO
7,,9693103,,,,,떃Sc㒬,zK
7,,9693103,,,,,떃Sc㒬,zK
7,,9692273,,,,,떃Sc㒬,֓s
7,,9693101,,,,,떃Sc㒬,ԏ
7,,9693101,,,,,떃Sc㒬,ڑ
7,,9693113,,,,,떃Sc㒬,
7,,9693133,,,,,떃Sc㒬,c
7,,9693122,,,,,떃Sc㒬,˓c
7,,9693121,,,,,떃Sc㒬,Ë
7,,9693101,,,,,떃Sc㒬,yR
7,,9693112,,,,,떃Sc㒬,
7,,9693113,,,,,떃Sc㒬,牺
7,,9693113,,,,,떃Sc㒬,k
7,,9692274,,,,,떃Sc㒬,k
7,,9693123,,,,,떃Sc㒬,ߓc
7,,9693113,,,,,떃Sc㒬,ߕ
7,,9693112,,,,,떃Sc㒬,
7,,9693121,,,,,떃Sc㒬,
7,,9693113,,,,,떃Sc㒬,
7,,9693113,,,,,떃Sc㒬,ꓹ
7,,9693101,,,,,떃Sc㒬,y
7,,9692271,,,,,떃Sc㒬,
7,,9693112,,,,,떃Sc㒬,
7,,9693101,,,,,떃Sc㒬,
7,,9693101,,,,,떃Sc㒬,
7,,9693121,,,,,떃Sc㒬,ؐ
7,,9693113,,,,,떃Sc㒬,
7,,9693131,,,,,떃Sc㒬,
7,,9693281,,,,,떃Sc㒬,tR
7,,9693102,,,,,떃Sc㒬,
7,,9693111,,,,,떃Sc㒬,񒚓c
7,,9693111,,,,,떃Sc㒬,c
7,,9693101,,,,,떃Sc㒬,mq
7,,9693102,,,,,떃Sc㒬,LΎR
7,,9693103,,,,,떃Sc㒬,H
7,,9693113,,,,,떃Sc㒬,y
7,,9693113,,,,,떃Sc㒬,y
7,,9693113,,,,,떃Sc㒬,y
7,,9693103,,,,,떃Sc㒬,nmؑ
7,,9693112,,,,,떃Sc㒬,n
7,,9693103,,,,,떃Sc㒬,э
7,,9693102,,,,,떃Sc㒬,tR
7,,9693113,,,,,떃Sc㒬,
7,,9693111,,,,,떃Sc㒬,
7,,9693131,,,,,떃Sc㒬,Jn
7,,9693102,,,,,떃Sc㒬,
7,,9693101,,,,,떃Sc㒬,i
7,,9693287,,,,,떃Sc㒬,s
7,,9693112,,,,,떃Sc㒬,ٍ˓V
7,,9693101,,,,,떃Sc㒬,ӑ
7,,9693101,,,,,떃Sc㒬,
7,,9693103,,,,,떃Sc㒬,c
7,,9693122,,,,,떃Sc㒬,K
7,,9693121,,,,,떃Sc㒬,
7,,9693113,,,,,떃Sc㒬,
7,,9692661,,,,,떃Sc㒬,O
7,,9693101,,,,,떃Sc㒬,Oc
7,,9693284,,,,,떃Sc㒬,Oca
7,,9693113,,,,,떃Sc㒬,씼
7,,9693102,,,,,떃Sc㒬,H
7,,9693102,,,,,떃Sc㒬,HR
7,,9693111,,,,,떃Sc㒬,~
7,,9693101,,,,,떃Sc㒬,
7,,9693111,,,,,떃Sc㒬,
7,,9693111,,,,,떃Sc㒬,
7,,9693131,,,,,떃Sc㒬,
7,,9693101,,,,,떃Sc㒬,k
7,,9693122,,,,,떃Sc㒬,{
7,,9692662,,,,,떃Sc㒬,
7,,9693101,,,,,떃Sc㒬,R_
7,,9692275,,,,,떃Sc㒬,R
7,,9693121,,,,,떃Sc㒬,܂
7,,9693121,,,,,떃Sc㒬,}N
7,,9693141,,,,,떃Sc㒬,Zp
7,,9692751,,,,,떃Sc㒬,{
7,,9693288,,,,,떃Sc㒬,ȏ
7,,9696500,,,,,͏SÍ≺,ȉɌfڂȂꍇ
7,,9696517,,,,,͏SÍ≺,
7,,9696511,,,,,͏SÍ≺,
7,,9696518,,,,,͏SÍ≺,
7,,9696535,,,,,͏SÍ≺,ƃmO
7,,9696553,,,,,͏SÍ≺,Γc
7,,9696563,,,,,͏SÍ≺,sVb
7,,9696536,,,,,͏SÍ≺,sԍb
7,,9696543,,,,,͏SÍ≺,sԍb
7,,9696547,,,,,͏SÍ≺,sOԍb
7,,9696557,,,,,͏SÍ≺,slԍb
7,,9696562,,,,,͏SÍ≺,꒚cb
7,,9696566,,,,,͏SÍ≺,ג
7,,9696537,,,,,͏SÍ≺,剳
7,,9696576,,,,,͏SÍ≺,
7,,9696503,,,,,͏SÍ≺,F
7,,9696538,,,,,͏SÍ≺,WP
7,,9696523,,,,,͏SÍ≺,CV
7,,9696519,,,,,͏SÍ≺,rc
7,,9696573,,,,,͏SÍ≺,剫
7,,9696507,,,,,͏SÍ≺,
7,,9696544,,,,,͏SÍ≺,x쐼b
7,,9696534,,,,,͏SÍ≺,쌴
7,,9696525,,,,,͏SÍ≺,J
7,,9696581,,,,,͏SÍ≺,Ж
7,,9696575,,,,,͏SÍ≺,
7,,9696521,,,,,͏SÍ≺,
7,,9696538,,,,,͏SÍ≺,Ek
7,,9696541,,,,,͏SÍ≺,l\΍b
7,,9696538,,,,,͏SÍ≺,m㕸
7,,9696533,,,,,͏SÍ≺,m䉳
7,,9696534,,,,,͏SÍ≺,k쌴
7,,9696556,,,,,͏SÍ≺,ktb
7,,9696583,,,,,͏SÍ≺,C{
7,,9696542,,,,,͏SÍ≺,b
7,,9696514,,,,,͏SÍ≺,܍
7,,9696545,,,,,͏SÍ≺,ܔc
7,,9696526,,,,,͏SÍ≺,܃m
7,,9696556,,,,,͏SÍ≺,t
7,,9696586,,,,,͏SÍ≺,{
7,,9696555,,,,,͏SÍ≺,m
7,,9696541,,,,,͏SÍ≺,l\
7,,9696531,,,,,͏SÍ≺,
7,,9696528,,,,,͏SÍ≺,VJ
7,,9696553,,,,,͏SÍ≺,쒬b
7,,9696565,,,,,͏SÍ≺,yZ
7,,9696561,,,,,͏SÍ≺,哹
7,,9696533,,,,,͏SÍ≺,m
7,,9696582,,,,,͏SÍ≺,
7,,9696513,,,,,͏SÍ≺,
7,,9696552,,,,,͏SÍ≺,ڃmb
7,,9696551,,,,,͏SÍ≺,ڃm
7,,9696587,,,,,͏SÍ≺,
7,,9696548,,,,,͏SÍ≺,b
7,,9696524,,,,,͏SÍ≺,
7,,9696502,,,,,͏SÍ≺,ÐK
7,,9696574,,,,,͏SÍ≺,
7,,9696584,,,,,͏SÍ≺,
7,,9696544,,,,,͏SÍ≺,쒬b
7,,9696516,,,,,͏SÍ≺,
7,,9696564,,,,,͏SÍ≺,c
7,,9696562,,,,,͏SÍ≺,b
7,,9696501,,,,,͏SÍ≺,
7,,9696505,,,,,͏SÍ≺,V
7,,9696537,,,,,͏SÍ≺,m{
7,,9696512,,,,,͏SÍ≺,z
7,,9696567,,,,,͏SÍ≺,cb
7,,9696572,,,,,͏SÍ≺,H
7,,9696534,,,,,͏SÍ≺,b
7,,9696532,,,,,͏SÍ≺,O
7,,9696531,,,,,͏SÍ≺,b
7,,9696535,,,,,͏SÍ≺,~Y
7,,9696571,,,,,͏SÍ≺,
7,,9696527,,,,,͏SÍ≺,
7,,9696515,,,,,͏SÍ≺,O
7,,9696585,,,,,͏SÍ≺,D
7,,9696539,,,,,͏SÍ≺,Îs
7,,9696549,,,,,͏SÍ≺,ÒK
7,,9696542,,,,,͏SÍ≺,É~b
7,,9696546,,,,,͏SÍ≺,ȓc
7,,9696554,,,,,͏SÍ≺,m
7,,9696519,,,,,͏SÍ≺,OJ
7,,9696532,,,,,͏SÍ≺,
7,,9696506,,,,,͏SÍ≺,
7,,9696522,,,,,͏SÍ≺,{
7,,9696504,,,,,͏SÍ≺,
7,,9693500,,,,,͏S쑺,ȉɌfڂȂꍇ
7,,9693543,,,,,͏S쑺,
7,,9693554,,,,,͏S쑺,Fm
7,,9693545,,,,,͏S쑺,
7,,9693555,,,,,͏S쑺,
7,,9693544,,,,,͏S쑺,c
7,,9693556,,,,,͏S쑺,
7,,9693553,,,,,͏S쑺,c
7,,9693551,,,,,͏S쑺,
7,,9693541,,,,,͏S쑺,l
7,,9693552,,,,,͏S쑺,O
7,,9693546,,,,,͏S쑺,c
7,,9693542,,,,,͏S쑺,
7,,9697200,,,,,͏SÒ,ȉɌfڂȂꍇ
7,,9697206,,,,,͏SÒ,ђJ
7,,9697204,,,,,͏SÒ,q
7,,9697323,,,,,͏SÒ,
7,,9697325,,,,,͏SÒ,听
7,,9697202,,,,,͏SÒ,
7,,9697324,,,,,͏SÒ,
7,,9697203,,,,,͏SÒ,y
7,,9697312,,,,,͏SÒ,vۓc
7,,9697322,,,,,͏SÒ,
7,,9697205,,,,,͏SÒ,
7,,9697313,,,,,͏SÒ,܏~
7,,9697207,,,,,͏SÒ,
7,,9697321,,,,,͏SÒ,q
7,,9697326,,,,,͏SÒ,i
7,,9697208,,,,,͏SÒ,
7,,9697209,,,,,͏SÒ,ה
7,,9697314,,,,,͏SÒ,q
7,,9697201,,,,,͏SÒ,
7,,9697311,,,,,͏SÒ,ؑ
7,,9697315,,,,,͏SÒ,lJ
7,,9697500,,,,,SO,ȉɌfڂȂꍇ
7,,9697518,,,,,SO,
7,,9697407,,,,,SO,Γc
7,,9697517,,,,,SO,J
7,,9697516,,,,,SO,o
7,,9697515,,,,,SO,
7,,9697512,,,,,SO,K
7,,9697403,,,,,SO,R
7,,9697404,,,,,SO,
7,,9697405,,,,,SO,ꌴ
7,,9697514,,,,,SO,J
7,,9697402,,,,,SO,
7,,9697401,,,,,SO,
7,,9697406,,,,,SO,
7,,9697413,,,,,SO,Oiaj
7,,9697513,,,,,SO,Oȋj
7,,9697519,,,,,SO,ԕ
7,,9697511,,,,,SO,{
7,,9680000,,,,,SR,ȉɌfڂȂꍇ
7,,9680002,,,,,SR,IR
7,,9680005,,,,,SR,u
7,,9680326,,,,,SR,剖
7,,9680011,,,,,SR,
7,,9680012,,,,,SR,IR
7,,9680321,,,,,SR,z
7,,9680325,,,,,SR,
7,,9680324,,,,,SR,c
7,,9680014,,,,,SR,ʗ
7,,9680004,,,,,SR,Yz
7,,9680006,,,,,SR,
7,,9680015,,,,,SR,J
7,,9680003,,,,,SR,
7,,9680013,,,,,SR,
7,,9680016,,,,,SR,{
7,,9680001,,,,,SR,
7,,9680323,,,,,SR,R
7,,9680322,,,,,SR,c
7,,9680100,,,,,Sa,ȉɌfڂȂꍇ
7,,9680214,,,,,Sa,到
7,,9680211,,,,,Sa,
7,,9680212,,,,,Sa,
7,,9680104,,,,,Sa,Ð
7,,9680215,,,,,Sa,q
7,,9680103,,,,,Sa,Ð
7,,9680102,,,,,Sa,K
7,,9680101,,,,,Sa,R
7,,9680213,,,,,Sa,
7,,9696200,,,,,SÔ,ȉɌfڂȂꍇ
7,,9696272,,,,,SÔ,ԗ
7,,9696222,,,,,SÔ,s
7,,9696226,,,,,SÔ,
7,,9696221,,,,,SÔ,ْ[
7,,9696223,,,,,SÔ,
7,,9696225,,,,,SÔ,O
7,,9696224,,,,,SÔ,
7,,9696351,,,,,SÔ,c
7,,9696352,,,,,SÔ,c
7,,9696266,,,,,SÔ,c
7,,9696171,,,,,SÔ,r
7,,9696027,,,,,SÔ,rb
7,,9696161,,,,,SÔ,rO
7,,9696111,,,,,SÔ,Ɛ
7,,9696037,,,,,SÔ,Ɛb
7,,9696206,,,,,SÔ,ƃm
7,,9696112,,,,,SÔ,Ɠb
7,,9696151,,,,,SÔ,ΐؔ
7,,9696046,,,,,SÔ,ΐؔb
7,,9696307,,,,,SÔ,Γcb
7,,9696036,,,,,SÔ,쌴
7,,9696261,,,,,SÔ,쌴
7,,9696261,,,,,SÔ,~m
7,,9696265,,,,,SÔ,k
7,,9696407,,,,,SÔ,㕽
7,,9696061,,,,,SÔ,㒬b
7,,9696101,,,,,SÔ,wO
7,,9696121,,,,,SÔ,O
7,,9696306,,,,,SÔ,O
7,,9696305,,,,,SÔ,Ob
7,,9696131,,,,,SÔ,
7,,9696057,,,,,SÔ,[b
7,,9696141,,,,,SÔ,唪
7,,9696333,,,,,SÔ,唪
7,,9696173,,,,,SÔ,哹
7,,9696022,,,,,SÔ,哹b
7,,9696242,,,,,SÔ,厺
7,,9696254,,,,,SÔ,E
7,,9696343,,,,,SÔ,c
7,,9696265,,,,,SÔ,䑠
7,,9696409,,,,,SÔ,
7,,9696231,,,,,SÔ,E
7,,9696051,,,,,SÔ,vx
7,,9696102,,,,,SÔ,vx
7,,9696205,,,,,SÔ,c
7,,9696262,,,,,SÔ,
7,,9696213,,,,,SÔ,
7,,9696103,,,,,SÔ,㑺k
7,,9696104,,,,,SÔ,㑺
7,,9696104,,,,,SÔ,㑺
7,,9696105,,,,,SÔ,㑺
7,,9696105,,,,,SÔ,㑺
7,,9696265,,,,,SÔ,Y
7,,9696159,,,,,SÔ,쌴k
7,,9696041,,,,,SÔ,쌴
7,,9696024,,,,,SÔ,쌴kb
7,,9696152,,,,,SÔ,쌴b
7,,9696262,,,,,SÔ,ωk
7,,9696154,,,,,SÔ,kY
7,,9696045,,,,,SÔ,kYb
7,,9696155,,,,,SÔ,k쌴
7,,9696047,,,,,SÔ,k쌴b
7,,9696316,,,,,SÔ,k
7,,9696318,,,,,SÔ,k
7,,9696317,,,,,SÔ,kb
7,,9696342,,,,,SÔ,qc
7,,9696113,,,,,SÔ,Ԑ쌴
7,,9696068,,,,,SÔ,Ԑ쌴b
7,,9696052,,,,,SÔ,
7,,9696106,,,,,SÔ,
7,,9696163,,,,,SÔ,
7,,9696304,,,,,SÔ,b
7,,9696062,,,,,SÔ,pn
7,,9696114,,,,,SÔ,pn
7,,9696063,,,,,SÔ,pnՍb
7,,9696038,,,,,SÔ,pnb
7,,9696023,,,,,SÔ,߉EGc
7,,9696174,,,,,SÔ,
7,,9696025,,,,,SÔ,b
7,,9696261,,,,,SÔ,{
7,,9696261,,,,,SÔ,{b
7,,9696261,,,,,SÔ,{
7,,9696261,,,,,SÔ,{b
7,,9696404,,,,,SÔ,
7,,9696406,,,,,SÔ,ꐣ
7,,9696206,,,,,SÔ,m
7,,9696206,,,,,SÔ,m
7,,9696206,,,,,SÔ,mb
7,,9696206,,,,,SÔ,z
7,,9696029,,,,,SÔ,O{b
7,,9696314,,,,,SÔ,b
7,,9696311,,,,,SÔ,
7,,9696312,,,,,SÔ,b
7,,9696166,,,,,SÔ,쌴
7,,9696313,,,,,SÔ,쌴b
7,,9696215,,,,,SÔ,x
7,,9696256,,,,,SÔ,ˌ
7,,9696115,,,,,SÔ,V
7,,9696267,,,,,SÔ,V
7,,9696266,,,,,SÔ,V~
7,,9696402,,,,,SÔ,V~
7,,9696107,,,,,SÔ,Vpn
7,,9696162,,,,,SÔ,
7,,9696301,,,,,SÔ,b
7,,9696253,,,,,SÔ,
7,,9696274,,,,,SÔ,
7,,9696263,,,,,SÔ,k
7,,9696108,,,,,SÔ,
7,,9696033,,,,,SÔ,
7,,9696034,,,,,SÔ,b
7,,9696116,,,,,SÔ,˒
7,,9696042,,,,,SÔ,˒b
7,,9696044,,,,,SÔ,ˉO
7,,9696156,,,,,SÔ,ˉOb
7,,9696055,,,,,SÔ,yb
7,,9696056,,,,,SÔ,y
7,,9696054,,,,,SÔ,y
7,,9696109,,,,,SÔ,@
7,,9696262,,,,,SÔ,O쌴
7,,9696262,,,,,SÔ,O쌴b
7,,9696204,,,,,SÔ,m
7,,9696264,,,,,SÔ,c
7,,9696264,,,,,SÔ,c
7,,9696264,,,,,SÔ,cb
7,,9696206,,,,,SÔ,c쌴
7,,9696203,,,,,SÔ,cO쌴
7,,9696261,,,,,SÔ,c
7,,9696202,,,,,SÔ,c
7,,9696032,,,,,SÔ,|
7,,9696411,,,,,SÔ,Γc
7,,9696266,,,,,SÔ,كmz
7,,9696175,,,,,SÔ,ڃm
7,,9696021,,,,,SÔ,ڃmb
7,,9696265,,,,,SÔ,ٓ
7,,9696261,,,,,SÔ,nK
7,,9696265,,,,,SÔ,
7,,9696403,,,,,SÔ,ߖ
7,,9696271,,,,,SÔ,
7,,9696122,,,,,SÔ,mO
7,,9696073,,,,,SÔ,mOb
7,,9696353,,,,,SÔ,mO
7,,9696354,,,,,SÔ,mOb
7,,9696214,,,,,SÔ,y
7,,9696251,,,,,SÔ,i
7,,9696118,,,,,SÔ,
7,,9696053,,,,,SÔ,ˍb
7,,9696035,,,,,SÔ,
7,,9696123,,,,,SÔ,
7,,9696074,,,,,SÔ,b
7,,9696267,,,,,SÔ,
7,,9696266,,,,,SÔ,~Y
7,,9696244,,,,,SÔ,
7,,9696355,,,,,SÔ,
7,,9696245,,,,,SÔ,{
7,,9696085,,,,,SÔ,Jn
7,,9696086,,,,,SÔ,Jnb
7,,9696408,,,,,SÔ,c
7,,9696271,,,,,SÔ,m
7,,9696211,,,,,SÔ,
7,,9696338,,,,,SÔ,{
7,,9696356,,,,,SÔ,Bc
7,,9696232,,,,,SÔ,
7,,9696261,,,,,SÔ,쌴
7,,9696124,,,,,SÔ,Jn
7,,9696077,,,,,SÔ,Jnb
7,,9696143,,,,,SÔ,X
7,,9696176,,,,,SÔ,ۓD
7,,9696028,,,,,SÔ,ۓDb
7,,9696078,,,,,SÔ,gPE
7,,9696031,,,,,SÔ,L
7,,9696144,,,,,SÔ,d
7,,9696266,,,,,SÔ,z˒n
7,,9696212,,,,,SÔ,Ɗ
7,,9696133,,,,,SÔ,D
7,,9696069,,,,,SÔ,Db
7,,9696315,,,,,SÔ,փm{b
7,,9696262,,,,,SÔ,@k
7,,9696262,,,,,SÔ,@kb
7,,9696262,,,,,SÔ,@
7,,9696262,,,,,SÔ,@
7,,9696262,,,,,SÔ,@b
7,,9696332,,,,,SÔ,{
7,,9696135,,,,,SÔ,n
7,,9696125,,,,,SÔ,{
7,,9696066,,,,,SÔ,{b
7,,9696065,,,,,SÔ,{b
7,,9696117,,,,,SÔ,{
7,,9696071,,,,,SÔ,{
7,,9696127,,,,,SÔ,{b
7,,9696126,,,,,SÔ,{b
7,,9696336,,,,,SÔ,{犡
7,,9696337,,,,,SÔ,{犡
7,,9696132,,,,,SÔ,{c
7,,9696084,,,,,SÔ,{cb
7,,9696177,,,,,SÔ,{O쌴
7,,9696026,,,,,SÔ,{O쌴b
7,,9696164,,,,,SÔ,{
7,,9696087,,,,,SÔ,{
7,,9696129,,,,,SÔ,{b
7,,9696075,,,,,SÔ,{
7,,9696076,,,,,SÔ,{b
7,,9696172,,,,,SÔ,{
7,,9696331,,,,,SÔ,{b
7,,9696334,,,,,SÔ,{
7,,9696252,,,,,SÔ,
7,,9696206,,,,,SÔ,ؓc
7,,9696255,,,,,SÔ,
7,,9696158,,,,,SÔ,
7,,9696043,,,,,SÔ,ۍb
7,,9696058,,,,,SÔ,Ib
7,,9696128,,,,,SÔ,^X
7,,9696072,,,,,SÔ,^Xb
7,,9696323,,,,,SÔ,ێR
7,,9696324,,,,,SÔ,ێR
7,,9696321,,,,,SÔ,ێRk
7,,9696322,,,,,SÔ,ێRkb
7,,9696134,,,,,SÔ,O
7,,9696081,,,,,SÔ,O
7,,9696082,,,,,SÔ,Ob
7,,9696079,,,,,SÔ,Ob
7,,9696083,,,,,SÔ,Ob
7,,9696203,,,,,SÔ,
7,,9696243,,,,,SÔ,{
7,,9696263,,,,,SÔ,{k
7,,9696325,,,,,SÔ,{
7,,9696327,,,,,SÔ,{㉳
7,,9696326,,,,,SÔ,{b
7,,9696207,,,,,SÔ,{
7,,9696204,,,,,SÔ,{m
7,,9696263,,,,,SÔ,{
7,,9696263,,,,,SÔ,{эb
7,,9696059,,,,,SÔ,Zb
7,,9696118,,,,,SÔ,쌴b
7,,9696064,,,,,SÔ,쌴
7,,9696142,,,,,SÔ,
7,,9696335,,,,,SÔ,㉳
7,,9696202,,,,,SÔ,O
7,,9696157,,,,,SÔ,{~
7,,9696263,,,,,SÔ,쐼
7,,9696263,,,,,SÔ,쓌
7,,9696273,,,,,SÔ,ؑ
7,,9696201,,,,,SÔ,c
7,,9696201,,,,,SÔ,c
7,,9696268,,,,,SÔ,Jn
7,,9696268,,,,,SÔ,JnO
7,,9696268,,,,,SÔ,
7,,9696268,,,,,SÔ,b
7,,9696119,,,,,SÔ,
7,,9696067,,,,,SÔ,b
7,,9696303,,,,,SÔ,R
7,,9696165,,,,,SÔ,R
7,,9696302,,,,,SÔ,Rb
7,,9696145,,,,,SÔ,R
7,,9696328,,,,,SÔ,R쉳
7,,9696146,,,,,SÔ,x
7,,9696341,,,,,SÔ,x
7,,9696206,,,,,SÔ,ѓY
7,,9696241,,,,,SÔ,gc
7,,9696405,,,,,SÔ,ēc
7,,9696266,,,,,SÔ,k
7,,9696265,,,,,SÔ,Zn
7,,9696401,,,,,SÔ,ac
7,,9610000,,,,,͌S,ȉɌfڂȂꍇ
7,,9618043,,,,,͌S,Β˓
7,,9618044,,,,,͌S,Β˖k
7,,9618047,,,,,͌S,R
7,,9618061,,,,,͌S,cq
7,,9618011,,,,,͌S,
7,,9618091,,,,,͌S,Fq
7,,9618051,,,,,͌S,Oc
7,,9618056,,,,,͌S,Oc
7,,9618081,,,,,͌S,ߐ
7,,9618052,,,,,͌S,쓌
7,,9618055,,,,,͌S,쐼
7,,9618041,,,,,͌S,L쓌
7,,9618042,,,,,͌S,L쐼
7,,9618021,,,,,͌S,
7,,9618001,,,,,͌S,H
7,,9618053,,,,,͌S,OR
7,,9618054,,,,,͌S,OR
7,,9618071,,,,,͌S,^D
7,,9618046,,,,,͌S,~
7,,9618045,,,,,͌S,~
7,,9618031,,,,,͌S,
7,,9690100,,,,,͌S葺,ȉɌfڂȂꍇ
7,,9690101,,,,,͌S葺,
7,,9690104,,,,,͌S葺,c
7,,9690103,,,,,͌S葺,kR
7,,9690106,,,,,͌S葺,֘avi__Ёj
7,,9690102,,,,,͌S葺,֘avȋj
7,,9690105,,,,,͌S葺,
7,,9610100,,,,,͌S,ȉɌfڂȂꍇ
7,,9610105,,,,,͌S,쌴c
7,,9610103,,,,,͌S,
7,,9610102,,,,,͌S,
7,,9610106,,,,,͌S,q
7,,9610101,,,,,͌S,
7,,9610104,,,,,͌S,g
7,,9690200,,,,,͌S,ȉɌfڂȂꍇ
7,,9690206,,,,,͌S,ԑ
7,,9690272,,,,,͌S,
7,,9690236,,,,,͌S,{
7,,9690287,,,,,͌S,ːK
7,,9690238,,,,,͌S,r
7,,9690224,,,,,͌S,v
7,,9690201,,,,,͌S,咬
7,,9690252,,,,,͌S,_̓
7,,9690257,,,,,͌S,̑O
7,,9690246,,,,,͌S,{
7,,9690287,,,,,͌S,쌴
7,,9690251,,,,,͌S,_c
7,,9690251,,,,,͌S,_c
7,,9690251,,,,,͌S,_c
7,,9690203,,,,,͌S,kY
7,,9690211,,,,,͌S,k
7,,9690288,,,,,͌S,qn
7,,9690205,,,,,͌S,ܖ{
7,,9690271,,,,,͌S,
7,,9690281,,,,,͌S,
7,,9690258,,,,,͌S,K
7,,9690242,,,,,͌S,O
7,,9690246,,,,,͌S,{
7,,9690266,,,,,͌S,~
7,,9690241,,,,,͌S,wP
7,,9690202,,,,,͌S,V
7,,9690257,,,,,͌S,Zg
7,,9690267,,,,,͌S,zK
7,,9690247,,,,,͌S,zK̑O
7,,9690287,,,,,͌S,̏
7,,9690204,,,,,͌S,֎R
7,,9690212,,,,,͌S,P
7,,9690288,,,,,͌S,c
7,,9690284,,,,,͌S,ꔪ
7,,9690284,,,,,͌S,ڑ
7,,9690227,,,,,͌S,c
7,,9690252,,,,,͌S,
7,,9690255,,,,,͌S,
7,,9690255,,,,,͌S,
7,,9690255,,,,,͌S,
7,,9690255,,,,,͌S,
7,,9690247,,,,,͌S,̑O
7,,9690241,,,,,͌S,VJ
7,,9690248,,,,,͌S,
7,,9690243,,,,,͌S,
7,,9690252,,,,,͌S,ړ
7,,9690252,,,,,͌S,ڐ
7,,9690264,,,,,͌S,
7,,9690236,,,,,͌S,Vc
7,,9690265,,,,,͌S,
7,,9690221,,,,,͌S,
7,,9690231,,,,,͌S,
7,,9690256,,,,,͌S,
7,,9690226,,,,,͌S,
7,,9690263,,,,,͌S,h
7,,9690245,,,,,͌S,R
7,,9690222,,,,,͌S,
7,,9690285,,,,,͌S,ԍ
7,,9690233,,,,,͌S,Ԃ̗
7,,9690281,,,,,͌S,n
7,,9690243,,,,,͌S,쌴
7,,9690252,,,,,͌S,
7,,9690225,,,,,͌S,
7,,9690288,,,,,͌S,̓
7,,9690244,,,,,͌S,s
7,,9690223,,,,,͌S,
7,,9690254,,,,,͌S,
7,,9690237,,,,,͌S,O
7,,9690282,,,,,͌S,{
7,,9690232,,,,,͌S,{
7,,9690257,,,,,͌S,Ov
7,,9690234,,,,,͌S,Oc
7,,9690268,,,,,͌S,q
7,,9690262,,,,,͌S,[
7,,9690235,,,,,͌S,ۂ̓
7,,9690283,,,,,͌S,쒬
7,,9690253,,,,,͌S,V
7,,9690253,,,,,͌S,V
7,,9690253,,,,,͌S,V
7,,9690253,,,,,͌S,V
7,,9690253,,,,,͌S,V
7,,9690253,,,,,͌S,V
7,,9690213,,,,,͌S,{
7,,9690261,,,,,͌S,h
7,,9690244,,,,,͌S,J
7,,9690236,,,,,͌S,
7,,9690286,,,,,͌S,a
7,,9636100,,,,,SIq,ȉɌfڂȂꍇ
7,,9636113,,,,,SIq,
7,,9636111,,,,,SIq,F
7,,9636147,,,,,SIq,
7,,9636114,,,,,SIq,
7,,9636145,,,,,SIq,~
7,,9635662,,,,,SIq,c
7,,9636106,,,,,SIq,
7,,9635681,,,,,SIq,
7,,9635685,,,,,SIq,kR{
7,,9636105,,,,,SIq,
7,,9636152,,,,,SIq,
7,,9636144,,,,,SIq,
7,,9636103,,,,,SIq,t
7,,9635682,,,,,SIq,
7,,9635683,,,,,SIq,R{
7,,9636153,,,,,SIq,P
7,,9636123,,,,,SIq,֌
7,,9636131,,,,,SIq,Iq
7,,9636112,,,,,SIq,ʖ
7,,9635664,,,,,SIq,ˌ
7,,9636101,,,,,SIq,
7,,9635671,,,,,SIq,R
7,,9636102,,,,,SIq,V
7,,9636146,,,,,SIq,˒
7,,9636141,,,,,SIq,x
7,,9635684,,,,,SIq,R{
7,,9635663,,,,,SIq,
7,,9636122,,,,,SIq,mV
7,,9636121,,,,,SIq,ԉ
7,,9636104,,,,,SIq,w
7,,9636115,,,,,SIq,
7,,9636143,,,,,SIq,
7,,9636151,,,,,SIq,j
7,,9635672,,,,,SIq,
7,,9636142,,,,,SIq,R
7,,9635661,,,,,SIq,Rc
7,,9635100,,,,,SՒ,ȉɌfڂȂꍇ
7,,9635322,,,,,SՒ,
7,,9635114,,,,,SՒ,ʂ
7,,9635119,,,,,SՒ,c
7,,9635111,,,,,SՒ,
7,,9635115,,,,,SՒ,։͓
7,,9635116,,,,,SՒ,
7,,9635202,,,,,SՒ,Έ
7,,9635113,,,,,SՒ,։͓
7,,9635321,,,,,SՒ,։
7,,9635203,,,,,SՒ,˒
7,,9635201,,,,,SՒ,Έ
7,,9635118,,,,,SՒ,
7,,9635112,,,,,SՒ,
7,,9635323,,,,,SՒ,䪉
7,,9635117,,,,,SՒ,R
7,,9635400,,,,,S,ȉɌfڂȂꍇ
7,,9635342,,,,,S,ɍ
7,,9635537,,,,,S,
7,,9635343,,,,,S,Ac
7,,9635532,,,,,S,n
7,,9635522,,,,,S,ЊL
7,,9635411,,,,,S,Έ
7,,9635406,,,,,S,a
7,,9635536,,,,,S,
7,,9635534,,,,,S,ؖ씽
7,,9635341,,,,,S,h
7,,9635404,,,,,S,|V
7,,9635531,,,,,S,c
7,,9635539,,,,,S,c
7,,9635402,,,,,S,퐢k
7,,9635403,,,,,S,퐢
7,,9635538,,,,,S,
7,,9635521,,,,,S,ߑq
7,,9635407,,,,,S,͓
7,,9635405,,,,,S,
7,,9635401,,,,,S,͓
7,,9635408,,,,,S,xz
7,,9635344,,,,,S,^
7,,9635535,,,,,S,R`
7,,9635533,,,,,S,
7,,9638400,,,,,SL쑺,ȉɌfڂȂꍇ
7,,9638404,,,,,SL쑺,
7,,9638401,,,,,SL쑺,ԍ⒆
7,,9638403,,,,,SL쑺,ԍⓌ
7,,9638407,,,,,SL쑺,ԍ␼
7,,9638402,,,,,SL쑺,Έ䑐
7,,9638406,,,,,SL쑺,xc
7,,9638408,,,,,SL쑺,R
7,,9635505,,,,,SL쑺,nizUWj
7,,9638405,,,,,SL쑺,nȋj
7,,9637800,,,,,ΐSΐ쒬,ȉɌfڂȂꍇ
7,,9637826,,,,,ΐSΐ쒬,ԉH
7,,9637864,,,,,ΐSΐ쒬,H
7,,9637884,,,,,ΐSΐ쒬,V~iԒnj
7,,9637827,,,,,ΐSΐ쒬,V~ȋj
7,,9637833,,,,,ΐSΐ쒬,Γc
7,,9637867,,,,,ΐSΐ쒬,Β
7,,9637813,,,,,ΐSΐ쒬,
7,,9637849,,,,,ΐSΐ쒬,m
7,,9637841,,,,,ΐSΐ쒬,]xc
7,,9637823,,,,,ΐSΐ쒬,q
7,,9637872,,,,,ΐSΐ쒬,
7,,9637815,,,,,ΐSΐ쒬,
7,,9637881,,,,,ΐSΐ쒬,勴
7,,9637853,,,,,ΐSΐ쒬,厺
7,,9637848,,,,,ΐSΐ쒬,c
7,,9637807,,,,,ΐSΐ쒬,`
7,,9637862,,,,,ΐSΐ쒬,m
7,,9637844,,,,,ΐSΐ쒬,k
7,,9637802,,,,,ΐSΐ쒬,kR
7,,9637811,,,,,ΐSΐ쒬,kR`
7,,9637835,,,,,ΐSΐ쒬,qc
7,,9637834,,,,,ΐSΐ쒬,D
7,,9637876,,,,,ΐSΐ쒬,
7,,9637847,,,,,ΐSΐ쒬,Ê
7,,9637842,,,,,ΐSΐ쒬,m
7,,9637804,,,,,ΐSΐ쒬,H
7,,9637825,,,,,ΐSΐ쒬,
7,,9637836,,,,,ΐSΐ쒬,
7,,9637818,,,,,ΐSΐ쒬,
7,,9637882,,,,,ΐSΐ쒬,m
7,,9637858,,,,,ΐSΐ쒬,
7,,9637828,,,,,ΐSΐ쒬,m
7,,9637856,,,,,ΐSΐ쒬,
7,,9637851,,,,,ΐSΐ쒬,V
7,,9637852,,,,,ΐSΐ쒬,֍
7,,9637808,,,,,ΐSΐ쒬,o
7,,9637866,,,,,ΐSΐ쒬,O
7,,9637874,,,,,ΐSΐ쒬,ܘY
7,,9637845,,,,,ΐSΐ쒬,c
7,,9637817,,,,,ΐSΐ쒬,P
7,,9637857,,,,,ΐSΐ쒬,
7,,9637873,,,,,ΐSΐ쒬,P
7,,9637803,,,,,ΐSΐ쒬,c
7,,9637837,,,,,ΐSΐ쒬,
7,,9637846,,,,,ΐSΐ쒬,v
7,,9637885,,,,,ΐSΐ쒬,T
7,,9637855,,,,,ΐSΐ쒬,Le
7,,9637824,,,,,ΐSΐ쒬,
7,,9637821,,,,,ΐSΐ쒬,aO
7,,9637831,,,,,ΐSΐ쒬,ꔨ
7,,9637871,,,,,ΐSΐ쒬,Om
7,,9637838,,,,,ΐSΐ쒬,Ȗ
7,,9637865,,,,,ΐSΐ쒬,ȃm
7,,9637854,,,,,ΐSΐ쒬,؉
7,,9637816,,,,,ΐSΐ쒬,P
7,,9637859,,,,,ΐSΐ쒬,쒬
7,,9637812,,,,,ΐSΐ쒬,R`
7,,9637883,,,,,ΐSΐ쒬,m
7,,9637832,,,,,ΐSΐ쒬,
7,,9637806,,,,,ΐSΐ쒬,J
7,,9637843,,,,,ΐSΐ쒬,~m
7,,9637805,,,,,ΐSΐ쒬,Jn
7,,9637875,,,,,ΐSΐ쒬,
7,,9637822,,,,,ΐSΐ쒬,
7,,9637861,,,,,ΐSΐ쒬,mړc
7,,9637814,,,,,ΐSΐ쒬,R`
7,,9637801,,,,,ΐSΐ쒬,n
7,,9637886,,,,,ΐSΐ쒬,av
7,,9637863,,,,,ΐSΐ쒬,n
7,,9636300,,,,,ΐSʐ쑺,ȉɌfڂȂꍇ
7,,9636312,,,,,ΐSʐ쑺,
7,,9636313,,,,,ΐSʐ쑺,
7,,9636311,,,,,ΐSʐ쑺,@
7,,9636304,,,,,ΐSʐ쑺,k{
7,,9636316,,,,,ΐSʐ쑺,
7,,9636315,,,,,ΐSʐ쑺,
7,,9636314,,,,,ΐSʐ쑺,f
7,,9636302,,,,,ΐSʐ쑺,{
7,,9636305,,,,,ΐSʐ쑺,R
7,,9636306,,,,,ΐSʐ쑺,RVc
7,,9636303,,,,,ΐSʐ쑺,g
7,,9636301,,,,,ΐSʐ쑺,lҐVc
7,,9638100,,,,,ΐSc,ȉɌfڂȂꍇ
7,,9638114,,,,,ΐSc,
7,,9638202,,,,,ΐSc,Hc
7,,9638112,,,,,ΐSc,k
7,,9638203,,,,,ΐSc,㐶
7,,9638113,,,,,ΐSc,`
7,,9638206,,,,,ΐSc,
7,,9638207,,,,,ΐSc,Hc
7,,9638204,,,,,ΐSc,q
7,,9638115,,,,,ΐSc,q
7,,9638205,,,,,ΐSc,ic
7,,9638116,,,,,ΐSc,R
7,,9638111,,,,,ΐSc,R
7,,9638201,,,,,ΐSc,HcVc
7,,9636200,,,,,ΐS쒬,ȉɌfڂȂꍇ
7,,9636204,,,,,ΐS쒬,
7,,9636214,,,,,ΐS쒬,呐
7,,9636206,,,,,ΐS쒬,c
7,,9636207,,,,,ΐS쒬,
7,,9636202,,,,,ΐS쒬,
7,,9636216,,,,,ΐS쒬,R
7,,9636208,,,,,ΐS쒬,
7,,9636205,,,,,ΐS쒬,
7,,9636213,,,,,ΐS쒬,
7,,9636215,,,,,ΐS쒬,
7,,9636211,,,,,ΐS쒬,c
7,,9636218,,,,,ΐS쒬,唨
7,,9636201,,,,,ΐS쒬,M
7,,9636212,,,,,ΐS쒬,
7,,9636217,,,,,ΐS쒬,
7,,9636203,,,,,ΐS쒬,R
7,,9638300,,,,,ΐSÓa,ȉɌfڂȂꍇ
7,,9638303,,,,,ΐSÓa,vc
7,,9638307,,,,,ΐSÓa,c
7,,9638308,,,,,ΐSÓa,
7,,9638305,,,,,ΐSÓa,|
7,,9638306,,,,,ΐSÓa,c
7,,9638304,,,,,ΐSÓa,
7,,9638302,,,,,ΐSÓa,R
7,,9638301,,,,,ΐSÓa,_c
7,,9637700,,,,,cSOt,ȉɌfڂȂꍇ
7,,9637702,,,,,cSOt,
7,,9637753,,,,,cSOt,ԍ
7,,9637745,,,,,cSOt,PJ
7,,9637765,,,,,cSOt,r
7,,9637749,,,,,cSOt,{
7,,9637757,,,,,cSOt,J
7,,9637754,,,,,cSOt,bz
7,,9637752,,,,,cSOt,GXq
7,,9637749,,,,,cSOt,v
7,,9637706,,,,,cSOt,啽
7,,9637759,,,,,cSOt,咬
7,,9637762,,,,,cSOt,lC
7,,9637772,,,,,cSOt,
7,,9637719,,,,,cSOt,LR
7,,9637769,,,,,cSOt,S
7,,9637741,,,,,cSOt,cO
7,,9637732,,,,,cSOt,㕑
7,,9637752,,,,,cSOt,T
7,,9637747,,,,,cSOt,ؓc
7,,9637781,,,,,cSOt,kc
7,,9637751,,,,,cSOt,k
7,,9637764,,,,,cSOt,k
7,,9637717,,,,,cSOt,ϓc
7,,9637712,,,,,cSOt,
7,,9637704,,,,,cSOt,F
7,,9637708,,,,,cSOt,I
7,,9637754,,,,,cSOt,ύ
7,,9637754,,,,,cSOt,M\
7,,9637758,,,,,cSOt,
7,,9637709,,,,,cSOt,
7,,9637767,,,,,cSOt,ƒ
7,,9637723,,,,,cSOt,֓
7,,9637711,,,,,cSOt,Pu
7,,9637758,,,,,cSOt,J
7,,9637701,,,,,cSOt,
7,,9637755,,,,,cSOt,R
7,,9637754,,,,,cSOt,l
7,,9637761,,,,,cSOt,lc
7,,9637753,,,,,cSOt,t͏
7,,9637713,,,,,cSOt,Č
7,,9637768,,,,,cSOt,ar
7,,9637753,,,,,cSOt,
7,,9637752,,,,,cSOt,
7,,9637731,,,,,cSOt,
7,,9637703,,,,,cSOt,i
7,,9637743,,,,,cSOt,Z
7,,9637754,,,,,cSOt,V
7,,9637707,,,,,cSOt,ڃP
7,,9637725,,,,,cSOt,鑃
7,,9637714,,,,,cSOt,
7,,9637763,,,,,cSOt,
7,,9637742,,,,,cSOt,ߎc
7,,9637705,,,,,cSOt,V
7,,9637741,,,,,cSOt,VO
7,,9637761,,,,,cSOt,m
7,,9637782,,,,,cSOt,x
7,,9637766,,,,,cSOt,
7,,9637753,,,,,cSOt,i
7,,9637786,,,,,cSOt,
7,,9637752,,,,,cSOt,m䒬
7,,9637722,,,,,cSOt,
7,,9637724,,,,,cSOt,
7,,9637726,,,,,cSOt,Vq
7,,9637716,,,,,cSOt,{
7,,9637744,,,,,cSOt,
7,,9637712,,,,,cSOt,J
7,,9637746,,,,,cSOt,n
7,,9637721,,,,,cSOt,t
7,,9637721,,,,,cSOt,tc
7,,9637754,,,,,cSOt,ԑg
7,,9637754,,,,,cSOt,ԑg
7,,9637763,,,,,cSOt,
7,,9637771,,,,,cSOt,
7,,9637715,,,,,cSOt,n
7,,9637773,,,,,cSOt,[ca
7,,9637716,,,,,cSOt,֐
7,,9637721,,,,,cSOt,֑
7,,9637785,,,,,cSOt,
7,,9637783,,,,,cSOt,쐬c
7,,9637756,,,,,cSOt,쒬
7,,9637763,,,,,cSOt,
7,,9637741,,,,,cSOt,
7,,9637753,,,,,cSOt,\
7,,9637748,,,,,cSOt,R
7,,9637733,,,,,cSOt,Rc
7,,9637754,,,,,cSOt,|
7,,9637718,,,,,cSOt,ߑ
7,,9637712,,,,,cSOt,y
7,,9637752,,,,,cSOt,Z
7,,9637784,,,,,cSOt,Zl
7,,9633400,,,,,cS쒬,ȉɌfڂȂꍇ
7,,9633521,,,,,cS쒬,іL
7,,9633524,,,,,cS쒬,
7,,9633522,,,,,cS쒬,ː_
7,,9633403,,,,,cS쒬,ԏ
7,,9633401,,,,,cS쒬,V
7,,9633523,,,,,cS쒬,R_
7,,9633316,,,,,cS쒬,Ho
7,,9633405,,,,,cS쒬,ғc
7,,9633406,,,,,cS쒬,Đ
7,,9633314,,,,,cS쒬,
7,,9633404,,,,,cS쒬,ҊJ
7,,9633312,,,,,cS쒬,Ĉ
7,,9633313,,,,,cS쒬,c
7,,9633402,,,,,cS쒬,JÍ
7,,9633311,,,,,cS쒬,
7,,9633525,,,,,cS쒬,g
7,,9633315,,,,,cS쒬,ac
7,,9790400,,,,,otSL쒬,ȉɌfڂȂꍇ
7,,9790404,,,,,otSL쒬,ܖ
7,,9790406,,,,,otSL쒬,󌩐
7,,9790401,,,,,otSL쒬,k
7,,9790407,,,,,otSL쒬,Lm
7,,9790403,,,,,otSL쒬,󌩐
7,,9790402,,,,,otSL쒬,k
7,,9790408,,,,,otSL쒬,
7,,9790405,,,,,otSL쒬,[
7,,9790600,,,,,otSt,ȉɌfڂȂꍇ
7,,9790603,,,,,otSt,o
7,,9790605,,,,,otSt,J
7,,9790515,,,,,otSt,㏬
7,,9790606,,,,,otSt,ɉ
7,,9790604,,,,,otSt,kc
7,,9790514,,,,,otSt,
7,,9790602,,,,,otSt,ɉ
7,,9790601,,,,,otSt,gq
7,,9790511,,,,,otSt,O
7,,9790513,,,,,otSt,Rc
7,,9790512,,,,,otSt,Rcl
7,,9791100,,,,,otSx,ȉɌfڂȂꍇ
7,,9791171,,,,,otSx,君
7,,9791101,,,,,otSx,ǃPl
7,,9791131,,,,,otSx,SR
7,,9791141,,,,,otSx,艪
7,,9790622,,,,,otSx,ъiO쌴QRQ`QSSARPPARPQARRV`WUQԒn
7,,9790622,,,,,otSx,kd͕񌴎q͔d\lj
7,,9791122,,,,,otSx,ъȋj
7,,9791111,,,,,otSx,l
7,,9791162,,,,,otSx,
7,,9791132,,,,,otSx,SR
7,,9791112,,,,,otSx,
7,,9791121,,,,,otSx,l
7,,9791151,,,,,otSx,{
7,,9791152,,,,,otSx,{
7,,9791161,,,,,otSx,̐X
7,,9791200,,,,,otS,ȉɌfڂȂꍇ
7,,9791201,,,,,otS,
7,,9791202,,,,,otS,
7,,9791300,,,,,otSF,ȉɌfڂȂꍇ
7,,9791306,,,,,otSF,쌴
7,,9791301,,,,,otSF,v
7,,9791304,,,,,otSF,Ǖl
7,,9791305,,,,,otSF,F
7,,9791303,,,,,otSF,F
7,,9791302,,,,,otSF,
7,,9791308,,,,,otSF,
7,,9791307,,,,,otSF,
7,,9791400,,,,,otSot,ȉɌfڂȂꍇ
7,,9791433,,,,,otSot,ΌF
7,,9791442,,,,,otSot,H
7,,9791463,,,,,otSot,
7,,9791411,,,,,otSot,SR
7,,9791451,,,,,otSot,a
7,,9791441,,,,,otSot,H
7,,9791472,,,,,otSot,VR
7,,9791453,,,,,otSot,
7,,9791462,,,,,otSot,c
7,,9791401,,,,,otSot,
7,,9791402,,,,,otSot,l
7,,9791471,,,,,otSot,
7,,9791412,,,,,otSot,גJ
7,,9791421,,,,,otSot,Oc
7,,9791452,,,,,otSot,q
7,,9791432,,,,,otSot,
7,,9791422,,,,,otSot,
7,,9791423,,,,,otSot,ڔ
7,,9791461,,,,,otSot,|
7,,9791431,,,,,otSot,Rc
7,,9791500,,,,,otSQ],ȉɌfڂȂꍇ
7,,9791751,,,,,otSQ],ԉF
7,,9791535,,,,,otSQ],
7,,9791522,,,,,otSQ],
7,,9791526,,,,,otSQ],n
7,,9791544,,,,,otSQ],x
7,,9791543,,,,,otSQ],c
7,,9791545,,,,,otSQ],
7,,9791536,,,,,otSQ],q
7,,9791505,,,,,otSQ],h
7,,9791531,,,,,otSQ],Y
7,,9791753,,,,,otSQ],[
7,,9791512,,,,,otSQ],k
7,,9791513,,,,,otSQ],
7,,9791521,,,,,otSQ],
7,,9791533,,,,,otSQ],
7,,9791504,,,,,otSQ],c
7,,9791756,,,,,otSQ],Ó
7,,9791542,,,,,otSQ],X
7,,9791525,,,,,otSQ],
7,,9791541,,,,,otSQ],cK
7,,9791501,,,,,otSQ],
7,,9791511,,,,,otSQ],I
7,,9791757,,,,,otSQ],Ó
7,,9791523,,,,,otSQ],l
7,,9791503,,,,,otSQ],
7,,9791755,,,,,otSQ],H
7,,9791752,,,,,otSQ],]
7,,9791532,,,,,otSQ],n
7,,9791502,,,,,otSQ],
7,,9791754,,,,,otSQ],Ó
7,,9791706,,,,,otSQ],i`JUVj
7,,9791506,,,,,otSQ],ȋj
7,,9791524,,,,,otSQ],|
7,,9791534,,,,,otSQ],JÓc
7,,9791600,,,,,otS,ȉɌfڂȂꍇ
7,,9791602,,,,,otS,
7,,9791601,,,,,otS,
7,,9791604,,,,,otS,
7,,9791603,,,,,otS,
7,,9792700,,,,,nSVn,ȉɌfڂȂꍇ
7,,9792705,,,,,nSVn,
7,,9792704,,,,,nSVn,˕l
7,,9792703,,,,,nSVn,
7,,9792611,,,,,nSVn,P
7,,9792706,,,,,nSVn,
7,,9792708,,,,,nSVn,c
7,,9792707,,,,,nSVn,^|
7,,9792702,,,,,nSVn,Jn
7,,9792701,,,,,nSVn,؍
7,,9601600,,,,,nSъڑ,ȉɌfڂȂꍇ
7,,9601812,,,,,nSъڑ,
7,,9601721,,,,,nSъڑ,є
7,,9601803,,,,,nSъڑ,ɒO
7,,9601633,,,,,nSъڑ,P
7,,9601814,,,,,nSъڑ,q
7,,9601801,,,,,nSъڑ,
7,,9601811,,,,,nSъڑ,{
7,,9601815,,,,,nSъڑ,{
7,,9601635,,,,,nSъڑ,{
7,,9601804,,,,,nSъڑ,֑
7,,9601632,,,,,nSъڑ,֍
7,,9601723,,,,,nSъڑ,D
7,,9601634,,,,,nSъڑ,񖇋
7,,9601722,,,,,nSъڑ,]
7,,9601802,,,,,nSъڑ,[J
7,,9601636,,,,,nSъڑ,Oc
7,,9601631,,,,,nSъڑ,
7,,9601813,,,,,nSъڑ,ؑ
7,,9601724,,,,,nSъڑ,n
