8,,3100000,,,,錧,ˎs,ȉɌfڂȂꍇ
8,,3100004,,,,錧,ˎs,
8,,3190314,,,,錧,ˎs,Ԕ֒
8,,3114141,,,,錧,ˎs,Ԓ
8,,3111122,,,,錧,ˎs,H
8,,3100822,,,,錧,ˎs,
8,,3100046,,,,錧,ˎs,
8,,3100831,,,,錧,ˎs,
8,,3100054,,,,錧,ˎs,
8,,3114165,,,,錧,ˎs,ؗt
8,,3190304,,,,錧,ˎs,L꒬
8,,3114155,,,,錧,ˎs,ѓ
8,,3114206,,,,錧,ˎs,ѕx
8,,3100905,,,,錧,ˎs,ΐ
8,,3100904,,,,錧,ˎs,ΐ쒬
8,,3100026,,,,錧,ˎs,
8,,3114202,,,,錧,ˎs,⍪
8,,3190311,,,,錧,ˎs,
8,,3190317,,,,錧,ˎs,
8,,3190315,,,,錧,ˎs,
8,,3111115,,,,錧,ˎs,
8,,3190312,,,,錧,ˎs,呫
8,,3114143,,,,錧,ˎs,˒
8,,3111125,,,,錧,ˎs,꒬
8,,3100062,,,,錧,ˎs,咬
8,,3190307,,,,錧,ˎs,
8,,3114163,,,,錧,ˎs,q䒬
8,,3100852,,,,錧,ˎs,}
8,,3114162,,,,錧,ˎs,J
8,,3100066,,,,錧,ˎs,
8,,3100001,,,,錧,ˎs,͓
8,,3114203,,,,錧,ˎs,㍑䒬
8,,3100041,,,,錧,ˎs,㐅
8,,3114154,,,,錧,ˎs,꒬
8,,3111112,,,,錧,ˎs,얔
8,,3100814,,,,錧,ˎs,J
8,,3114152,,,,錧,ˎs,͘ac
8,,3114153,,,,錧,ˎs,͘ac
8,,3100061,,,,錧,ˎs,k
8,,3111133,,,,錧,ˎs,I蒬
8,,3190303,,,,錧,ˎs,钬
8,,3100842,,,,錧,ˎs,₫
8,,3111111,,,,錧,ˎs,
8,,3190323,,,,錧,ˎs,
8,,3100063,,,,錧,ˎs,܌
8,,3190325,,,,錧,ˎs,ђ
8,,3100914,,,,錧,ˎs,
8,,3190324,,,,錧,ˎs,ܕ
8,,3100816,,,,錧,ˎs,
8,,3100064,,,,錧,ˎs,h
8,,3100841,,,,錧,ˎs,咬
8,,3100802,,,,錧,ˎs,
8,,3100801,,,,錧,ˎs,
8,,3100011,,,,錧,ˎs,O̊
8,,3111114,,,,錧,ˎs,蒬
8,,3100826,,,,錧,ˎs,a䒬
8,,3111121,,,,錧,ˎs,c
8,,3111123,,,,錧,ˎs,쒬
8,,3111131,,,,錧,ˎs,쒬
8,,3114205,,,,錧,ˎs,䒬
8,,3190322,,,,錧,ˎs,쒬
8,,3100023,,,,錧,ˎs,~
8,,3100042,,,,錧,ˎs,Ru
8,,3100012,,,,錧,ˎs,铌
8,,3100803,,,,錧,ˎs,
8,,3100804,,,,錧,ˎs,~
8,,3100036,,,,錧,ˎs,V
8,,3100045,,,,錧,ˎs,V
8,,3100005,,,,錧,ˎs,{
8,,3100053,,,,錧,ˎs,L
8,,3190306,,,,錧,ˎs,蒬
8,,3100844,,,,錧,ˎs,Zg
8,,3100851,,,,錧,ˎs,g
8,,3100031,,,,錧,ˎs,H
8,,3190321,,,,錧,ˎs,c
8,,3190301,,,,錧,ˎs,c
8,,3100901,,,,錧,ˎs,c쒬
8,,3114204,,,,錧,ˎs,cJ
8,,3100051,,,,錧,ˎs,Ƃ
8,,3100805,,,,錧,ˎs,
8,,3190313,,,,錧,ˎs,}n
8,,3100025,,,,錧,ˎs,V
8,,3100846,,,,錧,ˎs,쒬
8,,3111136,,,,錧,ˎs,O
8,,3111132,,,,錧,ˎs,O
8,,3100033,,,,錧,ˎs,֒
8,,3100821,,,,錧,ˎs,
8,,3100002,,,,錧,ˎs,͓
8,,3190305,,,,錧,ˎs,
8,,3114146,,,,錧,ˎs,ے
8,,3114207,,,,錧,ˎs,
8,,3100824,,,,錧,ˎs,
8,,3100044,,,,錧,ˎs,
8,,3100067,,,,錧,ˎs,{
8,,3100068,,,,錧,ˎs,{
8,,3100022,,,,錧,ˎs,~
8,,3100055,,,,錧,ˎs,ђ
8,,3100065,,,,錧,ˎs,
8,,3100812,,,,錧,ˎs,lc
8,,3100813,,,,錧,ˎs,lc
8,,3114142,,,,錧,ˎs,Ԓ
8,,3100823,,,,錧,ˎs,
8,,3100811,,,,錧,ˎs,
8,,3100818,,,,錧,ˎs,
8,,3100035,,,,錧,ˎs,
8,,3100024,,,,錧,ˎs,O
8,,3114151,,,,錧,ˎs,Pq
8,,3114144,,,,錧,ˎs,J]
8,,3100853,,,,錧,ˎs,{
8,,3111113,,,,錧,ˎs,˒
8,,3114201,,,,錧,ˎs,䒬
8,,3114208,,,,錧,ˎs,
8,,3100833,,,,錧,ˎs,
8,,3114145,,,,錧,ˎs,ot
8,,3100056,,,,錧,ˎs,
8,,3100903,,,,錧,ˎs,x
8,,3100815,,,,錧,ˎs,{
8,,3114161,,,,錧,ˎs,SG
8,,3100043,,,,錧,ˎs,u
8,,3100052,,,,錧,ˎs,{
8,,3100912,,,,錧,ˎs,
8,,3100913,,,,錧,ˎs,쒬
8,,3100034,,,,錧,ˎs,Β
8,,3100021,,,,錧,ˎs,쒬
8,,3190302,,,,錧,ˎs,O֒
8,,3100834,,,,錧,ˎs,{
8,,3100015,,,,錧,ˎs,{
8,,3190316,,,,錧,ˎs,O
8,,3100911,,,,錧,ˎs,a
8,,3100843,,,,錧,ˎs,ΐ쒬
8,,3100835,,,,錧,ˎs,䒬
8,,3100032,,,,錧,ˎs,R
8,,3100836,,,,錧,ˎs,gc
8,,3111124,,,,錧,ˎs,X˒
8,,3100825,,,,錧,ˎs,Jc
8,,3114164,,,,錧,ˎs,JÒ
8,,3100003,,,,錧,ˎs,͒
8,,3100817,,,,錧,ˎs,
8,,3111134,,,,錧,ˎs,Su
8,,3100845,,,,錧,ˎs,g
8,,3100832,,,,錧,ˎs,gc
8,,3100827,,,,錧,ˎs,g
8,,3100847,,,,錧,ˎs,đ
8,,3111135,,,,錧,ˎs,Zc
8,,3100013,,,,錧,ˎs,{
8,,3100014,,,,錧,ˎs,{
8,,3100902,,,,錧,ˎs,n
8,,3170000,,,,錧,s,ȉɌfڂȂꍇ
8,,3170075,,,,錧,s,꒬
8,,3191415,,,,錧,s,c
8,,3170074,,,,錧,s,
8,,3160036,,,,錧,s,쒬
8,,3191418,,,,錧,s,
8,,3191225,,,,錧,s,Ζ⒬
8,,3110402,,,,錧,s,lԒ
8,,3170076,,,,錧,s,
8,,3160012,,,,錧,s,vے
8,,3160022,,,,錧,s,
8,,3191221,,,,錧,s,݂
8,,3191234,,,,錧,s,ac
8,,3191413,,,,錧,s,ؒÒ
8,,3191412,,,,錧,s,܊}
8,,3170071,,,,錧,s,
8,,3160015,,,,錧,s,
8,,3191417,,,,錧,s,݂
8,,3170064,,,,錧,s,_
8,,3191411,,,,錧,s,K
8,,3160005,,,,錧,s,͌q
8,,3191233,,,,錧,s,_c
8,,3191222,,,,錧,s,v
8,,3160035,,,,錧,s,
8,,3170073,,,,錧,s,K
8,,3160002,,,,錧,s,쒬
8,,3191232,,,,錧,s,yؓ
8,,3110404,,,,錧,s,[
8,,3191301,,,,錧,s,\Ɏt
8,,3191302,,,,錧,s,\Ɏt{
8,,3191306,,,,錧,s,\
8,,3191308,,,,錧,s,\̋u
8,,3191305,,,,錧,s,\
8,,3191304,,,,錧,s,\F
8,,3191303,,,,錧,s,\F
8,,3191307,,,,錧,s,\R
8,,3170077,,,,錧,s,쒬
8,,3170056,,,,錧,s,⒬
8,,3160006,,,,錧,s,L
8,,3170065,,,,錧,s,쒬
8,,3160001,,,,錧,s,zK
8,,3160021,,,,錧,s,䌴
8,,3170066,,,,錧,s,钬
8,,3160003,,,,錧,s,꒬
8,,3191416,,,,錧,s,cK
8,,3160013,,,,錧,s,Β
8,,3191231,,,,錧,s,
8,,3160033,,,,錧,s,
8,,3110401,,,,錧,s,[
8,,3160007,,,,錧,s,ے
8,,3170053,,,,錧,s,쒬
8,,3170051,,,,錧,s,{
8,,3160031,,,,錧,s,
8,,3160032,,,,錧,s,
8,,3160011,,,,錧,s,R
8,,3160023,,,,錧,s,
8,,3160014,,,,錧,s,
8,,3110403,,,,錧,s,͓
8,,3160004,,,,錧,s,꒬
8,,3170061,,,,錧,s,
8,,3170052,,,,錧,s,쒬
8,,3160034,,,,錧,s,
8,,3191414,,,,錧,s,
8,,3170062,,,,錧,s,a
8,,3170072,,,,錧,s,ٓV
8,,3160026,,,,錧,s,݂̌
8,,3160024,,,,錧,s,ؒ
8,,3191223,,,,錧,s,݂Ȃƒ
8,,3191224,,,,錧,s,썂쒬
8,,3170055,,,,錧,s,{c
8,,3170054,,,,錧,s,{{
8,,3191235,,,,錧,s,΋{
8,,3160025,,,,錧,s,XR
8,,3170063,,,,錧,s,t
8,,3000000,,,,錧,yYs,ȉɌfڂȂꍇ
8,,3000818,,,,錧,yYs,V
8,,3000873,,,,錧,yYs,r쉫
8,,3000871,,,,錧,yYs,r쉫
8,,3000874,,,,錧,yYs,r쉫
8,,3000877,,,,錧,yYs,r{
8,,3000035,,,,錧,yYs,L
8,,3000002,,,,錧,yYs,쒬
8,,3000802,,,,錧,yYs,ѓc
8,,3000047,,,,錧,yYs,c
8,,3000007,,,,錧,yYs,J
8,,3000001,,,,錧,yYs,
8,,3000835,,,,錧,yYs,c
8,,3004103,,,,錧,yYs,u
8,,3000028,,,,錧,yYs,
8,,3000044,,,,錧,yYs,蒬
8,,3004111,,,,錧,yYs,唨
8,,3000038,,,,錧,yYs,咬
8,,3000872,,,,錧,yYs,Vc
8,,3000023,,,,錧,yYs,h
8,,3004106,,,,錧,yYs,
8,,3000844,,,,錧,yYs,
8,,3000845,,,,錧,yYs,˓
8,,3004108,,,,錧,yYs,
8,,3000846,,,,錧,yYs,Rc
8,,3000847,,,,錧,yYs,
8,,3000008,,,,錧,yYs,}t
8,,3000804,,,,錧,yYs,
8,,3000825,,,,錧,yYs,P
8,,3004114,,,,錧,yYs,c
8,,3000811,,,,錧,yYs,㍂
8,,3000819,,,,錧,yYs,㍂ÐV
8,,3000836,,,,錧,yYs,GR
8,,3000033,,,,錧,yYs,
8,,3000011,,,,錧,yYs,_
8,,3000013,,,,錧,yYs,_
8,,3000012,,,,錧,yYs,_
8,,3000876,,,,錧,yYs,kr쉫
8,,3000015,,,,錧,yYs,k_
8,,3000026,,,,錧,yYs,ؓc]
8,,3000056,,,,錧,yYs,ؓc]
8,,3000027,,,,錧,yYs,ؓc]
8,,3000831,,,,錧,yYs,c
8,,3000834,,,,錧,yYs,c
8,,3000833,,,,錧,yYs,c
8,,3000814,,,,錧,yYs,
8,,3000032,,,,錧,yYs,Ζk
8,,3000823,,,,錧,yYs,
8,,3000826,,,,錧,yYs,Pu
8,,3000004,,,,錧,yYs,R
8,,3000832,,,,錧,yYs,Pu
8,,3000037,,,,錧,yYs,
8,,3000803,,,,錧,yYs,q
8,,3004104,,,,錧,yYs,
8,,3000805,,,,錧,yYs,
8,,3004113,,,,錧,yYs,c
8,,3000812,,,,錧,yYs,
8,,3000042,,,,錧,yYs,k
8,,3000022,,,,錧,yYs,
8,,3000021,,,,錧,yYs,J
8,,3000046,,,,錧,yYs,瑩
8,,3004117,,,,錧,yYs,
8,,3000839,,,,錧,yYs,c
8,,3000041,,,,錧,yYs,c
8,,3004118,,,,錧,yYs,cy
8,,3000048,,,,錧,yYs,c
8,,3000049,,,,錧,yYs,c
8,,3004105,,,,錧,yYs,c{
8,,3000024,,,,錧,yYs,c
8,,3000824,,,,錧,yYs,璹Pu
8,,3000043,,,,錧,yYs,
8,,3000062,,,,錧,yYs,sa
8,,3000025,,,,錧,yYs,쒬
8,,3000031,,,,錧,yYs,蒬
8,,3004107,,,,錧,yYs,鎛
8,,3000055,,,,錧,yYs,a
8,,3000841,,,,錧,yYs,
8,,3000875,,,,錧,yYs,r쉫
8,,3004101,,,,錧,yYs,i
8,,3000016,,,,錧,yYs,_
8,,3000815,,,,錧,yYs,
8,,3000009,,,,錧,yYs,s
8,,3000005,,,,錧,yYs,
8,,3000849,,,,錧,yYs,
8,,3000850,,,,錧,yYs,
8,,3000843,,,,錧,yYs,
8,,3000817,,,,錧,yYs,i
8,,3000810,,,,錧,yYs,i
8,,3000816,,,,錧,yYs,i
8,,3000061,,,,錧,yYs,
8,,3000014,,,,錧,yYs,_
8,,3000068,,,,錧,yYs,ؒ
8,,3000848,,,,錧,yYs,
8,,3000842,,,,錧,yYs,
8,,3000054,,,,錧,yYs,^璬
8,,3000821,,,,錧,yYs,@͌V
8,,3000822,,,,錧,yYs,@͌
8,,3000067,,,,錧,yYs,sa
8,,3000006,,,,錧,yYs,ђ
8,,3000069,,,,錧,yYs,ؒ
8,,3000052,,,,錧,yYs,^璬
8,,3000064,,,,錧,yYs,ᏼ
8,,3000065,,,,錧,yYs,햼
8,,3000813,,,,錧,yYs,xm
8,,3004115,,,,錧,yYs,
8,,3004116,,,,錧,yYs,Vc
8,,3000045,,,,錧,yYs,
8,,3004102,,,,錧,yYs,{
8,,3000051,,,,錧,yYs,^
8,,3000053,,,,錧,yYs,^V
8,,3000838,,,,錧,yYs,RVc
8,,3000837,,,,錧,yYs,E
8,,3000034,,,,錧,yYs,`
8,,3000066,,,,錧,yYs,|
8,,3000003,,,,錧,yYs,Pu
8,,3004112,,,,錧,yYs,
8,,3000801,,,,錧,yYs,
8,,3000036,,,,錧,yYs,a
8,,3000063,,,,錧,yYs,ᏼ
8,,3060000,,,,錧,É͎s,ȉɌfڂȂꍇ
8,,3060012,,,,錧,É͎s,
8,,3060044,,,,錧,É͎s,Vvc
8,,3060224,,,,錧,É͎s,Vc
8,,3060225,,,,錧,É͎s,镔
8,,3060202,,,,錧,É͎s,{
8,,3060105,,,,錧,É͎s,]
8,,3060236,,,,錧,É͎s,
8,,3060032,,,,錧,É͎s,蒬
8,,3060052,,,,錧,É͎s,R
8,,3060111,,,,錧,É͎s,ac
8,,3060206,,,,錧,É͎s,u
8,,3060101,,,,錧,É͎s,
8,,3060226,,,,錧,É͎s,
8,,3060104,,,,錧,É͎s,
8,,3060211,,,,錧,É͎s,
8,,3060223,,,,錧,É͎s,㍻
8,,3060201,,,,錧,É͎s,
8,,3060128,,,,錧,É͎s,Гc
8,,3060234,,,,錧,É͎s,ӌ
8,,3060122,,,,錧,É͎s,ac
8,,3060213,,,,錧,É͎s,k
8,,3060005,,,,錧,É͎s,k
8,,3060106,,,,錧,É͎s,kԒ
8,,3060115,,,,錧,É͎s,kRc
8,,3060212,,,,錧,É͎s,v\
8,,3060055,,,,錧,É͎s,₫
8,,3060041,,,,錧,É͎s,
8,,3060214,,,,錧,É͎s,
8,,3060016,,,,錧,É͎s,É
8,,3060231,,,,錧,É͎s,
8,,3060123,,,,錧,É͎s,ܕ
8,,3060045,,,,錧,É͎s,P
8,,3060121,,,,錧,É͎s,
8,,3060221,,,,錧,É͎s,H
8,,3060024,,,,錧,É͎s,K
8,,3060056,,,,錧,É͎s,
8,,3060036,,,,錧,É͎s,
8,,3060042,,,,錧,É͎s,Oa
8,,3060001,,,,錧,É͎s,Ò
8,,3060204,,,,錧,É͎s,
8,,3060127,,,,錧,É͎s,Гc
8,,3060235,,,,錧,É͎s,ӌ
8,,3060014,,,,錧,É͎s,R
8,,3060222,,,,錧,É͎s,߉
8,,3060116,,,,錧,É͎s,Vac
8,,3060205,,,,錧,É͎s,֌
8,,3060047,,,,錧,É͎s,
8,,3060051,,,,錧,É͎s,Vc
8,,3060033,,,,錧,É͎s,
8,,3060103,,,,錧,É͎s,GVc
8,,3060007,,,,錧,É͎s,Ւ
8,,3060043,,,,錧,É͎s,
8,,3060053,,,,錧,É͎s,c
8,,3060054,,,,錧,É͎s,cVc
8,,3060110,,,,錧,É͎s,
8,,3060233,,,,錧,É͎s,J
8,,3060037,,,,錧,É͎s,ђ
8,,3060038,,,,錧,É͎s,
8,,3060109,,,,錧,É͎s,Ԓ
8,,3060125,,,,錧,É͎s,mA
8,,3060035,,,,錧,É͎s,J
8,,3060034,,,,錧,É͎s,J
8,,3060026,,,,錧,É͎s,
8,,3060025,,,,錧,É͎s,
8,,3060011,,,,錧,É͎s,
8,,3060232,,,,錧,É͎s,J
8,,3060013,,,,錧,É͎s,{
8,,3060107,,,,錧,É͎s,Ԓ
8,,3060124,,,,錧,É͎s,
8,,3060112,,,,錧,É͎s,Rc
8,,3060006,,,,錧,É͎s,a
8,,3060023,,,,錧,É͎s,{
8,,3060216,,,,錧,É͎s,O
8,,3060046,,,,錧,É͎s,qn
8,,3060021,,,,錧,É͎s,
8,,3060215,,,,錧,É͎s,C
8,,3060002,,,,錧,É͎s,O
8,,3060003,,,,錧,É͎s,Β
8,,3060015,,,,錧,É͎s,쒬
8,,3060108,,,,錧,É͎s,Ԓ
8,,3060031,,,,錧,É͎s,{O
8,,3060126,,,,錧,É͎s,
8,,3060113,,,,錧,É͎s,JL
8,,3060203,,,,錧,É͎s,
8,,3060114,,,,錧,É͎s,Rc
8,,3060022,,,,錧,É͎s,R
8,,3060004,,,,錧,É͎s,d
8,,3150000,,,,錧,Ήs,ȉɌfڂȂꍇ
8,,3150148,,,,錧,Ήs,c
8,,3150038,,,,錧,Ήs,
8,,3150021,,,,錧,Ήs,r
8,,3150030,,,,錧,Ήs,ȓ
8,,3150001,,,,錧,Ήs,Ή
8,,3150046,,,,錧,Ήs,ΐ
8,,3150025,,,,錧,Ήs,
8,,3150047,,,,錧,Ήs,
8,,3150162,,,,錧,Ήs,F
8,,3150115,,,,錧,Ήs,Y{
8,,3150157,,,,錧,Ήs,]
8,,3150009,,,,錧,Ήs,卻
8,,3150102,,,,錧,Ήs,c
8,,3150105,,,,錧,Ήs,
8,,3150101,,,,錧,Ήs,呝
8,,3150036,,,,錧,Ήs,J
8,,3150165,,,,錧,Ήs,q
8,,3150144,,,,錧,Ήs,z
8,,3150155,,,,錧,Ήs,
8,,3150104,,,,錧,Ήs,
8,,3150166,,,,錧,Ήs,Rc
8,,3150015,,,,錧,Ήs,Ln
8,,3150116,,,,錧,Ήs,`
8,,3150002,,,,錧,Ήs,
8,,3150004,,,,錧,Ήs,
8,,3150113,,,,錧,Ήs,Љ
8,,3150136,,,,錧,Ήs,Ж
8,,3150137,,,,錧,Ήs,w
8,,3150005,,,,錧,Ήs,̎q
8,,3150154,,,,錧,Ήs,
8,,3150138,,,,錧,Ήs,
8,,3150135,,,,錧,Ήs,
8,,3150114,,,,錧,Ήs,×ǎ
8,,3150134,,,,錧,Ήs,얔
8,,3150111,,,,錧,Ήs,J
8,,3150044,,,,錧,Ήs,k{
8,,3150012,,,,錧,Ήs,k{
8,,3150163,,,,錧,Ήs,~
8,,3150010,,,,錧,Ήs,Α
8,,3150032,,,,錧,Ήs,
8,,3150014,,,,錧,Ήs,{
8,,3150161,,,,錧,Ήs,
8,,3150164,,,,錧,Ήs,
8,,3150019,,,,錧,Ήs,h
8,,3150117,,,,錧,Ήs,v
8,,3150143,,,,錧,Ήs,ē
8,,3150124,,,,錧,Ήs,Ċ
8,,3150153,,,,錧,Ήs,
8,,3150131,,,,錧,Ήs,
8,,3150011,,,,錧,Ήs,
8,,3150146,,,,錧,Ήs,Ҋ
8,,3150151,,,,錧,Ήs,{
8,,3150027,,,,錧,Ήs,
8,,3150026,,,,錧,Ήs,̈
8,,3150016,,,,錧,Ήs,
8,,3150007,,,,錧,Ήs,J
8,,3150045,,,,錧,Ήs,l
8,,3150041,,,,錧,Ήs,c
8,,3150141,,,,錧,Ήs,
8,,3150147,,,,錧,Ήs,
8,,3150033,,,,錧,Ήs,
8,,3150043,,,,錧,Ήs,Ð
8,,3150103,,,,錧,Ήs,
8,,3150006,,,,錧,Ήs,
8,,3150022,,,,錧,Ήs,s
8,,3150029,,,,錧,Ήs,
8,,3150132,,,,錧,Ήs,
8,,3150118,,,,錧,Ήs,c
8,,3150024,,,,錧,Ήs,
8,,3150042,,,,錧,Ήs,
8,,3150133,,,,錧,Ήs,c
8,,3150028,,,,錧,Ήs,m
8,,3150037,,,,錧,Ήs,Ή
8,,3150031,,,,錧,Ήs,勴
8,,3150034,,,,錧,Ήs,c
8,,3150122,,,,錧,Ήs,
8,,3150023,,,,錧,Ήs,{
8,,3150013,,,,錧,Ήs,{
8,,3150145,,,,錧,Ήs,
8,,3150112,,,,錧,Ήs,
8,,3150152,,,,錧,Ήs,גJ
8,,3150121,,,,錧,Ήs,^
8,,3150035,,,,錧,Ήs,
8,,3150048,,,,錧,Ήs,O
8,,3150123,,,,錧,Ήs,{P
8,,3150008,,,,錧,Ήs,
8,,3150125,,,,錧,Ήs,R
8,,3150003,,,,錧,Ήs,J
8,,3150142,,,,錧,Ήs,|
8,,3150156,,,,錧,Ήs,g
8,,3150167,,,,錧,Ήs,
8,,3150018,,,,錧,Ήs,ᏼ
8,,3150017,,,,錧,Ήs,{
8,,3070000,,,,錧,s,ȉɌfڂȂꍇ
8,,3070028,,,,錧,s,h
8,,3070045,,,,錧,s,㐬
8,,3070041,,,,錧,s,]咬
8,,3070042,,,,錧,s,]Vh
8,,3070031,,,,錧,s,
8,,3070055,,,,錧,s,勴
8,,3070002,,,,錧,s,J
8,,3070007,,,,錧,s,c
8,,3070027,,,,錧,s,
8,,3070015,,,,錧,s,E
8,,3070021,,,,錧,s,R
8,,3070005,,,,錧,s,ؒJ
8,,3070012,,,,錧,s,vۓc
8,,3070051,,,,錧,s,{
8,,3070006,,,,錧,s,܏
8,,3070011,,,,錧,s,X
8,,3070023,,,,錧,s,R
8,,3070038,,,,錧,s,܎O
8,,3070054,,,,錧,s,쒬
8,,3070034,,,,錧,s,VhVc
8,,3070016,,,,錧,s,V璇ʂ
8,,3070053,,,,錧,s,V
8,,3070029,,,,錧,s,V
8,,3070035,,,,錧,s,PEVc
8,,3070043,,,,錧,s,
8,,3070044,,,,錧,s,c
8,,3070052,,,,錧,s,
8,,3070013,,,,錧,s,
8,,3070026,,,,錧,s,F
8,,3070025,,,,錧,s,l
8,,3070014,,,,錧,s,
8,,3070037,,,,錧,s,ΘC
8,,3070003,,,,錧,s,xm
8,,3070032,,,,錧,s,ÏhVc
8,,3070036,,,,錧,s,kΘC
8,,3070024,,,,錧,s,C
8,,3070004,,,,錧,s,݂ǂ蒬
8,,3070022,,,,錧,s,
8,,3070033,,,,錧,s,RVh
8,,3070001,,,,錧,s,
8,,3070046,,,,錧,s,
8,,3070017,,,,錧,s,{
8,,3010000,,,,錧,Ps,ȉɌfڂȂꍇ
8,,3010821,,,,錧,Ps,
8,,3010838,,,,錧,Ps,˒
8,,3010857,,,,錧,Ps,
8,,3010801,,,,錧,Ps,
8,,3010045,,,,錧,Ps,אVc
8,,3010046,,,,錧,Ps,n
8,,3010805,,,,錧,Ps,q
8,,3010851,,,,錧,Ps,˒
8,,3010025,,,,錧,Ps,嗯
8,,3010856,,,,錧,Ps,L˒
8,,3010006,,,,錧,Ps,qVc
8,,3010817,,,,錧,Ps,哿V
8,,3010012,,,,錧,Ps,㒬
8,,3010048,,,,錧,Ps,蒬
8,,3010825,,,,錧,Ps,]
8,,3010005,,,,錧,Ps,쌴㒬
8,,3010021,,,,錧,Ps,k
8,,3010001,,,,錧,Ps,vۑ
8,,3010802,,,,錧,Ps,쒬
8,,3010822,,,,錧,Ps,c
8,,3010852,,,,錧,Ps,z
8,,3010044,,,,錧,Ps,
8,,3010834,,,,錧,Ps,Ï
8,,3010034,,,,錧,Ps,ʍKJ
8,,3010018,,,,錧,Ps,Ē
8,,3010826,,,,錧,Ps,h
8,,3010032,,,,錧,Ps,
8,,3010033,,,,錧,Ps,ђ
8,,3010812,,,,錧,Ps,
8,,3010824,,,,錧,Ps,
8,,3010847,,,,錧,Ps,m
8,,3010031,,,,錧,Ps,qVc
8,,3010841,,,,錧,Ps,H
8,,3010833,,,,錧,Ps,鉺
8,,3010813,,,,錧,Ps,V
8,,3010815,,,,錧,Ps,
8,,3010014,,,,錧,Ps,{x
8,,3010823,,,,錧,Ps,
8,,3010816,,,,錧,Ps,哿
8,,3010814,,,,錧,Ps,
8,,3010026,,,,錧,Ps,{
8,,3010839,,,,錧,Ps,oR
8,,3010835,,,,錧,Ps,c
8,,3010836,,,,錧,Ps,
8,,3010024,,,,錧,Ps,Lc
8,,3010854,,,,錧,Ps,
8,,3010002,,,,錧,Ps,
8,,3010016,,,,錧,Ps,Vc
8,,3010015,,,,錧,Ps,
8,,3010804,,,,錧,Ps,
8,,3010042,,,,錧,Ps,R
8,,3010845,,,,錧,Ps,ތˉ
8,,3010004,,,,錧,Ps,n
8,,3010007,,,,錧,Ps,Ē
8,,3010803,,,,錧,Ps,h˒
8,,3010837,,,,錧,Ps,
8,,3010023,,,,錧,Ps,H
8,,3010843,,,,錧,Ps,H
8,,3010806,,,,錧,Ps,c
8,,3010035,,,,錧,Ps,B
8,,3010017,,,,錧,Ps,P{
8,,3010003,,,,錧,Ps,
8,,3010844,,,,錧,Ps,
8,,3010855,,,,錧,Ps,Pu
8,,3010846,,,,錧,Ps,ʏ
8,,3010853,,,,錧,Ps,Pu
8,,3010043,,,,錧,Ps,t
8,,3010013,,,,錧,Ps,
8,,3010832,,,,錧,Ps,Β
8,,3010022,,,,錧,Ps,삪u
8,,3010047,,,,錧,Ps,쒆
8,,3010811,,,,錧,Ps,{
8,,3010842,,,,錧,Ps,㒬
8,,3010831,,,,錧,Ps,쌴
8,,3010011,,,,錧,Ps,
8,,3010041,,,,錧,Ps,Ē
8,,3040000,,,,錧,Ȏs,ȉɌfڂȂꍇ
8,,3040074,,,,錧,Ȏs,Ԑ{
8,,3040803,,,,錧,Ȏs,Ɍ×
8,,3040057,,,,錧,Ȏs,΂̋{
8,,3040053,,,,錧,Ȏs,
8,,3040002,,,,錧,Ȏs,]
8,,3040004,,,,錧,Ȏs,
8,,3040025,,,,錧,Ȏs,ؐVc
8,,3040023,,,,錧,Ȏs,
8,,3040801,,,,錧,Ȏs,剀
8,,3040804,,,,錧,Ȏs,
8,,3040051,,,,錧,Ȏs,
8,,3040063,,,,錧,Ȏs,q
8,,3040016,,,,錧,Ȏs,{
8,,3040819,,,,錧,Ȏs,
8,,3040050,,,,錧,Ȏs,T
8,,3040048,,,,錧,Ȏs,{
8,,3040805,,,,錧,Ȏs,
8,,3040021,,,,錧,Ȏs,k
8,,3040818,,,,錧,Ȏs,S{
8,,3040073,,,,錧,Ȏs,˃P
8,,3040802,,,,錧,Ȏs,~
8,,3040007,,,,錧,Ȏs,
8,,3040823,,,,錧,Ȏs,܉
8,,3040034,,,,錧,Ȏs,
8,,3040024,,,,錧,Ȏs,{Vc
8,,3040055,,,,錧,Ȏs,Vc
8,,3040013,,,,錧,Ȏs,{
8,,3040071,,,,錧,Ȏs,K
8,,3040006,,,,錧,Ȏs,
8,,3040072,,,,錧,Ȏs,a
8,,3040815,,,,錧,Ȏs,ac
8,,3040028,,,,錧,Ȏs,،
8,,3040811,,,,錧,Ȏs,I
8,,3040015,,,,錧,Ȏs,c
8,,3040066,,,,錧,Ȏs,ȍb
8,,3040067,,,,錧,Ȏs,ȉ
8,,3040061,,,,錧,Ȏs,ȕ
8,,3040068,,,,錧,Ȏs,Ȓ
8,,3040062,,,,錧,Ȏs,ȕ
8,,3040011,,,,錧,Ȏs,_
8,,3040003,,,,錧,Ȏs,֖{
8,,3040814,,,,錧,Ȏs,@
8,,3040022,,,,錧,Ȏs,
8,,3040031,,,,錧,Ȏs,c
8,,3040812,,,,錧,Ȏs,c
8,,3040069,,,,錧,Ȏs,c
8,,3040017,,,,錧,Ȏs,}g
8,,3040054,,,,錧,Ȏs,w
8,,3040014,,,,錧,Ȏs,
8,,3040056,,,,錧,Ȏs,
8,,3040049,,,,錧,Ȏs,Vx
8,,3040052,,,,錧,Ȏs,{I
8,,3040817,,,,錧,Ȏs,Hq
8,,3040816,,,,錧,Ȏs,
8,,3040005,,,,錧,Ȏs,J
8,,3040032,,,,錧,Ȏs,
8,,3040047,,,,錧,Ȏs,IJ
8,,3040046,,,,錧,Ȏs,
8,,3040001,,,,錧,Ȏs,
8,,3040018,,,,錧,Ȏs,
8,,3040026,,,,錧,Ȏs,
8,,3040027,,,,錧,Ȏs,c
8,,3040042,,,,錧,Ȏs,ܔ
8,,3040041,,,,錧,Ȏs,Ñ
8,,3040821,,,,錧,Ȏs,ʕ{
8,,3040033,,,,錧,Ȏs,xU
8,,3040065,,,,錧,Ȏs,{h
8,,3040813,,,,錧,Ȏs,{@
8,,3040076,,,,錧,Ȏs,O͌
8,,3040806,,,,錧,Ȏs,c
8,,3040822,,,,錧,Ȏs,Ft
8,,3040075,,,,錧,Ȏs,쌴
8,,3040824,,,,錧,Ȏs,
8,,3040064,,,,錧,Ȏs,{钬
8,,3040044,,,,錧,Ȏs,
8,,3040043,,,,錧,Ȏs,Jc
8,,3040045,,,,錧,Ȏs,RK
8,,3040035,,,,錧,Ȏs,
8,,3040012,,,,錧,Ȏs,
8,,3030000,,,,錧,푍s,ȉɌfڂȂꍇ
8,,3030002,,,,錧,푍s,J
8,,3030011,,,,錧,푍s,
8,,3030016,,,,錧,푍s,Vؒ
8,,3002525,,,,錧,푍s,ɍqVc
8,,3030043,,,,錧,푍s,J
8,,3030046,,,,錧,푍s,Jʂ̗
8,,3030012,,,,錧,푍s,蒬
8,,3002727,,,,錧,푍s,
8,,3002745,,,,錧,푍s,Vc
8,,3030045,,,,錧,푍s,ˌ˒
8,,3002526,,,,錧,푍s,吶Vc
8,,3002521,,,,錧,푍s,吶
8,,3002512,,,,錧,푍s,֒
8,,3002743,,,,錧,푍s,c
8,,3002504,,,,錧,푍s,Vc
8,,3002703,,,,錧,푍s,ې
8,,3002503,,,,錧,푍s,蒬
8,,3002722,,,,錧,푍s,
8,,3002723,,,,錧,푍s,Vc
8,,3002734,,,,錧,푍s,IRVc
8,,3002746,,,,錧,푍s,R
8,,3002732,,,,錧,푍s,RVc
8,,3002741,,,,錧,푍s,
8,,3030006,,,,錧,푍s,R˒
8,,3002524,,,,錧,푍s,ܘYqVc
8,,3030042,,,,錧,푍s,蒬
8,,3002747,,,,錧,푍s,[
8,,3002523,,,,錧,푍s,ːVc
8,,3002735,,,,錧,푍s,Vc
8,,3002721,,,,錧,푍s,R
8,,3030018,,,,錧,푍s,\Ԓ
8,,3002502,,,,錧,푍s,֒
8,,3002706,,,,錧,푍s,VΉ
8,,3030044,,,,錧,푍s,
8,,3002744,,,,錧,푍s,R
8,,3002713,,,,錧,푍s,[J
8,,3002716,,,,錧,푍s,[
8,,3002704,,,,錧,푍s,ڕ
8,,3030015,,,,錧,푍s,
8,,3002717,,,,錧,푍s,쌴
8,,3030041,,,,錧,푍s,L
8,,3002705,,,,錧,푍s,Lc
8,,3002505,,,,錧,푍s,Ȓ
8,,3002726,,,,錧,푍s,
8,,3030001,,,,錧,푍s,R
8,,3002511,,,,錧,푍s,ԓ
8,,3002513,,,,錧,푍s,H
8,,3002748,,,,錧,푍s,n
8,,3002733,,,,錧,푍s,nVc
8,,3002702,,,,錧,푍s,h
8,,3030014,,,,錧,푍s,
8,,3002501,,,,錧,푍s,
8,,3002724,,,,錧,푍s,ÊԖ
8,,3002731,,,,錧,푍s,ÊԖؐVc
8,,3002725,,,,錧,푍s,ÊԖ؏Vc
8,,3002714,,,,錧,푍s,
8,,3030017,,,,錧,푍s,
8,,3002712,,,,錧,푍s,ȓc
8,,3002736,,,,錧,푍s,Vc
8,,3002507,,,,錧,푍s,OVc
8,,3002506,,,,錧,푍s,O⒬
8,,3030025,,,,錧,푍s,CT
8,,3030032,,,,錧,푍s,C얔
8,,3030033,,,,錧,푍s,C쒬
8,,3030024,,,,錧,푍s,Ch
8,,3030021,,,,錧,푍s,CzK
8,,3030023,,,,錧,푍s,C
8,,3030034,,,,錧,푍s,CV
8,,3030003,,,,錧,푍s,C{
8,,3030022,,,,錧,푍s,C
8,,3030026,,,,錧,푍s,C{
8,,3030004,,,,錧,푍s,C
8,,3030005,,,,錧,푍s,CX
8,,3030031,,,,錧,푍s,CRc
8,,3030013,,,,錧,푍s,֒
8,,3002742,,,,錧,푍s,Ή
8,,3002707,,,,錧,푍s,{Ή
8,,3002711,,,,錧,푍s,{Lc
8,,3002715,,,,錧,푍s,R
8,,3002522,,,,錧,푍s,]Vc
8,,3002701,,,,錧,푍s,{
8,,3130000,,,,錧,헤cs,ȉɌfڂȂꍇ
8,,3130102,,,,錧,헤cs,ԓy
8,,3130121,,,,錧,헤cs,Ԓ
8,,3130132,,,,錧,헤cs,Vn
8,,3130007,,,,錧,헤cs,Vh
8,,3130045,,,,錧,헤cs,
8,,3130042,,,,錧,헤cs,镔
8,,3130041,,,,錧,헤cs,ؒ
8,,3130112,,,,錧,헤cs,蒬
8,,3130037,,,,錧,헤cs,c
8,,3130063,,,,錧,헤cs,x
8,,3130116,,,,錧,헤cs,
8,,3130125,,,,錧,헤cs,嗢
8,,3110508,,,,錧,헤cs,君
8,,3130124,,,,錧,헤cs,啽
8,,3110505,,,,錧,헤cs,咆
8,,3130021,,,,錧,헤cs,X
8,,3130031,,,,錧,헤cs,c
8,,3130038,,,,錧,헤cs,
8,,3130135,,,,錧,헤cs,
8,,3130036,,,,錧,헤cs,
8,,3130033,,,,錧,헤cs,ڒ
8,,3110506,,,,錧,헤cs,܋
8,,3130035,,,,錧,헤cs,֒
8,,3130016,,,,錧,헤cs,䒬
8,,3130001,,,,錧,헤cs,咬
8,,3130046,,,,錧,헤cs,͍
8,,3130353,,,,錧,헤cs,㍂q
8,,3130034,,,,錧,헤cs,yؓ
8,,3130104,,,,錧,헤cs,㗘
8,,3110509,,,,錧,헤cs,[
8,,3130101,,,,錧,헤cs,{͓
8,,3130023,,,,錧,헤cs,T쒬
8,,3110301,,,,錧,헤cs,͓
8,,3130015,,,,錧,헤cs,؍꒬
8,,3130014,,,,錧,헤cs,؍
8,,3130126,,,,錧,헤cs,J
8,,3130221,,,,錧,헤cs,
8,,3130123,,,,錧,헤cs,vĒ
8,,3130351,,,,錧,헤cs,V쒬
8,,3110507,,,,錧,헤cs,
8,,3110503,,,,錧,헤cs,Ȓ
8,,3130064,,,,錧,헤cs,
8,,3110504,,,,錧,헤cs,
8,,3130005,,,,錧,헤cs,h
8,,3110501,,,,錧,헤cs,쒬
8,,3110325,,,,錧,헤cs,{
8,,3130032,,,,錧,헤cs,ڒ
8,,3130012,,,,錧,헤cs,O˒
8,,3130047,,,,錧,헤cs,
8,,3130002,,,,錧,헤cs,咬
8,,3130044,,,,錧,헤cs,͍
8,,3130352,,,,錧,헤cs,q
8,,3130106,,,,錧,헤cs,
8,,3130103,,,,錧,헤cs,{͓
8,,3110322,,,,錧,헤cs,핟n
8,,3110324,,,,錧,헤cs,H
8,,3130003,,,,錧,헤cs,
8,,3130111,,,,錧,헤cs,
8,,3130113,,,,錧,헤cs,`
8,,3130024,,,,錧,헤cs,ђ
8,,3130115,,,,錧,헤cs,|
8,,3130225,,,,錧,헤cs,IJ
8,,3130122,,,,錧,헤cs,ʑ
8,,3130026,,,,錧,헤cs,cn
8,,3110323,,,,錧,헤cs,
8,,3130049,,,,錧,헤cs,V_ђ
8,,3130224,,,,錧,헤cs,An
8,,3110502,,,,錧,헤cs,c
8,,3130061,,,,錧,헤cs,钬
8,,3130212,,,,錧,헤cs,
8,,3130105,,,,錧,헤cs,
8,,3130134,,,,錧,헤cs,쒬
8,,3130056,,,,錧,헤cs,꒬
8,,3130055,,,,錧,헤cs,
8,,3130054,,,,錧,헤cs,O
8,,3110314,,,,錧,헤cs,͓㒬
8,,3110313,,,,錧,헤cs,͓
8,,3110312,,,,錧,헤cs,͓
8,,3130215,,,,錧,헤cs,
8,,3130011,,,,錧,헤cs,{
8,,3130027,,,,錧,헤cs,J
8,,3130025,,,,錧,헤cs,
8,,3130131,,,,錧,헤cs,Ԗ[
8,,3130062,,,,錧,헤cs,
8,,3130004,,,,錧,헤cs,n꒬
8,,3110321,,,,錧,헤cs,tF
8,,3130051,,,,錧,헤cs,꒬
8,,3130052,,,,錧,헤cs,
8,,3130053,,,,錧,헤cs,O
8,,3130211,,,,錧,헤cs,
8,,3130048,,,,錧,헤cs,c
8,,3130008,,,,錧,헤cs,䒬
8,,3130213,,,,錧,헤cs,c
8,,3110311,,,,錧,헤cs,
8,,3130133,,,,錧,헤cs,h
8,,3130222,,,,錧,헤cs,
8,,3130022,,,,錧,헤cs,^|
8,,3130114,,,,錧,헤cs,
8,,3130117,,,,錧,헤cs,{̋
8,,3130006,,,,錧,헤cs,{{
8,,3130043,,,,錧,헤cs,J͌
8,,3130013,,,,錧,헤cs,R
8,,3130214,,,,錧,헤cs,av
8,,3130223,,,,錧,헤cs,ac
8,,3180000,,,,錧,s,ȉɌfڂȂꍇ
8,,3180001,,,,錧,s,ԕl
8,,3180024,,,,錧,s,HR
8,,3180021,,,,錧,s,ǐ
8,,3180012,,,,錧,s,L
8,,3180022,,,,錧,s,Α
8,,3180103,,,,錧,s,\
8,,3180031,,,,錧,s,t
8,,3180105,,,,錧,s,Nc
8,,3180004,,,,錧,s,j
8,,3180023,,,,錧,s,
8,,3180106,,,,錧,s,Nc
8,,3180003,,,,錧,s,j
8,,3180002,,,,錧,s,
8,,3180034,,,,錧,s,
8,,3180013,,,,錧,s,l
8,,3180104,,,,錧,s,ː
8,,3180014,,,,錧,s,{
8,,3180011,,,,錧,s,O
8,,3180025,,,,錧,s,
8,,3180005,,,,錧,s,]C
8,,3180033,,,,錧,s,{
8,,3180032,,,,錧,s,a
8,,3180101,,,,錧,s,
8,,3180102,,,,錧,s,I
8,,3191500,,,,錧,ks,ȉɌfڂȂꍇ
8,,3191541,,,,錧,ks,錴錴
8,,3191547,,,,錧,ks,錴
8,,3191546,,,,錧,ks,錴
8,,3191544,,,,錧,ks,錴㑊c
8,,3191545,,,,錧,ks,錴؎M
8,,3191543,,,,錧,ks,錴Lc
8,,3191542,,,,錧,ks,錴{
8,,3191702,,,,錧,ks,Ò
8,,3191703,,,,錧,ks,Ò܉Y
8,,3191704,,,,錧,ks,Òk
8,,3191714,,,,錧,ks,֓쒬_
8,,3191715,,,,錧,ks,֓쒬_
8,,3191712,,,,錧,ks,֓쒬
8,,3191711,,,,錧,ks,֓쒬֖{
8,,3191713,,,,錧,ks,֓쒬mc
8,,3191727,,,,錧,ks,֖{
8,,3191726,,,,錧,ks,֖{ˊ
8,,3191721,,,,錧,ks,֖{֖{
8,,3191723,,,,錧,ks,֖{֖{
8,,3191724,,,,錧,ks,֖{
8,,3191722,,,,錧,ks,֖{c
8,,3191725,,,,錧,ks,֖{xmPu
8,,3191552,,,,錧,ks,
8,,3191554,,,,錧,ks,
8,,3191558,,,,錧,ks,Ή
8,,3191555,,,,錧,ks,w
8,,3191559,,,,錧,ks,
8,,3191553,,,,錧,ks,Pu
8,,3191551,,,,錧,ks,
8,,3191556,,,,錧,ks,I
8,,3191557,,,,錧,ks,
8,,3191538,,,,錧,ks,ؐ쒬
8,,3191535,,,,錧,ks,ؐ쒬P
8,,3191532,,,,錧,ks,ؐ쒬㏬Óc
8,,3191533,,,,錧,ks,ؐ쒬Óc
8,,3191534,,,,錧,ks,ؐ쒬
8,,3191537,,,,錧,ks,ؐ쒬c
8,,3191536,,,,錧,ks,ؐ쒬
8,,3191531,,,,錧,ks,ؐ쒬ԉ
8,,3191701,,,,錧,ks,
8,,3091600,,,,錧,}Ԏs,ȉɌfڂȂꍇ
8,,3091616,,,,錧,}Ԏs,ԍ
8,,3190206,,,,錧,}Ԏs,
8,,3091717,,,,錧,}Ԏs,
8,,3091632,,,,錧,}Ԏs,э
8,,3091605,,,,錧,}Ԏs,ѓc
8,,3091602,,,,錧,}Ԏs,r
8,,3091613,,,,錧,}Ԏs,Έ
8,,3091607,,,,錧,}Ԏs,Ύ
8,,3190209,,,,錧,}Ԏs,
8,,3190208,,,,錧,}Ԏs,sJ
8,,3091635,,,,錧,}Ԏs,c
8,,3091636,,,,錧,}Ԏs,勽
8,,3091724,,,,錧,}Ԏs,ÎR
8,,3091738,,,,錧,}Ԏs,c
8,,3091601,,,,錧,}Ԏs,勴
8,,3091604,,,,錧,}Ԏs,基
8,,3190205,,,,錧,}Ԏs,
8,,3091701,,,,錧,}Ԏs,
8,,3091611,,,,錧,}Ԏs,}
8,,3091713,,,,錧,}Ԏs,
8,,3091637,,,,錧,}Ԏs,В
8,,3091615,,,,錧,}Ԏs,
8,,3091731,,,,錧,}Ԏs,s
8,,3091623,,,,錧,}Ԏs,c
8,,3190201,,,,錧,}Ԏs,㋽
8,,3091624,,,,錧,}Ԏs,kg
8,,3091625,,,,錧,}Ԏs,
8,,3091703,,,,錧,}Ԏs,
8,,3091706,,,,錧,}Ԏs,
8,,3091702,,,,錧,}Ԏs,ܕ
8,,3091626,,,,錧,}Ԏs,s
8,,3091733,,,,錧,}Ԏs,s
8,,3091726,,,,錧,}Ԏs,c
8,,3190202,,,,錧,}Ԏs,
8,,3091716,,,,錧,}Ԏs,Zg
8,,3091722,,,,錧,}Ԏs,
8,,3091737,,,,錧,}Ԏs,
8,,3091621,,,,錧,}Ԏs,z
8,,3091614,,,,錧,}Ԏs,
8,,3091735,,,,錧,}Ԏs,FwO
8,,3091732,,,,錧,}Ԏs,s
8,,3091712,,,,錧,}Ԏs,eH
8,,3091711,,,,錧,}Ԏs,
8,,3091714,,,,錧,}Ԏs,mÓc
8,,3091631,,,,錧,}Ԏs,c
8,,3190204,,,,錧,}Ԏs,yt
8,,3091721,,,,錧,}Ԏs,
8,,3091705,,,,錧,}Ԏs,
8,,3091606,,,,錧,}Ԏs,
8,,3091612,,,,錧,}Ԏs,
8,,3190207,,,,錧,}Ԏs,
8,,3091603,,,,錧,}Ԏs,c
8,,3091634,,,,錧,}Ԏs,
8,,3091725,,,,錧,}Ԏs,쏬
8,,3091734,,,,錧,}Ԏs,F
8,,3091622,,,,錧,}Ԏs,g
8,,3091704,,,,錧,}Ԏs,
8,,3091633,,,,錧,}Ԏs,{
8,,3091736,,,,錧,}Ԏs,_
8,,3091723,,,,錧,}Ԏs,쉺
8,,3091715,,,,錧,}Ԏs,
8,,3190203,,,,錧,}Ԏs,g
8,,3020000,,,,錧,s,ȉɌfڂȂꍇ
8,,3020006,,,,錧,s,
8,,3020037,,,,錧,s,sV
8,,3020026,,,,錧,s,
8,,3020011,,,,錧,s,
8,,3020015,,,,錧,s,
8,,3020012,,,,錧,s,cn
8,,3001523,,,,錧,s,嗯
8,,3020003,,,,錧,s,x
8,,3001503,,,,錧,s,
8,,3001546,,,,錧,s,
8,,3001521,,,,錧,s,
8,,3020001,,,,錧,s,
8,,3020036,,,,錧,s,L
8,,3001542,,,,錧,s,_Z
8,,3001513,,,,錧,s,В
8,,3001506,,,,錧,s,㊞
8,,3020035,,,,錧,s,㍂
8,,3001504,,,,錧,s,
8,,3001524,,,,錧,s,_Y
8,,3001511,,,,錧,s,
8,,3020017,,,,錧,s,K
8,,3001537,,,,錧,s,їL
8,,3001539,,,,錧,s,
8,,3001536,,,,錧,s,
8,,3001531,,,,錧,s,C
8,,3020027,,,,錧,s,
8,,3020033,,,,錧,s,ăm
8,,3001525,,,,錧,s,u
8,,3001544,,,,錧,s,R
8,,3001508,,,,錧,s,
8,,3001534,,,,錧,s,a
8,,3001535,,,,錧,s,
8,,3001505,,,,錧,s,
8,,3020038,,,,錧,s,
8,,3001502,,,,錧,s,V
8,,3020031,,,,錧,s,V
8,,3020024,,,,錧,s,V
8,,3020013,,,,錧,s,h
8,,3001522,,,,錧,s,{
8,,3020014,,,,錧,s,
8,,3020002,,,,錧,s,qVc
8,,3020021,,,,錧,s,c
8,,3020034,,,,錧,s,˓
8,,3020004,,,,錧,s,
8,,3001543,,,,錧,s,
8,,3001533,,,,錧,s,c
8,,3020016,,,,錧,s,
8,,3020025,,,,錧,s,
8,,3020032,,,,錧,s,X
8,,3001541,,,,錧,s,z
8,,3020023,,,,錧,s,R
8,,3001507,,,,錧,s,lc
8,,3020005,,,,錧,s,
8,,3001515,,,,錧,s,
8,,3001512,,,,錧,s,
8,,3001516,,,,錧,s,
8,,3001501,,,,錧,s,ot
8,,3020022,,,,錧,s,{
8,,3001514,,,,錧,s,{ac
8,,3001532,,,,錧,s,J
8,,3020039,,,,錧,s,߂ݖ
8,,3020007,,,,錧,s,gc
8,,3001538,,,,錧,s,ēc
8,,3001545,,,,錧,s,ac
8,,3001200,,,,錧,vs,ȉɌfڂȂꍇ
8,,3001282,,,,錧,vs,m
8,,3001221,,,,錧,vs,v
8,,3001204,,,,錧,vs,
8,,3001283,,,,錧,vs,
8,,3001286,,,,錧,vs,⒬
8,,3001214,,,,錧,vs,
8,,3001211,,,,錧,vs,c
8,,3001281,,,,錧,vs,j
8,,3001213,,,,錧,vs,㑾c
8,,3001232,,,,錧,vs,㔐c
8,,3001216,,,,錧,vs,_J
8,,3001235,,,,錧,vs,J
8,,3001288,,,,錧,vs,v쒬
8,,3001212,,,,錧,vs,
8,,3001233,,,,錧,vs,h
8,,3001217,,,,錧,vs,
8,,3001231,,,,錧,vs,q
8,,3001284,,,,錧,vs,c
8,,3001203,,,,錧,vs,
8,,3001285,,,,錧,vs,
8,,3001223,,,,錧,vs,钆
8,,3001224,,,,錧,vs,qVc
8,,3001225,,,,錧,vs,Vn
8,,3001237,,,,錧,vs,c{
8,,3001236,,,,錧,vs,c{
8,,3001234,,,,錧,vs,
8,,3001215,,,,錧,vs,R
8,,3001202,,,,錧,vs,
8,,3001205,,,,錧,vs,ac
8,,3001201,,,,錧,vs,̌
8,,3001206,,,,錧,vs,Ђ쐼
8,,3001207,,,,錧,vs,Ђ쓌
8,,3001287,,,,錧,vs,c
8,,3001222,,,,錧,vs,
8,,3050000,,,,錧,Ύs,ȉɌfڂȂꍇ
8,,3050062,,,,錧,Ύs,Ԓ
8,,3004203,,,,錧,Ύs,
8,,3050804,,,,錧,Ύs,iPj
8,,3002632,,,,錧,Ύs,ȋj
8,,3004205,,,,錧,Ύs,H
8,,3001261,,,,錧,Ύs,і
8,,3050031,,,,錧,Ύs,
8,,3050005,,,,錧,Ύs,Vv
8,,3001253,,,,錧,Ύs,V
8,,3050835,,,,錧,Ύs,V
8,,3050076,,,,錧,Ύs,Vqc
8,,3050874,,,,錧,Ύs,ѓc
8,,3004243,,,,錧,Ύs,rc
8,,3050901,,,,錧,Ύs,ȓiQj
8,,3001240,,,,錧,Ύs,ȓȋj
8,,3001269,,,,錧,Ύs,r
8,,3004235,,,,錧,Ύs,
8,,3004248,,,,錧,Ύs,镔
8,,3050073,,,,錧,Ύs,sV
8,,3050071,,,,錧,Ύs,
8,,3001259,,,,錧,Ύs,׌
8,,3050061,,,,錧,Ύs,בO
8,,3050855,,,,錧,Ύs,
8,,3002641,,,,錧,Ύs,
8,,3050002,,,,錧,Ύs,
8,,3050023,,,,錧,Ύs,m
8,,3004211,,,,錧,Ύs,P
8,,3001275,,,,錧,Ύs,~Pu
8,,3050045,,,,錧,Ύs,~
8,,3004216,,,,錧,Ύs,
8,,3050853,,,,錧,Ύs,|
8,,3050016,,,,錧,Ύs,
8,,3001243,,,,錧,Ύs,
8,,3004221,,,,錧,Ύs,`
8,,3002611,,,,錧,Ύs,v
8,,3050845,,,,錧,Ύs,唒
8,,3002612,,,,錧,Ύs,卻
8,,3003253,,,,錧,Ύs,]
8,,3004218,,,,錧,Ύs,
8,,3001267,,,,錧,Ύs,M
8,,3050801,,,,錧,Ύs,iP|Pj
8,,3003256,,,,錧,Ύs,ȋj
8,,3050851,,,,錧,Ύs,킵
8,,3050026,,,,錧,Ύs,Vc
8,,3001255,,,,錧,Ύs,s
8,,3003265,,,,錧,Ύs,
8,,3004215,,,,錧,Ύs,
8,,3004223,,,,錧,Ύs,c
8,,3002651,,,,錧,Ύs,SPE
8,,3050053,,,,錧,Ύs,
8,,3050034,,,,錧,Ύs,
8,,3002653,,,,錧,Ύs,ʖ
8,,3050816,,,,錧,Ύs,w̐X
8,,3050818,,,,錧,Ύs,w
8,,3050064,,,,錧,Ύs,
8,,3003254,,,,錧,Ύs,
8,,3050821,,,,錧,Ύs,t
8,,3050877,,,,錧,Ύs,Гc
8,,3050824,,,,錧,Ύs,鍪
8,,3002657,,,,錧,Ύs,
8,,3002622,,,,錧,Ύs,v
8,,3001274,,,,錧,Ύs,
8,,3004351,,,,錧,Ύs,哇
8,,3050871,,,,錧,Ύs,㊞
8,,3002668,,,,錧,Ύs,݂
8,,3002661,,,,錧,Ύs,͌
8,,3002645,,,,錧,Ύs,㋽
8,,3050011,,,,錧,Ύs,㋫
8,,3002614,,,,錧,Ύs,㗢
8,,3004246,,,,錧,Ύs,
8,,3004241,,,,錧,Ύs,㐛
8,,3050055,,,,錧,Ύs,㌴
8,,3050041,,,,錧,Ύs,L
8,,3050854,,,,錧,Ύs,㉡
8,,3050822,,,,錧,Ύs,
8,,3004212,,,,錧,Ύs,_S
8,,3050856,,,,錧,Ύs,ω
8,,3050022,,,,錧,Ύs,g
8,,3004232,,,,錧,Ύs,kc
8,,3050811,,,,錧,Ύs,k
8,,3050072,,,,錧,Ύs,k
8,,3050066,,,,錧,Ύs,k
8,,3003266,,,,錧,Ύs,k
8,,3004233,,,,錧,Ύs,N
8,,3001272,,,,錧,Ύs,s
8,,3004354,,,,錧,Ύs,
8,,3001262,,,,錧,Ύs,㖜
8,,3050024,,,,錧,Ύs,q|
8,,3050001,,,,錧,Ύs,I
8,,3050817,,,,錧,Ύs,w
8,,3004236,,,,錧,Ύs,
8,,3002642,,,,錧,Ύs,
8,,3050074,,,,錧,Ύs,
8,,3004202,,,,錧,Ύs,쌴Vc
8,,3050844,,,,錧,Ύs,
8,,3002616,,,,錧,Ύs,ܐl
8,,3002644,,,,錧,Ύs,ؖ
8,,3001277,,,,錧,Ύs,
8,,3001276,,,,錧,Ύs,R
8,,3004224,,,,錧,Ύs,ac
8,,3050018,,,,錧,Ύs,c
8,,3003251,,,,錧,Ύs,
8,,3050028,,,,錧,Ύs,Ȗ
8,,3050036,,,,錧,Ύs,
8,,3050867,,,,錧,Ύs,c
8,,3050864,,,,錧,Ύs,
8,,3050013,,,,錧,Ύs,h
8,,3050003,,,,錧,Ύs,
8,,3001271,,,,錧,Ύs,u
8,,3050019,,,,錧,Ύs,̐X
8,,3002637,,,,錧,Ύs,
8,,3050043,,,,錧,Ύs,p
8,,3003264,,,,錧,Ύs,
8,,3050004,,,,錧,Ύs,č
8,,3050833,,,,錧,Ύs,
8,,3002655,,,,錧,Ύs,
8,,3001273,,,,錧,Ύs,
8,,3004222,,,,錧,Ύs,哇
8,,3050872,,,,錧,Ύs,
8,,3002662,,,,錧,Ύs,͌
8,,3050063,,,,錧,Ύs,
8,,3050813,,,,錧,Ύs,
8,,3050042,,,,錧,Ύs,L
8,,3002666,,,,錧,Ύs,ʕ{
8,,3050075,,,,錧,Ύs,
8,,3001266,,,,錧,Ύs,RPu
8,,3050014,,,,錧,Ύs,h
8,,3001251,,,,錧,Ύs,R
8,,3050847,,,,錧,Ύs,w
8,,3001246,,,,錧,Ύs,
8,,3004217,,,,錧,Ύs,
8,,3002658,,,,錧,Ύs,zK
8,,3050047,,,,錧,Ύs,猻
8,,3050868,,,,錧,Ύs,䒬
8,,3050846,,,,錧,Ύs,
8,,3001245,,,,錧,Ύs,
8,,3002665,,,,錧,Ύs,{
8,,3002652,,,,錧,Ύs,c
8,,3050077,,,,錧,Ύs,쌴
8,,3001252,,,,錧,Ύs,
8,,3002669,,,,錧,Ύs,R
8,,3002664,,,,錧,Ύs,Ǔc
8,,3002615,,,,錧,Ύs,cq
8,,3050032,,,,錧,Ύs,|
8,,3050802,,,,錧,Ύs,iPAQARj
8,,3003263,,,,錧,Ύs,ȋj
8,,3050067,,,,錧,Ύs,ٖ
8,,3004244,,,,錧,Ύs,c
8,,3003255,,,,錧,Ύs,ʎ
8,,3004251,,,,錧,Ύs,cR
8,,3004352,,,,錧,Ύs,}g
8,,3003257,,,,錧,Ύs,}
8,,3004204,,,,錧,Ύs,J
8,,3002636,,,,錧,Ύs,yc
8,,3002647,,,,錧,Ύs,q
8,,3050834,,,,錧,Ύs,
8,,3004201,,,,錧,Ύs,
8,,3050006,,,,錧,Ύs,V
8,,3002635,,,,錧,Ύs,
8,,3002633,,,,錧,Ύs,
8,,3002648,,,,錧,Ύs,L̓m
8,,3050068,,,,錧,Ύs,
8,,3004242,,,,錧,Ύs,
8,,3050012,,,,錧,Ύs,
8,,3050873,,,,錧,Ύs,
8,,3002634,,,,錧,Ύs,Vc
8,,3002667,,,,錧,Ύs,ʕ{
8,,3050052,,,,錧,Ύs,
8,,3001268,,,,錧,Ύs,R
8,,3002663,,,,錧,Ύs,Vc
8,,3050044,,,,錧,Ύs,
8,,3001260,,,,錧,Ύs,
8,,3050054,,,,錧,Ύs,
8,,3050831,,,,錧,Ύs,勴
8,,3050832,,,,錧,Ύs,
8,,3050876,,,,錧,Ύs,IR
8,,3002613,,,,錧,Ύs,
8,,3002624,,,,錧,Ύs,
8,,3050902,,,,錧,Ύs,̑i{Yޏj
8,,3001247,,,,錧,Ύs,̑ȋj
8,,3050815,,,,錧,Ύs,
8,,3050814,,,,錧,Ύs,
8,,3050051,,,,錧,Ύs,̋{
8,,3002631,,,,錧,Ύs,
8,,3004353,,,,錧,Ύs,c
8,,3050865,,,,錧,Ύs,
8,,3002643,,,,錧,Ύs,씨
8,,3003262,,,,錧,Ύs,@
8,,3050843,,,,錧,Ύs,
8,,3002638,,,,錧,Ύs,S
8,,3001264,,,,錧,Ύs,
8,,3050875,,,,錧,Ύs,ԓVc
8,,3050029,,,,錧,Ύs,ԉ
8,,3050805,,,,錧,Ύs,ԔiP|V|Pj
8,,3003261,,,,錧,Ύs,Ԕȋj
8,,3050025,,,,錧,Ύs,Ԏ
8,,3050857,,,,錧,Ύs,H
8,,3050823,,,,錧,Ύs,
8,,3050007,,,,錧,Ύs,t
8,,3002659,,,,錧,Ύs,
8,,3050046,,,,錧,Ύs,
8,,3050033,,,,錧,Ύs,V
8,,3050027,,,,錧,Ύs,
8,,3050812,,,,錧,Ύs,
8,,3050862,,,,錧,Ύs,ێR
8,,3001242,,,,錧,Ύs,̑
8,,3004213,,,,錧,Ύs,
8,,3001263,,,,錧,Ύs,xm
8,,3050852,,,,錧,Ύs,{
8,,3050021,,,,錧,Ύs,×
8,,3050866,,,,錧,Ύs,Ê
8,,3004231,,,,錧,Ύs,k
8,,3001278,,,,錧,Ύs,[
8,,3001254,,,,錧,Ύs,z
8,,3001265,,,,錧,Ύs,׌
8,,3004249,,,,錧,Ύs,
8,,3002623,,,,錧,Ύs,{
8,,3003267,,,,錧,Ύs,O
8,,3001241,,,,錧,Ύs,q
8,,3002656,,,,錧,Ύs,^
8,,3050035,,,,錧,Ύs,
8,,3050015,,,,錧,Ύs,
8,,3050056,,,,錧,Ύs,
8,,3050903,,,,錧,Ύs,̗iPj
8,,3001244,,,,錧,Ύs,̗ȋj
8,,3002654,,,,錧,Ύs,x
8,,3050863,,,,錧,Ύs,΂u
8,,3002646,,,,錧,Ύs,΃P
8,,3050881,,,,錧,Ύs,݂ǂ
8,,3050882,,,,錧,Ύs,݂ǂ̒
8,,3050883,,,,錧,Ύs,݂ǂ̓
8,,3050884,,,,錧,Ύs,݂ǂ̓
8,,3050065,,,,錧,Ύs,쒆
8,,3050803,,,,錧,Ύs,쌴iQj
8,,3002621,,,,錧,Ύs,쌴ȋj
8,,3004245,,,,錧,Ύs,
8,,3050841,,,,錧,Ύs,Ku
8,,3001257,,,,錧,Ύs,_
8,,3001256,,,,錧,Ύs,X̗
8,,3050842,,,,錧,Ύs,
8,,3050861,,,,錧,Ύs,Jc
8,,3004234,,,,錧,Ύs,R
8,,3004214,,,,錧,Ύs,R
8,,3050836,,,,錧,Ύs,R
8,,3050017,,,,錧,Ύs,
8,,3002617,,,,錧,Ύs,g
8,,3050008,,,,錧,Ύs,
8,,3001258,,,,錧,Ύs,Zl
8,,3001248,,,,錧,Ύs,I
8,,3001249,,,,錧,Ύs,t
8,,3003252,,,,錧,Ύs,X
8,,3004247,,,,錧,Ύs,a
8,,3120000,,,,錧,ЂȂs,ȉɌfڂȂꍇ
8,,3120056,,,,錧,ЂȂs,t
8,,3111241,,,,錧,ЂȂs,ԍ
8,,3111264,,,,錧,ЂȂs,
8,,3111201,,,,錧,ЂȂs,PY
8,,3111255,,,,錧,ЂȂs,JJ
8,,3120057,,,,錧,ЂȂs,ΐ쒬
8,,3111202,,,,錧,ЂȂs,蒬
8,,3120033,,,,錧,ЂȂs,s
8,,3120061,,,,錧,ЂȂs,c
8,,3111213,,,,錧,ЂȂs,v
8,,3120014,,,,錧,ЂȂs,
8,,3120035,,,,錧,ЂȂs,}
8,,3120023,,,,錧,ЂȂs,啽
8,,3111263,,,,錧,ЂȂs,a
8,,3120007,,,,錧,ЂȂs,юR
8,,3120047,,,,錧,ЂȂs,\
8,,3111222,,,,錧,ЂȂs,C咬
8,,3120048,,,,錧,ЂȂs,t
8,,3120024,,,,錧,ЂȂs,q
8,,3120046,,,,錧,ЂȂs,c
8,,3120045,,,,錧,ЂȂs,c
8,,3120027,,,,錧,ЂȂs,c
8,,3120026,,,,錧,ЂȂs,c{
8,,3120022,,,,錧,ЂȂs,
8,,3120013,,,,錧,ЂȂs,
8,,3111207,,,,錧,ЂȂs,GP
8,,3111243,,,,錧,ЂȂs,k_~
8,,3120043,,,,錧,ЂȂs,h
8,,3120002,,,,錧,ЂȂs,
8,,3111236,,,,錧,ЂȂs,_O
8,,3120015,,,,錧,ЂȂs,
8,,3120031,,,,錧,ЂȂs,
8,,3111253,,,,錧,ЂȂs,J
8,,3120058,,,,錧,ЂȂs,n
8,,3111226,,,,錧,ЂȂs,K
8,,3111223,,,,錧,ЂȂs,h
8,,3120018,,,,錧,ЂȂs,쒬
8,,3120001,,,,錧,ЂȂs,a
8,,3111211,,,,錧,ЂȂs,򃁃L
8,,3111247,,,,錧,ЂȂs,l\
8,,3111225,,,,錧,ЂȂs,߉ޒ
8,,3111205,,,,錧,ЂȂs,\Os
8,,3120005,,,,錧,ЂȂs,V
8,,3111237,,,,錧,ЂȂs,֌
8,,3111246,,,,錧,ЂȂs,
8,,3120053,,,,錧,ЂȂs,O
8,,3120055,,,,錧,ЂȂs,听
8,,3120062,,,,錧,ЂȂs,
8,,3120025,,,,錧,ЂȂs,c
8,,3111245,,,,錧,ЂȂs,َR
8,,3111235,,,,錧,ЂȂs,c
8,,3120063,,,,錧,ЂȂs,cF
8,,3111248,,,,錧,ЂȂs,c{
8,,3120003,,,,錧,ЂȂs,
8,,3120032,,,,錧,ЂȂs,Óc
8,,3120036,,,,錧,ЂȂs,Óc
8,,3111261,,,,錧,ЂȂs,ߑ
8,,3111227,,,,錧,ЂȂs,
8,,3120051,,,,錧,ЂȂs,[
8,,3111262,,,,錧,ЂȂs,L
8,,3111212,,,,錧,ЂȂs,aR
8,,3120011,,,,錧,ЂȂs,
8,,3120004,,,,錧,ЂȂs,
8,,3120017,,,,錧,ЂȂs,x
8,,3111254,,,,錧,ЂȂs,V
8,,3111242,,,,錧,ЂȂs,ԍ
8,,3120041,,,,錧,ЂȂs,哇
8,,3111206,,,,錧,ЂȂs,\Os
8,,3120054,,,,錧,ЂȂs,͂
8,,3111228,,,,錧,ЂȂs,
8,,3120052,,,,錧,ЂȂs,ΐ
8,,3120042,,,,錧,ЂȂs,哇
8,,3111215,,,,錧,ЂȂs,{
8,,3111203,,,,錧,ЂȂs,钬
8,,3111204,,,,錧,ЂȂs,鉓
8,,3111218,,,,錧,ЂȂs,xmm
8,,3111217,,,,錧,ЂȂs,xmm
8,,3111266,,,,錧,ЂȂs,DE
8,,3111252,,,,錧,ЂȂs,c
8,,3111233,,,,錧,ЂȂs,x
8,,3120034,,,,錧,ЂȂs,x
8,,3120006,,,,錧,ЂȂs,Ol
8,,3120016,,,,錧,ЂȂs,˒
8,,3120012,,,,錧,ЂȂs,nn
8,,3111267,,,,錧,ЂȂs,
8,,3111238,,,,錧,ЂȂs,c
8,,3120021,,,,錧,ЂȂs,Oc
8,,3111216,,,,錧,ЂȂs,
8,,3111229,,,,錧,ЂȂs,
8,,3111268,,,,錧,ЂȂs,
8,,3111221,,,,錧,ЂȂs,{
8,,3111244,,,,錧,ЂȂs,_~
8,,3111234,,,,錧,ЂȂs,
8,,3111265,,,,錧,ЂȂs,J
8,,3120044,,,,錧,ЂȂs,
8,,3111232,,,,錧,ЂȂs,u
8,,3111231,,,,錧,ЂȂs,
8,,3111251,,,,錧,ЂȂs,R
8,,3111224,,,,錧,ЂȂs,Rm㒬
8,,3111214,,,,錧,ЂȂs,ac
8,,3140000,,,,錧,s,ȉɌfڂȂꍇ
8,,3140021,,,,錧,s,
8,,3112211,,,,錧,s,
8,,3140002,,,,錧,s,
8,,3140017,,,,錧,s,Pu
8,,3112204,,,,錧,s,r
8,,3140015,,,,錧,s,
8,,3140036,,,,錧,s,D
8,,3140004,,,,錧,s,
8,,3112215,,,,錧,s,a
8,,3140037,,,,錧,s,_
8,,3140028,,,,錧,s,ؑ
8,,3140026,,,,錧,s,ؑꍲcJ
8,,3140031,,,,錧,s,{
8,,3140016,,,,錧,s,
8,,3140030,,,,錧,s,~
8,,3112221,,,,錧,s,r
8,,3140003,,,,錧,s,{
8,,3112222,,,,錧,s,R
8,,3140027,,,,錧,s,c
8,,3140044,,,,錧,s,c
8,,3112207,,,,錧,s,u
8,,3140001,,,,錧,s,
8,,3140025,,,,錧,s,
8,,3140038,,,,錧,s,R
8,,3140007,,,,錧,s,_
8,,3140013,,,,錧,s,Vl
8,,3140047,,,,錧,s,{
8,,3112201,,,,錧,s,召u
8,,3140005,,,,錧,s,V
8,,3112206,,,,錧,s,
8,,3112202,,,,錧,s,䊘
8,,3112214,,,,錧,s,I
8,,3140042,,,,錧,s,c
8,,3140043,,,,錧,s,cJ
8,,3140048,,,,錧,s,cJ
8,,3112205,,,,錧,s,É
8,,3112212,,,,錧,s,p
8,,3140046,,,,錧,s,ܖ
8,,3112213,,,,錧,s,
8,,3140022,,,,錧,s,
8,,3112224,,,,錧,s,ޗǖ
8,,3140041,,,,錧,s,
8,,3140035,,,,錧,s,Oc
8,,3140034,,,,錧,s,`
8,,3140033,,,,錧,s,`
8,,3112203,,,,錧,s,lÉ
8,,3112223,,,,錧,s,
8,,3140014,,,,錧,s,
8,,3140012,,,,錧,s,
8,,3140039,,,,錧,s,΃u
8,,3140011,,,,錧,s,`Pu
8,,3140032,,,,錧,s,{
8,,3140006,,,,錧,s,{Ñ
8,,3140045,,,,錧,s,RV
8,,3140023,,,,錧,s,J
8,,3140024,,,,錧,s,k
8,,3112400,,,,錧,s,ȉɌfڂȂꍇ
8,,3112425,,,,錧,s,
8,,3112424,,,,錧,s,
8,,3112436,,,,錧,s,x
8,,3112435,,,,錧,s,
8,,3112402,,,,錧,s,吶
8,,3112401,,,,錧,s,
8,,3112422,,,,錧,s,F
8,,3112426,,,,錧,s,˖
8,,3112441,,,,錧,s,R
8,,3112403,,,,錧,s,J
8,,3112440,,,,錧,s,
8,,3112431,,,,錧,s,
8,,3112442,,,,錧,s,
8,,3112444,,,,錧,s,
8,,3112407,,,,錧,s,c
8,,3112434,,,,錧,s,{
8,,3112406,,,,錧,s,V{
8,,3112443,,,,錧,s,V{
8,,3112448,,,,錧,s,{
8,,3112446,,,,錧,s,{
8,,3112408,,,,錧,s,F
8,,3112405,,,,錧,s,zn
8,,3112421,,,,錧,s,
8,,3112418,,,,錧,s,
8,,3112437,,,,錧,s,iR
8,,3112415,,,,錧,s,
8,,3112409,,,,錧,s,
8,,3112410,,,,錧,s,
8,,3112423,,,,錧,s,̏o
8,,3112419,,,,錧,s,
8,,3112449,,,,錧,s,Í
8,,3112433,,,,錧,s,xV
8,,3112416,,,,錧,s,O
8,,3112447,,,,錧,s,ȏ
8,,3112445,,,,錧,s,ȏ
8,,3112404,,,,錧,s,
8,,3112412,,,,錧,s,{O
8,,3112432,,,,錧,s,Ζ
8,,3112417,,,,錧,s,ē
8,,3020100,,,,錧,Js,ȉɌfڂȂꍇ
8,,3020111,,,,錧,Js,Ԗ@
8,,3020101,,,,錧,Js,ˈ
8,,3020116,,,,錧,Js,唐
8,,3020107,,,,錧,Js,
8,,3020103,,,,錧,Js,RVc
8,,3020123,,,,錧,Js,q
8,,3020104,,,,錧,Js,vۃPu
8,,3020128,,,,錧,Js,₫
8,,3020125,,,,錧,Js,
8,,3020119,,,,錧,Js,䏊Pu
8,,3020122,,,,錧,Js,R
8,,3020126,,,,錧,Js,
8,,3020118,,,,錧,Js,
8,,3020115,,,,錧,Js,
8,,3020112,,,,錧,Js,n
8,,3020117,,,,錧,Js,؍
8,,3020131,,,,錧,Js,Ђ
8,,3020109,,,,錧,Js,{
8,,3020127,,,,錧,Js,Pu
8,,3020108,,,,錧,Js,
8,,3020102,,,,錧,Js,O
8,,3020121,,,,錧,Js,݂
8,,3020124,,,,錧,Js,
8,,3020106,,,,錧,Js,
8,,3020105,,,,錧,Js,t
8,,3020110,,,,錧,Js,SPu
8,,3192200,,,,錧,헤{s,ȉɌfڂȂꍇ
8,,3114611,,,,錧,헤{s,Hc
8,,3192135,,,,錧,헤{s,Α
8,,3192144,,,,錧,헤{s,
8,,3192415,,,,錧,헤{s,{
8,,3192211,,,,錧,헤{s,
8,,3192251,,,,錧,헤{s,W꒬
8,,3192145,,,,錧,헤{s,F
8,,3192418,,,,錧,헤{s,
8,,3192203,,,,錧,헤{s,q
8,,3193116,,,,錧,헤{s,c
8,,3192412,,,,錧,헤{s,
8,,3192602,,,,錧,헤{s,c
8,,3192405,,,,錧,헤{s,
8,,3193112,,,,錧,헤{s,
8,,3192133,,,,錧,헤{s,
8,,3192132,,,,錧,헤{s,
8,,3114501,,,,錧,헤{s,
8,,3114614,,,,錧,헤{s,
8,,3114617,,,,錧,헤{s,ɐ
8,,3192142,,,,錧,헤{s,␣
8,,3192212,,,,錧,헤{s,
8,,3192401,,,,錧,헤{s,㏬
8,,3192261,,,,錧,헤{s,㒬
8,,3192511,,,,錧,헤{s,w
8,,3192136,,,,錧,헤{s,㑺c
8,,3192226,,,,錧,헤{s,kq
8,,3192254,,,,錧,헤{s,k
8,,3193104,,,,錧,헤{s,kxc
8,,3192404,,,,錧,헤{s,
8,,3193101,,,,錧,헤{s,v
8,,3192213,,,,錧,헤{s,j
8,,3192134,,,,錧,헤{s,Hƒcn
8,,3192411,,,,錧,헤{s,M
8,,3192264,,,,錧,헤{s,h
8,,3192202,,,,錧,헤{s,
8,,3114615,,,,錧,헤{s,ɐ
8,,3192141,,,,錧,헤{s,␣
8,,3192402,,,,錧,헤{s,
8,,3192262,,,,錧,헤{s,
8,,3192512,,,,錧,헤{s,w
8,,3192131,,,,錧,헤{s,c
8,,3192416,,,,錧,헤{s,c
8,,3192214,,,,錧,헤{s,鑃
8,,3192601,,,,錧,헤{s,
8,,3192253,,,,錧,헤{s,n
8,,3192256,,,,錧,헤{s,cq
8,,3192201,,,,錧,헤{s,Cm
8,,3192227,,,,錧,헤{s,ƓciXPV`PSXOԒnj
8,,3193115,,,,錧,헤{s,Ɠcȋj
8,,3193113,,,,錧,헤{s,ƎR
8,,3192224,,,,錧,헤{s,
8,,3192204,,,,錧,헤{s,x
8,,3192603,,,,錧,헤{s,hq
8,,3192403,,,,錧,헤{s,߉
8,,3114612,,,,錧,헤{s,
8,,3114613,,,,錧,헤{s,q
8,,3193117,,,,錧,헤{s,
8,,3192265,,,,錧,헤{s,x
8,,3192225,,,,錧,헤{s,q
8,,3193106,,,,錧,헤{s,
8,,3192143,,,,錧,헤{s,{
8,,3193114,,,,錧,헤{s,
8,,3114503,,,,錧,헤{s,
8,,3114502,,,,錧,헤{s,
8,,3114618,,,,錧,헤{s,c
8,,3192255,,,,錧,헤{s,쒆
8,,3192221,,,,錧,헤{s,c
8,,3192252,,,,錧,헤{s,x
8,,3192513,,,,錧,헤{s,XV
8,,3114616,,,,錧,헤{s,OR
8,,3193107,,,,錧,헤{s,M
8,,3192413,,,,錧,헤{s,V
8,,3192263,,,,錧,헤{s,쒬
8,,3192205,,,,錧,헤{s,{̋
8,,3192223,,,,錧,헤{s,O
8,,3193102,,,,錧,헤{s,
8,,3193105,,,,錧,헤{s,
8,,3193111,,,,錧,헤{s,R
8,,3193103,,,,錧,헤{s,Ƙay
8,,3192266,,,,錧,헤{s,P䒬
8,,3192417,,,,錧,헤{s,͓
8,,3192414,,,,錧,헤{s,g
8,,3192222,,,,錧,헤{s,
8,,3110100,,,,錧,߉ώs,ȉɌfڂȂꍇ
8,,3110134,,,,錧,߉ώs,ѓc
8,,3192102,,,,錧,߉ώs,ZA
8,,3110125,,,,錧,߉ώs,
8,,3110135,,,,錧,߉ώs,
8,,3110136,,,,錧,߉ώs,啔
8,,3110116,,,,錧,߉ώs,͓
8,,3110123,,,,錧,߉ώs,㍑
8,,3110131,,,,錧,߉ώs,ko
8,,3110133,,,,錧,߉ώs,
8,,3110111,,,,錧,߉ώs,
8,,3192105,,,,錧,߉ώs,Ó
8,,3192106,,,,錧,߉ώs,
8,,3110126,,,,錧,߉ώs,]
8,,3192107,,,,錧,߉ώs,
8,,3110105,,,,錧,߉ώs,J
8,,3110106,,,,錧,߉ώs,
8,,3110110,,,,錧,߉ώs,|m
8,,3110124,,,,錧,߉ώs,c
8,,3110112,,,,錧,߉ώs,Óc
8,,3110104,,,,錧,߉ώs,
8,,3110122,,,,錧,߉ώs,
8,,3110121,,,,錧,߉ώs,ˍ
8,,3110117,,,,錧,߉ώs,L
8,,3192103,,,,錧,߉ώs,
8,,3110113,,,,錧,߉ώs,
8,,3110115,,,,錧,߉ώs,ؑq
8,,3110108,,,,錧,߉ώs,zck
8,,3110109,,,,錧,߉ώs,zc
8,,3110107,,,,錧,߉ώs,zc싽
8,,3110114,,,,錧,߉ώs,ؑq
8,,3192104,,,,錧,߉ώs,
8,,3110118,,,,錧,߉ώs,c
8,,3110132,,,,錧,߉ώs,o
8,,3110102,,,,錧,߉ώs,R
8,,3110101,,,,錧,߉ώs,{č
8,,3110103,,,,錧,߉ώs,x
8,,3080000,,,,錧,}s,ȉɌfڂȂꍇ
8,,3004523,,,,錧,}s,ԕl
8,,3080836,,,,錧,}s,Pu
8,,3004516,,,,錧,}s,VVc
8,,3004512,,,,錧,}s,Lc
8,,3080064,,,,錧,}s,ѓ
8,,3080835,,,,錧,}s,ѓc
8,,3080853,,,,錧,}s,Ɏ]
8,,3080856,,,,錧,}s,ɍR
8,,3080075,,,,錧,}s,Γ
8,,3080055,,,,錧,}s,Όc
8,,3080076,,,,錧,}s,
8,,3080116,,,,錧,}s,
8,,3080827,,,,錧,}s,s
8,,3080842,,,,錧,}s,{
8,,3091108,,,,錧,}s,o傑
8,,3080805,,,,錧,}s,
8,,3080106,,,,錧,}s,
8,,3080117,,,,錧,}s,
8,,3080101,,,,錧,}s,
8,,3080129,,,,錧,}s,
8,,3004507,,,,錧,}s,
8,,3080128,,,,錧,}s,]
8,,3004538,,,,錧,}s,CV]
8,,3004517,,,,錧,}s,CVP
8,,3091125,,,,錧,}s,哇
8,,3080015,,,,錧,}s,
8,,3080813,,,,錧,}s,
8,,3004537,,,,錧,}s,
8,,3080852,,,,錧,}s,J
8,,3080051,,,,錧,}s,
8,,3080857,,,,錧,}s,
8,,3080012,,,,錧,}s,c
8,,3091101,,,,錧,}s,I
8,,3080854,,,,錧,}s,
8,,3004511,,,,錧,}s,
8,,3080002,,,,錧,}s,
8,,3080041,,,,錧,}s,
8,,3080806,,,,錧,}s,
8,,3080007,,,,錧,}s,ܖ{
8,,3080837,,,,錧,}s,Éƍa
8,,3080107,,,,錧,}s,
8,,3091107,,,,錧,}s,
8,,3080804,,,,錧,}s,
8,,3080815,,,,錧,}s,쒆q
8,,3080017,,,,錧,}s,㒆R
8,,3004502,,,,錧,}s,㐼J
8,,3080067,,,,錧,}s,㕽
8,,3091111,,,,錧,}s,㐯J
8,,3080063,,,,錧,}s,_
8,,3080801,,,,錧,}s,쐟
8,,3080814,,,,錧,}s,A
8,,3080104,,,,錧,}s,،
8,,3091103,,,,錧,}s,vny
8,,3080071,,,,錧,}s,
8,,3004515,,,,錧,}s,q
8,,3080061,,,,錧,}s,I
8,,3080102,,,,錧,}s,q
8,,3091127,,,,錧,}s,KR
8,,3080021,,,,錧,}s,b
8,,3080004,,,,錧,}s,{c
8,,3080077,,,,錧,}s,qvV
8,,3080866,,,,錧,}s,܏{
8,,3080862,,,,錧,}s,
8,,3080848,,,,錧,}s,K
8,,3004532,,,,錧,}s,듇
8,,3080065,,,,錧,}s,
8,,3004514,,,,錧,}s,R
8,,3091105,,,,錧,}s,O
8,,3080072,,,,錧,}s,ĎR
8,,3080823,,,,錧,}s,
8,,3091126,,,,錧,}s,
8,,3080851,,,,錧,}s,]A
8,,3080826,,,,錧,}s,
8,,3080855,,,,錧,}s,쓇
8,,3004545,,,,錧,}s,쒆q
8,,3091123,,,,錧,}s,J
8,,3080011,,,,錧,}s,c
8,,3080825,,,,錧,}s,R
8,,3080844,,,,錧,}s,a
8,,3080066,,,,錧,}s,
8,,3091122,,,,錧,}s,J
8,,3080052,,,,錧,}s,J
8,,3080113,,,,錧,}s,֊
8,,3080124,,,,錧,}s,֖{y
8,,3080122,,,,錧,}s,֖{
8,,3080123,,,,錧,}s,֖{㒆
8,,3080127,,,,錧,}s,֖{
8,,3080126,,,,錧,}s,֖{
8,,3080125,,,,錧,}s,֖{
8,,3080864,,,,錧,}s,{P
8,,3080807,,,,錧,}s,
8,,3004534,,,,錧,}s,
8,,3004543,,,,錧,}s,|_
8,,3004505,,,,錧,}s,ch
8,,3080847,,,,錧,}s,ʌ
8,,3091124,,,,錧,}s,ms
8,,3080074,,,,錧,}s,}
8,,3004531,,,,錧,}s,zn
8,,3080822,,,,錧,}s,ˌ
8,,3080103,,,,錧,}s,
8,,3004525,,,,錧,}s,
8,,3080816,,,,錧,}s,
8,,3080053,,,,錧,}s,O
8,,3080803,,,,錧,}s,
8,,3004524,,,,錧,}s,
8,,3080005,,,,錧,}s,
8,,3004513,,,,錧,}s,
8,,3080108,,,,錧,}s,Vc
8,,3004506,,,,錧,}s,R
8,,3080821,,,,錧,}s,c
8,,3004533,,,,錧,}s,
8,,3091106,,,,錧,}s,V
8,,3080841,,,,錧,}s,ؐ
8,,3080834,,,,錧,}s,Γc
8,,3080062,,,,錧,}s,哇
8,,3080845,,,,錧,}s,
8,,3080105,,,,錧,}s,ۖ
8,,3080054,,,,錧,}s,JL
8,,3080867,,,,錧,}s,Rc
8,,3080832,,,,錧,}s,|
8,,3080846,,,,錧,}s,z
8,,3004501,,,,錧,}s,L
8,,3080016,,,,錧,}s,
8,,3080833,,,,錧,}s,c
8,,3080843,,,,錧,}s,a
8,,3080863,,,,錧,}s,D
8,,3080014,,,,錧,}s,H
8,,3091115,,,,錧,}s,@
8,,3080013,,,,錧,}s,c
8,,3080114,,,,錧,}s,ԓc
8,,3080115,,,,錧,}s,ԋ
8,,3080073,,,,錧,}s,
8,,3004521,,,,錧,}s,Γc
8,,3004536,,,,錧,}s,ۖ
8,,3080831,,,,錧,}s,|
8,,3080001,,,,錧,}s,
8,,3080812,,,,錧,}s,[
8,,3080112,,,,錧,}s,PJ
8,,3080121,,,,錧,}s,D
8,,3080111,,,,錧,}s,M
8,,3004544,,,,錧,}s,Ó
8,,3091104,,,,錧,}s,ÌS
8,,3080031,,,,錧,}s,
8,,3091114,,,,錧,}s,דc
8,,3080003,,,,錧,}s,c
8,,3004541,,,,錧,}s,
8,,3080042,,,,錧,}s,݂ǂ蒬
8,,3004503,,,,錧,}s,{
8,,3004504,,,,錧,}s,{R
8,,3004522,,,,錧,}s,
8,,3091117,,,,錧,}s,쐟
8,,3004546,,,,錧,}s,c
8,,3080811,,,,錧,}s,Γc
8,,3080861,,,,錧,}s,XY
8,,3080056,,,,錧,}s,J
8,,3091121,,,,錧,}s,Ji
8,,3091113,,,,錧,}s,
8,,3091112,,,,錧,}s,
8,,3080006,,,,錧,}s,J
8,,3080865,,,,錧,}s,R
8,,3004535,,,,錧,}s,J
8,,3080802,,,,錧,}s,
8,,3091116,,,,錧,}s,
8,,3004542,,,,錧,}s,gc
8,,3080838,,,,錧,}s,|
8,,3091102,,,,錧,}s,Hc
8,,3080824,,,,錧,}s,n
8,,3060600,,,,錧,Ⓦs,ȉɌfڂȂꍇ
8,,3060631,,,,錧,Ⓦs,
8,,3060514,,,,錧,Ⓦs,R
8,,3060504,,,,錧,Ⓦs,q
8,,3060503,,,,錧,Ⓦs,qVc
8,,3060615,,,,錧,Ⓦs,
8,,3060613,,,,錧,Ⓦs,Vc
8,,3060622,,,,錧,Ⓦs,
8,,3060601,,,,錧,Ⓦs,nVc
8,,3060621,,,,錧,Ⓦs,J
8,,3060626,,,,錧,Ⓦs,R
8,,3060617,,,,錧,Ⓦs,_cR
8,,3060611,,,,錧,Ⓦs,_cRVc
8,,3060654,,,,錧,Ⓦs,o
8,,3060657,,,,錧,Ⓦs,؏h
8,,3060603,,,,錧,Ⓦs,Vc
8,,3060643,,,,錧,Ⓦs,؊ԃP
8,,3060636,,,,錧,Ⓦs,˖
8,,3060641,,,,錧,Ⓦs,
8,,3060515,,,,錧,Ⓦs,B|
8,,3060513,,,,錧,Ⓦs,IRVc
8,,3060635,,,,錧,Ⓦs,
8,,3060608,,,,錧,Ⓦs,K_
8,,3060606,,,,錧,Ⓦs,Kc
8,,3060604,,,,錧,Ⓦs,KcVc
8,,3060644,,,,錧,Ⓦs,Õz
8,,3060653,,,,錧,Ⓦs,
8,,3060501,,,,錧,Ⓦs,t
8,,3060512,,,,錧,Ⓦs,Vc
8,,3060633,,,,錧,Ⓦs,o
8,,3060614,,,,錧,Ⓦs,EqVc
8,,3060505,,,,錧,Ⓦs,J
8,,3060656,,,,錧,Ⓦs,v
8,,3060652,,,,錧,Ⓦs,yc
8,,3060634,,,,錧,Ⓦs,
8,,3060645,,,,錧,Ⓦs,{
8,,3060642,,,,錧,Ⓦs,J
8,,3060616,,,,錧,Ⓦs,L
8,,3060612,,,,錧,Ⓦs,LVc
8,,3060651,,,,錧,Ⓦs,J
8,,3060602,,,,錧,Ⓦs,Vc
8,,3060632,,,,錧,Ⓦs,ӓc
8,,3060623,,,,錧,Ⓦs,@t
8,,3060511,,,,錧,Ⓦs,GVc
8,,3060605,,,,錧,Ⓦs,n
8,,3060637,,,,錧,Ⓦs,݂ǂ蒬
8,,3060655,,,,錧,Ⓦs,݂ނ
8,,3060625,,,,錧,Ⓦs,䭑
8,,3060624,,,,錧,Ⓦs,
8,,3060502,,,,錧,Ⓦs,R
8,,3060607,,,,錧,Ⓦs,|c
8,,3000500,,,,錧,~s,ȉɌfڂȂꍇ
8,,3000621,,,,錧,~s,g
8,,3000602,,,,錧,~s,g
8,,3000626,,,,錧,~s,Óc
8,,3000727,,,,錧,~s,ѓ
8,,3000632,,,,錧,~s,яo
8,,3001413,,,,錧,~s,ɍ
8,,3001411,,,,錧,~s,ɍ
8,,3000603,,,,錧,~s,ɍ
8,,3000612,,,,錧,~s,s
8,,3000503,,,,錧,~s,g
8,,3000507,,,,錧,~s,
8,,3001414,,,,錧,~s,n
8,,3000641,,,,錧,~s,
8,,3000509,,,,錧,~s,]ˍ艳
8,,3000504,,,,錧,~s,]ˍb
8,,3000529,,,,錧,~s,]ˍ݂炢
8,,3000721,,,,錧,~s,哇
8,,3001423,,,,錧,~s,c
8,,3000633,,,,錧,~s,яo
8,,3000744,,,,錧,~s,
8,,3001425,,,,錧,~s,
8,,3000634,,,,錧,~s,
8,,3000637,,,,錧,~s,،Ón
8,,3000604,,,,錧,~s,
8,,3000522,,,,錧,~s,PR
8,,3000528,,,,錧,~s,NR
8,,3000737,,,,錧,~s,{c
8,,3010902,,,,錧,~s,㍪{
8,,3000732,,,,錧,~s,V
8,,3000643,,,,錧,~s,nn
8,,3000513,,,,錧,~s,KR
8,,3000734,,,,錧,~s,
8,,3000746,,,,錧,~s,_{h
8,,3000605,,,,錧,~s,Kc
8,,3000733,,,,錧,~s,Δ[
8,,3000524,,,,錧,~s,H
8,,3000514,,,,錧,~s,
8,,3000723,,,,錧,~s,
8,,3000508,,,,錧,~s,q
8,,3000749,,,,錧,~s,gVc
8,,3000725,,,,錧,~s,
8,,3000512,,,,錧,~s,Œ
8,,3000623,,,,錧,~s,l
8,,3000502,,,,錧,~s,MÓn
8,,3001412,,,,錧,~s,č
8,,3000614,,,,錧,~s,
8,,3001424,,,,錧,~s,c
8,,3000527,,,,錧,~s,NR
8,,3000601,,,,錧,~s,{c
8,,3010901,,,,錧,~s,{
8,,3000642,,,,錧,~s,nn
8,,3000622,,,,錧,~s,_{
8,,3000613,,,,錧,~s,V
8,,3000625,,,,錧,~s,{
8,,3000521,,,,錧,~s,o
8,,3001416,,,,錧,~s,p
8,,3000748,,,,錧,~s,v
8,,3000511,,,,錧,~s,c
8,,3000741,,,,錧,~s,gVc
8,,3001426,,,,錧,~s,
8,,3000523,,,,錧,~s,
8,,3000611,,,,錧,~s,
8,,3001415,,,,錧,~s,R
8,,3000726,,,,錧,~s,
8,,3000506,,,,錧,~s,c
8,,3000525,,,,錧,~s,H
8,,3001427,,,,錧,~s,HY
8,,3000745,,,,錧,~s,
8,,3000736,,,,錧,~s,
8,,3000501,,,,錧,~s,
8,,3000636,,,,錧,~s,H
8,,3000616,,,,錧,~s,
8,,3000617,,,,錧,~s,c
8,,3000638,,,,錧,~s,Ón
8,,3001421,,,,錧,~s,x
8,,3000635,,,,錧,~s,xV
8,,3000743,,,,錧,~s,ȟ
8,,3000615,,,,錧,~s,c
8,,3000526,,,,錧,~s,R
8,,3001417,,,,錧,~s,K
8,,3000722,,,,錧,~s,O
8,,3000631,,,,錧,~s,O
8,,3000607,,,,錧,~s,t
8,,3001422,,,,錧,~s,쑾c
8,,3000515,,,,錧,~s,Pu
8,,3000624,,,,錧,~s,R
8,,3000505,,,,錧,~s,c
8,,3000731,,,,錧,~s,{V
8,,3000724,,,,錧,~s,ؐ
8,,3000747,,,,錧,~s,]ÒJ
8,,3000742,,,,錧,~s,lbJ
8,,3000735,,,,錧,~s,Zp
8,,3000606,,,,錧,~s,e
8,,3150000,,,,錧,݂s,ȉɌfڂȂꍇ
8,,3000212,,,,錧,݂s,L
8,,3150078,,,,錧,݂s,c
8,,3000205,,,,錧,݂s,H
8,,3150063,,,,錧,݂s,ѓc
8,,3150071,,,,錧,݂s,s
8,,3150054,,,,錧,݂s,g
8,,3150053,,,,錧,݂s,g
8,,3150055,,,,錧,݂s,g
8,,3000203,,,,錧,݂s,
8,,3000213,,,,錧,݂s,n
8,,3150064,,,,錧,݂s,
8,,3000124,,,,錧,݂s,ac
8,,3000132,,,,錧,݂s,j_
8,,3000201,,,,錧,݂s,
8,,3150056,,,,錧,݂s,g
8,,3000127,,,,錧,݂s,
8,,3000123,,,,錧,݂s,y
8,,3150065,,,,錧,݂s,㍲J
8,,3150076,,,,錧,݂s,u}
8,,3150057,,,,錧,݂s,yc
8,,3000135,,,,錧,݂s,
8,,3150061,,,,錧,݂s,ܔc
8,,3000214,,,,錧,݂s,
8,,3000121,,,,錧,݂s,q
8,,3000211,,,,錧,݂s,uˍ
8,,3150052,,,,錧,݂s,g
8,,3000131,,,,錧,݂s,
8,,3000204,,,,錧,݂s,y
8,,3150067,,,,錧,݂s,J
8,,3150074,,,,錧,݂s,u}
8,,3150058,,,,錧,݂s,yc
8,,3150077,,,,錧,݂s,q
8,,3000202,,,,錧,݂s,c
8,,3000136,,,,錧,݂s,ˍ
8,,3150066,,,,錧,݂s,J
8,,3150075,,,,錧,݂s,u}
8,,3000133,,,,錧,݂s,
8,,3150051,,,,錧,݂s,V
8,,3000122,,,,錧,݂s,
8,,3150073,,,,錧,݂s,쎛
8,,3150072,,,,錧,݂s,쎛
8,,3000134,,,,錧,݂s,[J
8,,3000125,,,,錧,݂s,Oc
8,,3000126,,,,錧,݂s,썪{
8,,3150068,,,,錧,݂s,R{
8,,3150069,,,,錧,݂s,
8,,3150062,,,,錧,݂s,x
8,,3091200,,,,錧,s,ȉɌfڂȂꍇ
8,,3091241,,,,錧,s,
8,,3091456,,,,錧,s,
8,,3091216,,,,錧,s,
8,,3091234,,,,錧,s,c
8,,3091202,,,,錧,s,ѕ
8,,3091332,,,,錧,s,rT
8,,3091457,,,,錧,s,镔
8,,3091458,,,,錧,s,
8,,3091217,,,,錧,s,c
8,,3091464,,,,錧,s,
8,,3091345,,,,錧,s,
8,,3091211,,,,錧,s,␣
8,,3091226,,,,錧,s,쌴nVc
8,,3091201,,,,錧,s,
8,,3091244,,,,錧,s,卑
8,,3091232,,,,錧,s,]
8,,3091335,,,,錧,s,匎
8,,3091222,,,,錧,s,
8,,3091341,,,,錧,s,
8,,3091245,,,,錧,s,~
8,,3091454,,,,錧,s,
8,,3091343,,,,錧,s,T
8,,3091452,,,,錧,s,Ε
8,,3091465,,,,錧,s,ؐA
8,,3091204,,,,錧,s,v
8,,3091223,,,,錧,s,Lc
8,,3091336,,,,錧,s,
8,,3091215,,,,錧,s,
8,,3091334,,,,錧,s,{
8,,3091466,,,,錧,s,c
8,,3091225,,,,錧,s,
8,,3091462,,,,錧,s,]
8,,3091243,,,,錧,s,v
8,,3091463,,,,錧,s,
8,,3091246,,,,錧,s,X
8,,3091205,,,,錧,s,
8,,3091203,,,,錧,s,x
8,,3091347,,,,錧,s,xJ
8,,3091453,,,,錧,s,F
8,,3091224,,,,錧,s,
8,,3091346,,,,錧,s,
8,,3091221,,,,錧,s,щ
8,,3091451,,,,錧,s,
8,,3091213,,,,錧,s,
8,,3091242,,,,錧,s,Hc
8,,3091233,,,,錧,s,ѓc
8,,3091214,,,,錧,s,
8,,3091331,,,,錧,s,V
8,,3091337,,,,錧,s,
8,,3091212,,,,錧,s,xm
8,,3091227,,,,錧,s,{
8,,3004417,,,,錧,s,^ǒђ
8,,3004416,,,,錧,s,^ǒɍX
8,,3004428,,,,錧,s,^ǒːVc
8,,3004401,,,,錧,s,^ǒ㏬
8,,3004427,,,,錧,s,^ǒJL
8,,3004422,,,,錧,s,^ǒTF
8,,3004424,,,,錧,s,^ǒ@
8,,3004413,,,,錧,s,^ǒ
8,,3004405,,,,錧,s,^ǒ
8,,3004414,,,,錧,s,^ǒŔ
8,,3004402,,,,錧,s,^ǒ
8,,3004426,,,,錧,s,^ǒJL
8,,3004404,,,,錧,s,^ǒ
8,,3004411,,,,錧,s,^ǒc
8,,3004403,,,,錧,s,^ǒ
8,,3004412,,,,錧,s,^ǒH
8,,3004423,,,,錧,s,^ǒ
8,,3004421,,,,錧,s,^ǒ
8,,3004429,,,,錧,s,^ǒL
8,,3004415,,,,錧,s,^ǒRc
8,,3004407,,,,錧,s,^ǒÏ
8,,3004425,,,,錧,s,^ǒ׎
8,,3004408,,,,錧,s,^ǒ^
8,,3004406,,,,錧,s,^ǒR
8,,3091461,,,,錧,s,c
8,,3091342,,,,錧,s,Ԓ
8,,3091455,,,,錧,s,
8,,3091344,,,,錧,s,ѓc
8,,3091231,,,,錧,s,{
8,,3091333,,,,錧,s,R
8,,3140100,,,,錧,_s,ȉɌfڂȂꍇ
8,,3140133,,,,錧,_s,
8,,3140052,,,,錧,_s,؁iPXOPAPXOX|PUAPXOX|QOj
8,,3140141,,,,錧,_s,؁ȋj
8,,3140124,,,,錧,_s,ΐ_
8,,3140254,,,,錧,_s,c
8,,3140257,,,,錧,_s,cV
8,,3140144,,,,錧,_s,쌴
8,,3140128,,,,錧,_s,쌴
8,,3140116,,,,錧,_s,J
8,,3140134,,,,錧,_s,
8,,3140143,,,,錧,_s,_
8,,3140127,,,,錧,_s,؍
8,,3140101,,,,錧,_s,kl
8,,3140115,,,,錧,_s,m
8,,3140112,,,,錧,_s,m蒆
8,,3140123,,,,錧,_s,ō
8,,3140131,,,,錧,_s,
8,,3140253,,,,錧,_s,{c
8,,3140255,,,,錧,_s,R
8,,3140125,,,,錧,_s,l
8,,3140126,,,,錧,_s,c
8,,3140132,,,,錧,_s,
8,,3140342,,,,錧,_s,yk
8,,3140347,,,,錧,_s,y
8,,3140346,,,,錧,_s,y
8,,3140344,,,,錧,_s,y
8,,3140343,,,,錧,_s,y{
8,,3140345,,,,錧,_s,y
8,,3140102,,,,錧,_s,ac
8,,3140114,,,,錧,_s,
8,,3140122,,,,錧,_s,
8,,3140408,,,,錧,_s,g
8,,3140407,,,,錧,_s,gV`
8,,3140103,,,,錧,_s,[
8,,3140051,,,,錧,_s,
8,,3140146,,,,錧,_s,
8,,3140145,,,,錧,_s,OPQ
8,,3140145,,,,錧,_s,
8,,3140148,,,,錧,_s,[
8,,3140142,,,,錧,_s,[œ
8,,3140135,,,,錧,_s,x
8,,3140121,,,,錧,_s,a
8,,3140111,,,,錧,_s,l
8,,3140341,,,,錧,_s,c
8,,3140252,,,,錧,_s,
8,,3140258,,,,錧,_s,쒆
8,,3140113,,,,錧,_s,
8,,3140256,,,,錧,_s,ᏼ
8,,3140147,,,,錧,_s,k
8,,3113800,,,,錧,ss,ȉɌfڂȂꍇ
8,,3113831,,,,錧,ss,
8,,3113832,,,,錧,ss,
8,,3113814,,,,錧,ss,V|
8,,3113518,,,,錧,ss,rh
8,,3113803,,,,錧,ss,L
8,,3113827,,,,錧,ss,ΐ_
8,,3113817,,,,錧,ss,
8,,3113515,,,,錧,ss,
8,,3113516,,,,錧,ss,㓡
8,,3113824,,,,錧,ss,F
8,,3111705,,,,錧,ss,h
8,,3113822,,,,錧,ss,
8,,3113508,,,,錧,ss,F
8,,3113802,,,,錧,ss,
8,,3113804,,,,錧,ss,
8,,3111724,,,,錧,ss,
8,,3111715,,,,錧,ss,
8,,3111716,,,,錧,ss,k
8,,3113821,,,,錧,ss,
8,,3113807,,,,錧,ss,ܒc
8,,3113816,,,,錧,ss,q
8,,3113813,,,,錧,ss,ēc
8,,3113514,,,,錧,ss,@
8,,3113835,,,,錧,ss,
8,,3113823,,,,錧,ss,l
8,,3113811,,,,錧,ss,l
8,,3113815,,,,錧,ss,V{
8,,3113812,,,,錧,ss,
8,,3113501,,,,錧,ss,ڑ
8,,3113511,,,,錧,ss,ʑ
8,,3113512,,,,錧,ss,ʑb
8,,3113513,,,,錧,ss,
8,,3113833,,,,錧,ss,xc
8,,3111713,,,,錧,ss,
8,,3111701,,,,錧,ss,]
8,,3111722,,,,錧,ss,
8,,3113801,,,,錧,ss,s
8,,3111703,,,,錧,ss,c
8,,3113825,,,,錧,ss,
8,,3113503,,,,錧,ss,P
8,,3113805,,,,錧,ss,
8,,3113507,,,,錧,ss,H
8,,3113505,,,,錧,ss,l
8,,3111712,,,,錧,ss,ɏ
8,,3113517,,,,錧,ss,
8,,3113806,,,,錧,ss,Dq
8,,3113834,,,,錧,ss,e
8,,3113836,,,,錧,ss,
8,,3111714,,,,錧,ss,썂
8,,3111702,,,,錧,ss,Oa
8,,3113506,,,,錧,ss,؎
8,,3113504,,,,錧,ss,J
8,,3113826,,,,錧,ss,
8,,3111704,,,,錧,ss,Rc
8,,3111723,,,,錧,ss,s
8,,3111711,,,,錧,ss,g
8,,3111721,,,,錧,ss,h
8,,3113502,,,,錧,ss,C
8,,3111500,,,,錧,gcs,ȉɌfڂȂꍇ
8,,3111535,,,,錧,gcs,
8,,3112101,,,,錧,gcs,R
8,,3111506,,,,錧,gcs,HR
8,,3112118,,,,錧,gcs,
8,,3111411,,,,錧,gcs,rn
8,,3111504,,,,錧,gcs,[
8,,3112112,,,,錧,gcs,ѓ
8,,3111521,,,,錧,gcs,і
8,,3112114,,,,錧,gcs,]
8,,3112117,,,,錧,gcs,呠
8,,3111513,,,,錧,gcs,|
8,,3111502,,,,錧,gcs,
8,,3111536,,,,錧,gcs,ac
8,,3112104,,,,錧,gcs,R
8,,3111511,,,,錧,gcs,F
8,,3111424,,,,錧,gcs,FVc
8,,3111422,,,,錧,gcs,
8,,3111421,,,,錧,gcs,Vc
8,,3111515,,,,錧,gcs,|c
8,,3111405,,,,錧,gcs,㑾c
8,,3111403,,,,錧,gcs,㊘
8,,3112111,,,,錧,gcs,
8,,3111532,,,,錧,gcs,yc
8,,3112113,,,,錧,gcs,㔦
8,,3111527,,,,錧,gcs,؏h
8,,3111523,,,,錧,gcs,
8,,3112103,,,,錧,gcs,
8,,3111414,,,,錧,gcs,q
8,,3111505,,,,錧,gcs,؍
8,,3111404,,,,錧,gcs,K
8,,3111416,,,,錧,gcs,c
8,,3111402,,,,錧,gcs,c
8,,3111533,,,,錧,gcs,yc
8,,3111512,,,,錧,gcs,
8,,3111516,,,,錧,gcs,Vgc
8,,3111518,,,,錧,gcs,Vgc
8,,3111531,,,,錧,gcs,J
8,,3112102,,,,錧,gcs,
8,,3111524,,,,錧,gcs,c
8,,3111423,,,,錧,gcs,l
8,,3111406,,,,錧,gcs,c
8,,3111412,,,,錧,gcs,ʓc
8,,3111415,,,,錧,gcs,J
8,,3111522,,,,錧,gcs,P
8,,3111528,,,,錧,gcs,
8,,3111427,,,,錧,gcs,
8,,3111503,,,,錧,gcs,h
8,,3111534,,,,錧,gcs,
8,,3112115,,,,錧,gcs,
8,,3111525,,,,錧,gcs,F
8,,3111526,,,,錧,gcs,
8,,3111413,,,,錧,gcs,␅
8,,3112116,,,,錧,gcs,D
8,,3112105,,,,錧,gcs,d
8,,3111501,,,,錧,gcs,M
8,,3111517,,,,錧,gcs,gc
8,,3111401,,,,錧,gcs,
8,,3111537,,,,錧,gcs,gt
8,,3111426,,,,錧,gcs,R
8,,3111514,,,,錧,gcs,
8,,3111425,,,,錧,gcs,
8,,3002300,,,,錧,΂݂炢s,ȉɌfڂȂꍇ
8,,3002346,,,,錧,΂݂炢s,
8,,3002348,,,,錧,΂݂炢s,ÐVc
8,,3002315,,,,錧,΂݂炢s,
8,,3002354,,,,錧,΂݂炢s,V
8,,3002307,,,,錧,΂݂炢s,
8,,3002323,,,,錧,΂݂炢s,ɒO
8,,3002355,,,,錧,΂݂炢s,s[
8,,3002308,,,,錧,΂݂炢s,ɓޓ
8,,3002342,,,,錧,΂݂炢s,
8,,3002303,,,,錧,΂݂炢s,ac
8,,3002411,,,,錧,΂݂炢s,
8,,3002352,,,,錧,΂݂炢s,Vc
8,,3002432,,,,錧,΂݂炢s,S
8,,3002353,,,,錧,΂݂炢s,
8,,3002331,,,,錧,΂݂炢s,_ZVc
8,,3002424,,,,錧,΂݂炢s,
8,,3002431,,,,錧,΂݂炢s,㏬
8,,3002326,,,,錧,΂݂炢s,㓇
8,,3002453,,,,錧,΂݂炢s,㒷
8,,3002335,,,,錧,΂݂炢s,㕽
8,,3002425,,,,錧,΂݂炢s,
8,,3002312,,,,錧,΂݂炢s,_
8,,3002456,,,,錧,΂݂炢s,k
8,,3002407,,,,錧,΂݂炢s,kR
8,,3002436,,,,錧,΂݂炢s,̑
8,,3002445,,,,錧,΂݂炢s,
8,,3002402,,,,錧,΂݂炢s,Vc
8,,3002332,,,,錧,΂݂炢s,RVc
8,,3002336,,,,錧,΂݂炢s,RJ
8,,3002359,,,,錧,΂݂炢s,􃖋u
8,,3002433,,,,錧,΂݂炢s,
8,,3002324,,,,錧,΂݂炢s,
8,,3002454,,,,錧,΂݂炢s,
8,,3002333,,,,錧,΂݂炢s,
8,,3002305,,,,錧,΂݂炢s,dEqVc
8,,3002455,,,,錧,΂݂炢s,\a
8,,3002314,,,,錧,΂݂炢s,钆
8,,3002444,,,,錧,΂݂炢s,
8,,3002351,,,,錧,΂݂炢s,PVc
8,,3002401,,,,錧,΂݂炢s,
8,,3002301,,,,錧,΂݂炢s,
8,,3002413,,,,錧,΂݂炢s,c
8,,3002452,,,,錧,΂݂炢s,ږ
8,,3002435,,,,錧,΂݂炢s,
8,,3002441,,,,錧,΂݂炢s,
8,,3002322,,,,錧,΂݂炢s,ˍ
8,,3002321,,,,錧,΂݂炢s,˖
8,,3002325,,,,錧,΂݂炢s,
8,,3002345,,,,錧,΂݂炢s,nC
8,,3002344,,,,錧,΂݂炢s,nCVc
8,,3002403,,,,錧,΂݂炢s,
8,,3002334,,,,錧,΂݂炢s,
8,,3002423,,,,錧,΂݂炢s,
8,,3002405,,,,錧,΂݂炢s,mqVc
8,,3002415,,,,錧,΂݂炢s,
8,,3002442,,,,錧,΂݂炢s,m
8,,3002443,,,,錧,΂݂炢s,m
8,,3002421,,,,錧,΂݂炢s,ێR
8,,3002412,,,,錧,΂݂炢s,
8,,3002311,,,,錧,΂݂炢s,x
8,,3002313,,,,錧,΂݂炢s,IR
8,,3002416,,,,錧,΂݂炢s,
8,,3002356,,,,錧,΂݂炢s,
8,,3002434,,,,錧,΂݂炢s,
8,,3002406,,,,錧,΂݂炢s,
8,,3002341,,,,錧,΂݂炢s,c
8,,3002327,,,,錧,΂݂炢s,
8,,3002417,,,,錧,΂݂炢s,xmu
8,,3002347,,,,錧,΂݂炢s,L
8,,3002304,,,,錧,΂݂炢s,qVc
8,,3002422,,,,錧,΂݂炢s,Ð
8,,3002446,,,,錧,΂݂炢s,ב
8,,3002414,,,,錧,΂݂炢s,^
8,,3002302,,,,錧,΂݂炢s,K
8,,3002404,,,,錧,΂݂炢s,
8,,3002306,,,,錧,΂݂炢s,쑾c
8,,3002451,,,,錧,΂݂炢s,
8,,3002426,,,,錧,΂݂炢s,{
8,,3002343,,,,錧,΂݂炢s,K
8,,3002337,,,,錧,΂݂炢s,Jc
8,,3002357,,,,錧,΂݂炢s,J
8,,3002358,,,,錧,΂݂炢s,z
8,,3190100,,,,錧,ʎs,ȉɌfڂȂꍇ
8,,3113404,,,,錧,ʎs,ёO
8,,3190122,,,,錧,ʎs,]
8,,3190137,,,,錧,ʎs,
8,,3190126,,,,錧,ʎs,J
8,,3113423,,,,錧,ʎs,
8,,3190125,,,,錧,ʎs,][
8,,3190106,,,,錧,ʎs,q
8,,3113405,,,,錧,ʎs,㍇
8,,3113436,,,,錧,ʎs,ʗ
8,,3190115,,,,錧,ʎs,n
8,,3113403,,,,錧,ʎs,ge
8,,3113412,,,,錧,ʎs,
8,,3113431,,,,錧,ʎs,쒆q
8,,3113417,,,,錧,ʎs,q
8,,3113434,,,,錧,ʎs,IlP
8,,3190107,,,,錧,ʎs,
8,,3113425,,,,錧,ʎs,
8,,3190102,,,,錧,ʎs,n
8,,3113402,,,,錧,ʎs,
8,,3190104,,,,錧,ʎs,O
8,,3190103,,,,錧,ʎs,č
8,,3113432,,,,錧,ʎs,ʗ
8,,3113426,,,,錧,ʎs,n
8,,3113406,,,,錧,ʎs,ge
8,,3113401,,,,錧,ʎs,y
8,,3113433,,,,錧,ʎs,
8,,3190135,,,,錧,ʎs,c
8,,3113435,,,,錧,ʎs,cؒJ
8,,3190113,,,,錧,ʎs,|
8,,3190112,,,,錧,ʎs,|
8,,3190114,,,,錧,ʎs,|
8,,3190105,,,,錧,ʎs,ߓc
8,,3190136,,,,錧,ʎs,
8,,3190131,,,,錧,ʎs,
8,,3113414,,,,錧,ʎs,OV
8,,3190116,,,,錧,ʎs,
8,,3113422,,,,錧,ʎs,
8,,3190111,,,,錧,ʎs,J
8,,3190134,,,,錧,ʎs,[
8,,3113411,,,,錧,ʎs,c
8,,3190121,,,,錧,ʎs,H
8,,3190101,,,,錧,ʎs,
8,,3113424,,,,錧,ʎs,J
8,,3190123,,,,錧,ʎs,H
8,,3190124,,,,錧,ʎs,Ԗ
8,,3190133,,,,錧,ʎs,
8,,3113437,,,,錧,ʎs,c
8,,3113415,,,,錧,ʎs,S
8,,3190132,,,,錧,ʎs,
8,,3190108,,,,錧,ʎs,
8,,3113421,,,,錧,ʎs,{c
8,,3113413,,,,錧,ʎs,R
8,,3113416,,,,錧,ʎs,^
8,,3113100,,,,錧,S钬,ȉɌfڂȂꍇ
8,,3113137,,,,錧,S钬,Ԋ|
8,,3113147,,,,錧,S钬,Ht
8,,3113152,,,,錧,S钬,я
8,,3113111,,,,錧,S钬,nn
8,,3113135,,,,錧,S钬,CV
8,,3113114,,,,錧,S钬,
8,,3113156,,,,錧,S钬,J
8,,3113131,,,,錧,S钬,
8,,3113157,,,,錧,S钬,
8,,3113145,,,,錧,S钬,JPJ
8,,3113153,,,,錧,S钬,я
8,,3113122,,,,錧,S钬,΍
8,,3113134,,,,錧,S钬,_h
8,,3113141,,,,錧,S钬,_J
8,,3113151,,,,錧,S钬,ؕ
8,,3113146,,,,錧,S钬,
8,,3113107,,,,錧,S钬,
8,,3113132,,,,錧,S钬,
8,,3113104,,,,錧,S钬,n
8,,3113106,,,,錧,S钬,z
8,,3113113,,,,錧,S钬,ߓ
8,,3113117,,,,錧,S钬,̋
8,,3113144,,,,錧,S钬,JPJ
8,,3113154,,,,錧,S钬,я
8,,3113125,,,,錧,S钬,΍
8,,3113155,,,,錧,S钬,yt
8,,3113138,,,,錧,S钬,V
8,,3113105,,,,錧,S钬,
8,,3113108,,,,錧,S钬,Hƒcn
8,,3113112,,,,錧,S钬,
8,,3113142,,,,錧,S钬,Hc
8,,3113124,,,,錧,S钬,΍
8,,3113116,,,,錧,S钬,
8,,3113143,,,,錧,S钬,
8,,3113103,,,,錧,S钬,]
8,,3113115,,,,錧,S钬,Oc
8,,3113101,,,,錧,S钬,얔
8,,3113102,,,,錧,S钬,I
8,,3113133,,,,錧,S钬,쓇c
8,,3113136,,,,錧,S钬,{P
8,,3113121,,,,錧,S钬,Jc
8,,3113123,,,,錧,S钬,{
8,,3111300,,,,錧,S,ȉɌfڂȂꍇ
8,,3111301,,,,錧,S,l
8,,3111302,,,,錧,S,铹
8,,3111311,,,,錧,S,ђ
8,,3111312,,,,錧,S,_R
8,,3111306,,,,錧,S,ܔc
8,,3111307,,,,錧,S,
8,,3111303,,,,錧,S,
8,,3111313,,,,錧,S,c
8,,3111305,,,,錧,S,`
8,,3111304,,,,錧,S,a
8,,3114300,,,,錧,S闢,ȉɌfڂȂꍇ
8,,3114321,,,,錧,S闢,
8,,3114344,,,,錧,S闢,gR
8,,3114303,,,,錧,S闢,Β
8,,3114312,,,,錧,S闢,
8,,3114331,,,,錧,S闢,D
8,,3114403,,,,錧,S闢,
8,,3114402,,,,錧,S闢,
8,,3114316,,,,錧,S闢,
8,,3114317,,,,錧,S闢,
8,,3114305,,,,錧,S闢,R
8,,3114405,,,,錧,S闢,ԑ
8,,3114323,,,,錧,S闢,㚨
8,,3114342,,,,錧,S闢,㈢
8,,3114301,,,,錧,S闢,
8,,3114313,,,,錧,S闢,
8,,3114315,,,,錧,S闢,Ó
8,,3114325,,,,錧,S闢,k
8,,3114341,,,,錧,S闢,OR
8,,3114404,,,,錧,S闢,^[
8,,3114401,,,,錧,S闢,q
8,,3114304,,,,錧,S闢,R
8,,3114406,,,,錧,S闢,ԑ
8,,3114322,,,,錧,S闢,
8,,3114343,,,,錧,S闢,
8,,3114314,,,,錧,S闢,Ó
8,,3114335,,,,錧,S闢,
8,,3114324,,,,錧,S闢,v
8,,3114333,,,,錧,S闢,
8,,3114332,,,,錧,S闢,
8,,3114407,,,,錧,S闢,
8,,3114302,,,,錧,S闢,߉ϐ
8,,3114306,,,,錧,S闢,t
8,,3114334,,,,錧,S闢,
8,,3114311,,,,錧,S闢,
8,,3191100,,,,錧,߉όSC,ȉɌfڂȂꍇ
8,,3191102,,,,錧,߉όSC,ΐ_h
8,,3191101,,,,錧,߉όSC,ΐ_Oh
8,,3191104,,,,錧,߉όSC,T
8,,3191106,,,,錧,߉όSC,
8,,3191109,,,,錧,߉όSC,
8,,3191114,,,,錧,߉όSC,{a
8,,3191103,,,,錧,߉όSC,|
8,,3191113,,,,錧,߉όSC,Ə
8,,3191117,,,,錧,߉όSC,C
8,,3191105,,,,錧,߉όSC,L
8,,3191107,,,,錧,߉όSC,L
8,,3191111,,,,錧,߉όSC,Mΐ
8,,3191116,,,,錧,߉όSC,Mΐw
8,,3191118,,,,錧,߉όSC,Mΐw
8,,3191115,,,,錧,߉όSC,D
8,,3191112,,,,錧,߉όSC,
8,,3191108,,,,錧,߉όSC,k
8,,3193500,,,,錧,vSq,ȉɌfڂȂꍇ
8,,3193534,,,,錧,vSq,
8,,3193541,,,,錧,vSq,
8,,3193538,,,,錧,vSq,q
8,,3193551,,,,錧,vSq,rc
8,,3193515,,,,錧,vSq,
8,,3193531,,,,錧,vSq,㉪
8,,3193366,,,,錧,vSq,
8,,3193513,,,,錧,vSq,吶
8,,3193535,,,,錧,vSq,
8,,3193703,,,,錧,vSq,㋽
8,,3193704,,,,錧,vSq,{
8,,3193556,,,,錧,vSq,R
8,,3193521,,,,錧,vSq,kcC
8,,3193363,,,,錧,vSq,kxc
8,,3193701,,,,錧,vSq,kg
8,,3193522,,,,錧,vSq,v쐣
8,,3193512,,,,錧,vSq,
8,,3193361,,,,錧,vSq,
8,,3193362,,,,錧,vSq,
8,,3193543,,,,錧,vSq,
8,,3193533,,,,錧,vSq,
8,,3193524,,,,錧,vSq,Ì
8,,3193555,,,,錧,vSq,{
8,,3193514,,,,錧,vSq,O
8,,3193526,,,,錧,vSq,q
8,,3193511,,,,錧,vSq,
8,,3193554,,,,錧,vSq,c
8,,3193536,,,,錧,vSq,c
8,,3193365,,,,錧,vSq,Ȍ
8,,3193705,,,,錧,vSq,
8,,3193542,,,,錧,vSq,
8,,3193537,,,,錧,vSq,
8,,3193523,,,,錧,vSq,ܓc
8,,3193544,,,,錧,vSq,ꠖn
8,,3193702,,,,錧,vSq,t
8,,3193525,,,,錧,vSq,cC
8,,3193553,,,,錧,vSq,
8,,3193364,,,,錧,vSq,
8,,3193552,,,,錧,vSq,c
8,,3193532,,,,錧,vSq,Rc
8,,3000400,,,,錧,~SY,ȉɌfڂȂꍇ
8,,3000424,,,,錧,~SY,
8,,3000409,,,,錧,~SY,
8,,3000422,,,,錧,~SY,{
8,,3000411,,,,錧,~SY,c
8,,3000416,,,,錧,~SY,
8,,3000413,,,,錧,~SY,J
8,,3000402,,,,錧,~SY,R
8,,3000425,,,,錧,~SY,
8,,3000433,,,,錧,~SY,
8,,3000421,,,,錧,~SY,،
8,,3000420,,,,錧,~SY,
8,,3000419,,,,錧,~SY,R
8,,3000414,,,,錧,~SY,M
8,,3000432,,,,錧,~SY,
8,,3000404,,,,錧,~SY,yY
8,,3000426,,,,錧,~SY,y
8,,3000435,,,,錧,~SY,
8,,3000408,,,,錧,~SY,
8,,3000436,,,,錧,~SY,{
8,,3000418,,,,錧,~SY,Ԍ
8,,3000427,,,,錧,~SY,z
8,,3000428,,,,錧,~SY,Mq
8,,3000434,,,,錧,~SY,xc
8,,3000401,,,,錧,~SY,n|
8,,3000405,,,,錧,~SY,Ԗ
8,,3000403,,,,錧,~SY,nR
8,,3000415,,,,錧,~SY,
8,,3000410,,,,錧,~SY,݂ǂ
8,,3000437,,,,錧,~SY,
8,,3000412,,,,錧,~SY,{n
8,,3000431,,,,錧,~SY,{
8,,3000423,,,,錧,~SY,ΘC
8,,3000407,,,,錧,~SY,c
8,,3000417,,,,錧,~SY,J
8,,3000406,,,,錧,~SY,R
8,,3000300,,,,錧,~S,ȉɌfڂȂꍇ
8,,3000301,,,,錧,~S,h
8,,3000306,,,,錧,~S,
8,,3000331,,,,錧,~S,
8,,3001151,,,,錧,~S,r쉫
8,,3001152,,,,錧,~S,r{
8,,3000324,,,,錧,~S,ёq
8,,3000313,,,,錧,~S,ΐ
8,,3000341,,,,錧,~S,
8,,3000323,,,,錧,~S,`
8,,3000303,,,,錧,~S,厺
8,,3000335,,,,錧,~S,
8,,3000314,,,,錧,~S,ǌ
8,,3000304,,,,錧,~S,|n
8,,3000315,,,,錧,~S,̗
8,,3001154,,,,錧,~S,㒷
8,,3000322,,,,錧,~S,N
8,,3001157,,,,錧,~S,r
8,,3000311,,,,錧,~S,
8,,3001153,,,,錧,~S,
8,,3000325,,,,錧,~S,
8,,3000334,,,,錧,~S,
8,,3001158,,,,錧,~S,Zg
8,,3000305,,,,錧,~S,|
8,,3000332,,,,錧,~S,
8,,3000337,,,,錧,~S,
8,,3000312,,,,錧,~S,약
8,,3000336,,,,錧,~S,
8,,3000302,,,,錧,~S,
8,,3000321,,,,錧,~S,
8,,3001156,,,,錧,~S,c
8,,3000326,,,,錧,~S,̗
8,,3001159,,,,錧,~S,{
8,,3001155,,,,錧,~S,g
8,,3001161,,,,錧,~S,悵
8,,3000333,,,,錧,~S,I
8,,3001300,,,,錧,~S͓,ȉɌfڂȂꍇ
8,,3001404,,,,錧,~S͓,Њ
8,,3001403,,,,錧,~S͓,]
8,,3001324,,,,錧,~S͓,c
8,,3001332,,,,錧,~S͓,KJ
8,,3001322,,,,錧,~S͓,É͗
8,,3001334,,,,錧,~S͓,ђ
8,,3001327,,,,錧,~S͓,
8,,3001406,,,,錧,~S͓,[
8,,3001314,,,,錧,~S͓,
8,,3001401,,,,錧,~S͓,\OԌ
8,,3001315,,,,錧,~S͓,\
8,,3001311,,,,錧,~S͓,z
8,,3001333,,,,錧,~S͓,p蒬
8,,3001336,,,,錧,~S͓,哿qVc
8,,3001313,,,,錧,~S͓,ciSXOT|Pj
8,,3001405,,,,錧,~S͓,cȋj
8,,3001323,,,,錧,~S͓,I
8,,3001312,,,,錧,~S͓,
8,,3001321,,,,錧,~S͓,HqR
8,,3001402,,,,錧,~S͓,
8,,3001316,,,,錧,~S͓,z
8,,3001325,,,,錧,~S͓,OY
8,,3001331,,,,錧,~S͓,
8,,3001335,,,,錧,~S͓,qVc
8,,3001326,,,,錧,~S͓,{
8,,3001337,,,,錧,~S͓,P蒬
8,,3003500,,,,錧,S㒬,ȉɌfڂȂꍇ
8,,3003555,,,,錧,S㒬,PJ
8,,3003556,,,,錧,S㒬,PJVc
8,,3003519,,,,錧,S㒬,V
8,,3003535,,,,錧,S㒬,
8,,3003562,,,,錧,S㒬,
8,,3003531,,,,錧,S㒬,
8,,3003514,,,,錧,S㒬,嗢
8,,3003534,,,,錧,S㒬,c
8,,3003571,,,,錧,S㒬,ːVc
8,,3003552,,,,錧,S㒬,Ԗ
8,,3003515,,,,錧,S㒬,n
8,,3003554,,,,錧,S㒬,
8,,3003526,,,,錧,S㒬,LJ
8,,3003503,,,,錧,S㒬,
8,,3003533,,,,錧,S㒬,Њp
8,,3003537,,,,錧,S㒬,
8,,3003521,,,,錧,S㒬,K
8,,3003513,,,,錧,S㒬,vc
8,,3003551,,,,錧,S㒬,IR
8,,3003512,,,,錧,S㒬,
8,,3003505,,,,錧,S㒬,
8,,3003501,,,,錧,S㒬,{
8,,3003502,,,,錧,S㒬,R
8,,3003541,,,,錧,S㒬,Vn
8,,3003543,,,,錧,S㒬,VnVc
8,,3003572,,,,錧,S㒬,J
8,,3003511,,,,錧,S㒬,ˈ
8,,3003516,,,,錧,S㒬,
8,,3003517,,,,錧,S㒬,؈
8,,3003536,,,,錧,S㒬,
8,,3003506,,,,錧,S㒬,c
8,,3003539,,,,錧,S㒬,m]
8,,3003504,,,,錧,S㒬,R
8,,3003525,,,,錧,S㒬,X
8,,3003518,,,,錧,S㒬,
8,,3003523,,,,錧,S㒬,
8,,3003538,,,,錧,S㒬,R
8,,3003527,,,,錧,S㒬,
8,,3003545,,,,錧,S㒬,c
8,,3003524,,,,錧,S㒬,
8,,3003561,,,,錧,S㒬,
8,,3003553,,,,錧,S㒬,c
8,,3003542,,,,錧,S㒬,
8,,3003522,,,,錧,S㒬,
8,,3003532,,,,錧,S㒬,{
8,,3003565,,,,錧,S㒬,{
8,,3003564,,,,錧,S㒬,
8,,3003563,,,,錧,S㒬,
8,,3003544,,,,錧,S㒬,
8,,3060300,,,,錧,S܉,ȉɌfڂȂꍇ
8,,3060303,,,,錧,S܉,]
8,,3060311,,,,錧,S܉,啟c
8,,3060314,,,,錧,S܉,
8,,3060304,,,,錧,S܉,K
8,,3060315,,,,錧,S܉,w
8,,3060307,,,,錧,S܉,c
8,,3060302,,,,錧,S܉,R
8,,3060301,,,,錧,S܉,RR
8,,3060316,,,,錧,S܉,߉
8,,3060312,,,,錧,S܉,VKJ
8,,3060306,,,,錧,S܉,h
8,,3060305,,,,錧,S܉,~
8,,3060317,,,,錧,S܉,O
8,,3060313,,,,錧,S܉,I
8,,3060400,,,,錧,S,ȉɌfڂȂꍇ
8,,3060433,,,,錧,S,̎ɔԒnꍇ
8,,3060422,,,,錧,S,mJ
8,,3060407,,,,錧,S,
8,,3060414,,,,錧,S,
8,,3060427,,,,錧,S,Y
8,,3060426,,,,錧,S,
8,,3060434,,,,錧,S,㏬
8,,3060424,,,,錧,S,˃P
8,,3060412,,,,錧,S,IR
8,,3060402,,,,錧,S,R
8,,3060401,,,,錧,S,u
8,,3060411,,,,錧,S,
8,,3060432,,,,錧,S,
8,,3060403,,,,錧,S,֒r
8,,3060421,,,,錧,S,J
8,,3060405,,,,錧,S,ˍ
8,,3060404,,,,錧,S,
8,,3060431,,,,錧,S,c
8,,3060425,,,,錧,S,Vc
8,,3060416,,,,錧,S,
8,,3060423,,,,錧,S,S
8,,3060413,,,,錧,S,R
8,,3060435,,,,錧,S,z
8,,3060406,,,,錧,S,
8,,3060417,,,,錧,S,
8,,3060415,,,,錧,S,
8,,3001600,,,,錧,knS,ȉɌfڂȂꍇ
8,,3001603,,,,錧,knS,R
8,,3001634,,,,錧,knS,tVc
8,,3001602,,,,錧,knS,
8,,3001612,,,,錧,knS,[Vc
8,,3001635,,,,錧,knS,]
8,,3001626,,,,錧,knS,lG̋u
8,,3001633,,,,錧,knS,
8,,3001632,,,,錧,knS,]
8,,3001611,,,,錧,knS,yVc
8,,3001605,,,,錧,knS,啽
8,,3001601,,,,錧,knS,[
8,,3001616,,,,錧,knS,
8,,3001614,,,,錧,knS,
8,,3001624,,,,錧,knS,c
8,,3001615,,,,錧,knS,J
8,,3001623,,,,錧,knS,
8,,3001625,,,,錧,knS,H
8,,3001636,,,,錧,knS,H
8,,3001631,,,,錧,knS,
8,,3001613,,,,錧,knS,RVc
8,,3001622,,,,錧,knS,z
8,,3001621,,,,錧,knS,
8,,3001606,,,,錧,knS,
8,,3001604,,,,錧,knS,{
