9,,3210000,,,,Ȗ،,Fs{s,ȉɌfڂȂꍇ
9,,3291113,,,,Ȗ،,Fs{s,
9,,3200845,,,,Ȗ،,Fs{s,ۖ쒬
9,,3200818,,,,Ȗ،,Fs{s,
9,,3210404,,,,Ȗ،,Fs{s,
9,,3210347,,,,Ȗ،,Fs{s,ѓc
9,,3212101,,,,Ȗ،,Fs{s,юR
9,,3200801,,,,Ȗ،,Fs{s,r㒬
9,,3210912,,,,Ȗ،,Fs{s,Έ䒬
9,,3212103,,,,Ȗ،,Fs{s,Γߓc
9,,3210952,,,,Ȗ،,Fs{s,򂪋u
9,,3200034,,,,Ȗ،,Fs{s,
9,,3213221,,,,Ȗ،,Fs{s,˒
9,,3200821,,,,Ȗ،,Fs{s,
9,,3200047,,,,Ȗ،,Fs{s,̑
9,,3200049,,,,Ȗ،,Fs{s,m
9,,3200812,,,,Ȗ،,Fs{s,Ԓ
9,,3210966,,,,Ȗ،,Fs{s,
9,,3210961,,,,Ȗ،,Fs{s,V
9,,3210962,,,,Ȗ،,Fs{s,
9,,3210402,,,,Ȗ،,Fs{s,
9,,3210166,,,,Ȗ،,Fs{s,{
9,,3210973,,,,Ȗ،,Fs{s,]
9,,3212117,,,,Ȗ،,Fs{s,⌴
9,,3210976,,,,Ȗ،,Fs{s,{
9,,3210118,,,,Ȗ،,Fs{s,C^[p[N
9,,3210981,,,,Ȗ،,Fs{s,쒬
9,,3210405,,,,Ȗ،,Fs{s,c
9,,3210964,,,,Ȗ،,Fs{s,wOʂ
9,,3210107,,,,Ȗ،,Fs{s,]]
9,,3210101,,,,Ȗ،,Fs{s,]]{
9,,3210102,,,,Ȗ،,Fs{s,]]
9,,3200802,,,,Ȗ،,Fs{s,]쒬
9,,3212111,,,,Ȗ،,Fs{s,Ԓ
9,,3200014,,,,Ȗ،,Fs{s,]
9,,3210161,,,,Ȗ،,Fs{s,˒
9,,3200811,,,,Ȗ،,Fs{s,ʂ
9,,3210345,,,,Ȗ،,Fs{s,J
9,,3200823,,,,Ȗ،,Fs{s,䑠
9,,3200036,,,,Ȗ،,Fs{s,
9,,3210971,,,,Ȗ،,Fs{s,C
9,,3210108,,,,Ȗ،,Fs{s,t
9,,3210406,,,,Ȗ،,Fs{s,c
9,,3291117,,,,Ȗ،,Fs{s,J
9,,3200013,,,,Ȗ،,Fs{s,]
9,,3291106,,,,Ȗ،,Fs{s,˒
9,,3200855,,,,Ȗ،,Fs{s,㌇
9,,3212115,,,,Ȗ،,Fs{s,䒬
9,,3210913,,,,Ȗ،,Fs{s,K
9,,3212104,,,,Ȗ،,Fs{s,㏬r
9,,3210401,,,,Ȗ،,Fs{s,㏬q
9,,3213233,,,,Ȗ،,Fs{s,ĒJ
9,,3291112,,,,Ȗ،,Fs{s,c
9,,3200058,,,,Ȗ،,Fs{s,ˍ
9,,3200051,,,,Ȗ،,Fs{s,ˍՒ
9,,3210115,,,,Ȗ،,Fs{s,c
9,,3212112,,,,Ȗ،,Fs{s,㉡q
9,,3210106,,,,Ȗ،,Fs{s,㉡c
9,,3213224,,,,Ȗ،,Fs{s,
9,,3210111,,,,Ȗ،,Fs{s,c
9,,3210977,,,,Ȗ،,Fs{s,얓
9,,3210965,,,,Ȗ،,Fs{s,
9,,3200822,,,,Ȗ،,Fs{s,͌
9,,3200002,,,,Ȗ،,Fs{s,J
9,,3210412,,,,Ȗ،,Fs{s,֔
9,,3200844,,,,Ȗ،,Fs{s,e
9,,3200048,,,,Ȗ،,Fs{s,k̑
9,,3210153,,,,Ȗ،,Fs{s,kᏼ
9,,3200842,,,,Ȗ،,Fs{s,
9,,3200037,,,,Ȗ،,Fs{s,Z
9,,3213231,,,,Ȗ،,Fs{s,Hƒcn
9,,3213223,,,,Ȗ،,Fs{s,
9,,3213234,,,,Ȗ،,Fs{s,K
9,,3210951,,,,Ȗ،,Fs{s,z
9,,3210951,,,,Ȗ،,Fs{s,z˒
9,,3210341,,,,Ȗ،,Fs{s,Éu
9,,3210135,,,,Ȗ،,Fs{s,ܑ
9,,3213235,,,,Ȗ،,Fs{s,eR
9,,3200066,,,,Ȗ،,Fs{s,
9,,3200065,,,,Ȗ،,Fs{s,
9,,3200042,,,,Ȗ،,Fs{s,ޖؒ
9,,3200848,,,,Ȗ،,Fs{s,K
9,,3200024,,,,Ȗ،,Fs{s,h
9,,3291111,,,,Ȗ،,Fs{s,tʒ
9,,3200854,,,,Ȗ،,Fs{s,̒J
9,,3200043,,,,Ȗ،,Fs{s,
9,,3291101,,,,Ȗ،,Fs{s,P
9,,3210141,,,,Ȗ،,Fs{s,
9,,3210922,,,,Ȗ،,Fs{s,ܒ
9,,3200814,,,,Ȗ،,Fs{s,OԒ
9,,3212102,,,,Ȗ،,Fs{s,䒬
9,,3210346,,,,Ȗ،,Fs{s,rj
9,,3291104,,,,Ȗ،,Fs{s,{
9,,3200853,,,,Ȗ،,Fs{s,
9,,3212114,,,,Ȗ،,Fs{s,䒬
9,,3210972,,,,Ȗ،,Fs{s,얓
9,,3200824,,,,Ȗ،,Fs{s,͌
9,,3200825,,,,Ȗ،,Fs{s,͌
9,,3210914,,,,Ȗ،,Fs{s,K
9,,3210924,,,,Ȗ،,Fs{s,I
9,,3210923,,,,Ȗ،,Fs{s,I
9,,3212105,,,,Ȗ،,Fs{s,r
9,,3210403,,,,Ȗ،,Fs{s,q
9,,3210122,,,,Ȗ،,Fs{s,
9,,3291115,,,,Ȗ،,Fs{s,c
9,,3200852,,,,Ȗ،,Fs{s,u㒬
9,,3200055,,,,Ȗ،,Fs{s,ˍ
9,,3210903,,,,Ȗ،,Fs{s,o
9,,3212113,,,,Ȗ،,Fs{s,q
9,,3210124,,,,Ȗ،,Fs{s,c
9,,3210945,,,,Ȗ،,Fs{s,h
9,,3210935,,,,Ȗ،,Fs{s,铌
9,,3210117,,,,Ȗ،,Fs{s,
9,,3210413,,,,Ȗ،,Fs{s,
9,,3200032,,,,Ȗ،,Fs{s,a
9,,3291102,,,,Ȗ،,Fs{s,
9,,3210133,,,,Ȗ،,Fs{s,Vx
9,,3200831,,,,Ȗ،,Fs{s,V
9,,3210144,,,,Ȗ،,Fs{s,L
9,,3210132,,,,Ȗ،,Fs{s,̋{
9,,3210121,,,,Ȗ،,Fs{s,{
9,,3210113,,,,Ȗ،,Fs{s,c
9,,3200864,,,,Ȗ،,Fs{s,Zg
9,,3210975,,,,Ȗ،,Fs{s,֖x
9,,3200022,,,,Ȗ،,Fs{s,g
9,,3200867,,,,Ȗ،,Fs{s,劰
9,,3210104,,,,Ȗ،,Fs{s,Vc
9,,3210103,,,,Ȗ،,Fs{s,Vc
9,,3210134,,,,Ȗ،,Fs{s,
9,,3210416,,,,Ȗ،,Fs{s,
9,,3291114,,,,Ȗ،,Fs{s,䒬
9,,3200061,,,,Ȗ،,Fs{s,ؒ
9,,3200075,,,,Ȗ،,Fs{s,ؖ{
9,,3200846,,,,Ȗ،,Fs{s,̌
9,,3200847,,,,Ȗ،,Fs{s,J
9,,3213236,,,,Ȗ،,Fs{s,|
9,,3210974,,,,Ȗ،,Fs{s,|ђ
9,,3210343,,,,Ȗ،,Fs{s,c
9,,3210344,,,,Ȗ،,Fs{s,c쒬
9,,3200806,,,,Ȗ،,Fs{s,
9,,3200805,,,,Ȗ،,Fs{s,{
9,,3200857,,,,Ȗ،,Fs{s,ߓc
9,,3200851,,,,Ȗ،,Fs{s,ߓc
9,,3200816,,,,Ȗ،,Fs{s,V_
9,,3200035,,,,Ȗ،,Fs{s,`n
9,,3213237,,,,Ȗ،,Fs{s,h
9,,3210123,,,,Ȗ،,Fs{s,J
9,,3200856,,,,Ȗ،,Fs{s,u㒬
9,,3212116,,,,Ȗ،,Fs{s,Y
9,,3200056,,,,Ȗ،,Fs{s,ˍ
9,,3200017,,,,Ȗ،,Fs{s,ˍՑ
9,,3200053,,,,Ȗ،,Fs{s,ˍՒ
9,,3200031,,,,Ȗ،,Fs{s,ˍՌ
9,,3200003,,,,Ȗ،,Fs{s,L
9,,3210911,,,,Ȗ،,Fs{s,≮
9,,3200045,,,,Ȗ،,Fs{s,̑
9,,3210968,,,,Ȗ،,Fs{s,
9,,3200004,,,,Ȗ،,Fs{s,
9,,3291105,,,,Ȗ،,Fs{s,{
9,,3200815,,,,Ȗ،,Fs{s,͌
9,,3210906,,,,Ȗ،,Fs{s,v
9,,3210414,,,,Ȗ،,Fs{s,
9,,3210114,,,,Ȗ،,Fs{s,
9,,3200057,,,,Ȗ،,Fs{s,ˍ
9,,3200052,,,,Ȗ،,Fs{s,ˍՒ
9,,3200023,,,,Ȗ،,Fs{s,
9,,3291107,,,,Ȗ،,Fs{s,
9,,3200861,,,,Ȗ،,Fs{s,
9,,3200046,,,,Ȗ،,Fs{s,̑
9,,3210917,,,,Ȗ،,Fs{s,Y
9,,3210152,,,,Ȗ،,Fs{s,c
9,,3210154,,,,Ȗ،,Fs{s,c
9,,3210158,,,,Ȗ،,Fs{s,c{
9,,3210151,,,,Ȗ،,Fs{s,c
9,,3210155,,,,Ȗ،,Fs{s,c
9,,3210967,,,,Ȗ،,Fs{s,
9,,3200866,,,,Ȗ،,Fs{s,劰
9,,3200064,,,,Ȗ،,Fs{s,̋{
9,,3200862,,,,Ȗ،,Fs{s,
9,,3200826,,,,Ȗ،,Fs{s,
9,,3212118,,,,Ȗ،,Fs{s,V
9,,3200813,,,,Ȗ،,Fs{s,Ԓ
9,,3213222,,,,Ȗ،,Fs{s,썂J
9,,3200071,,,,Ȗ،,Fs{s,
9,,3210127,,,,Ȗ،,Fs{s,Hc
9,,3200015,,,,Ȗ،,Fs{s,
9,,3200843,,,,Ȗ،,Fs{s,ԉ
9,,3200827,,,,Ȗ،,Fs{s,Ԗ[
9,,3200828,,,,Ȗ،,Fs{s,Ԗ[{
9,,3200027,,,,Ȗ،,Fs{s,c
9,,3200026,,,,Ȗ،,Fs{s,nʂ
9,,3210137,,,,Ȗ،,Fs{s,jPJ
9,,3210147,,,,Ȗ،,Fs{s,jPJ
9,,3210941,,,,Ȗ،,Fs{s,
9,,3210167,,,,Ȗ،,Fs{s,Y
9,,3291103,,,,Ȗ،,Fs{s,{
9,,3210915,,,,Ȗ،,Fs{s,Y
9,,3210916,,,,Ȗ،,Fs{s,ؑ㒬
9,,3210953,,,,Ȗ،,Fs{s,h
9,,3200062,,,,Ȗ،,Fs{s,ؒ
9,,3200054,,,,Ȗ،,Fs{s,ˍ
9,,3200021,,,,Ȗ،,Fs{s,c
9,,3210168,,,,Ȗ،,Fs{s,
9,,3210985,,,,Ȗ،,Fs{s,
9,,3210944,,,,Ȗ،,Fs{s,
9,,3210925,,,,Ȗ،,Fs{s,ʐ
9,,3210116,,,,Ȗ،,Fs{s,c
9,,3200832,,,,Ȗ،,Fs{s,̏o
9,,3213232,,,,Ȗ،,Fs{s,X
9,,3210138,,,,Ȗ،,Fs{s,ɒ
9,,3210156,,,,Ȗ،,Fs{s,ɒ˒
9,,3210905,,,,Ȗ،,Fs{s,oHƒcn
9,,3210901,,,,Ȗ،,Fs{s,o
9,,3210918,,,,Ȗ،,Fs{s,˒
9,,3210931,,,,Ȗ،,Fs{s,
9,,3210932,,,,Ȗ،,Fs{s,{
9,,3210342,,,,Ȗ،,Fs{s,
9,,3200011,,,,Ȗ،,Fs{s,xmu
9,,3210146,,,,Ȗ،,Fs{s,xm
9,,3200804,,,,Ȗ،,Fs{s,r
9,,3210164,,,,Ȗ،,Fs{s,ot
9,,3200833,,,,Ȗ،,Fs{s,sO
9,,3210417,,,,Ȗ،,Fs{s,~
9,,3291108,,,,Ȗ،,Fs{s,Óc
9,,3200038,,,,Ȗ،,Fs{s,u
9,,3200073,,,,Ȗ،,Fs{s,גJ
9,,3200074,,,,Ȗ،,Fs{s,גJ
9,,3200033,,,,Ȗ،,Fs{s,{
9,,3200817,,,,Ȗ،,Fs{s,{ے
9,,3210157,,,,Ȗ،,Fs{s,c
9,,3200803,,,,Ȗ،,Fs{s,Ȏt
9,,3200807,,,,Ȗ،,Fs{s,
9,,3210407,,,,Ȗ،,Fs{s,cVc
9,,3200041,,,,Ȗ،,Fs{s,
9,,3213225,,,,Ȗ،,Fs{s,
9,,3200863,,,,Ȗ،,Fs{s,
9,,3210921,,,,Ȗ،,Fs{s,
9,,3210125,,,,Ȗ،,Fs{s,c
9,,3210165,,,,Ȗ،,Fs{s,
9,,3210136,,,,Ȗ،,Fs{s,݂ǂ쒬
9,,3200044,,,,Ȗ،,Fs{s,̑
9,,3210963,,,,Ȗ،,Fs{s,ʂ
9,,3210143,,,,Ȗ،,Fs{s,썂
9,,3210142,,,,Ȗ،,Fs{s,쒬
9,,3210942,,,,Ȗ،,Fs{s,
9,,3210943,,,,Ȗ،,Fs{s,
9,,3200808,,,,Ȗ،,Fs{s,{
9,,3210131,,,,Ȗ،,Fs{s,{̓
9,,3200835,,,,Ȗ،,Fs{s,{
9,,3200025,,,,Ȗ،,Fs{s,{
9,,3210969,,,,Ȗ،,Fs{s,{݂炢
9,,3210163,,,,Ȗ،,Fs{s,{{
9,,3210411,,,,Ȗ،,Fs{s,{Rc
9,,3210982,,,,Ȗ،,Fs{s,KP
9,,3210984,,,,Ȗ،,Fs{s,K
9,,3210983,,,,Ȗ،,Fs{s,K{
9,,3200865,,,,Ȗ،,Fs{s,r
9,,3210415,,,,Ȗ،,Fs{s,ƃm
9,,3210954,,,,Ȗ،,Fs{s,
9,,3210145,,,,Ȗ،,Fs{s,Ό
9,,3210126,,,,Ȗ،,Fs{s,Ό
9,,3210112,,,,Ȗ،,Fs{s,
9,,3210169,,,,Ȗ،,Fs{s,
9,,3210902,,,,Ȗ،,Fs{s,c
9,,3210934,,,,Ȗ،,Fs{s,ʐ
9,,3210933,,,,Ȗ،,Fs{s,ʐ
9,,3210162,,,,Ȗ،,Fs{s,aiPAQځj
9,,3200836,,,,Ȗ،,Fs{s,aiRځj
9,,3200012,,,,Ȗ،,Fs{s,R{
9,,3200016,,,,Ȗ،,Fs{s,R{
9,,3200837,,,,Ȗ،,Fs{s,퐶
9,,3213226,,,,Ȗ،,Fs{s,䂢̓m
9,,3200063,,,,Ȗ،,Fs{s,z
9,,3210904,,,,Ȗ،,Fs{s,z
9,,3200834,,,,Ȗ،,Fs{s,z
9,,3210105,,,,Ȗ،,Fs{s,cV
9,,3200005,,,,Ȗ،,Fs{s,R
9,,3200001,,,,Ȗ،,Fs{s,R
9,,3200838,,,,Ȗ،,Fs{s,g
9,,3291116,,,,Ȗ،,Fs{s,
9,,3200841,,,,Ȗ،,Fs{s,Z
9,,3200072,,,,Ȗ،,Fs{s,ᑐ
9,,3210139,,,,Ȗ،,Fs{s,ᏼ
9,,3260000,,,,Ȗ،,s,ȉɌfڂȂꍇ
9,,3260052,,,,Ȗ،,s,
9,,3260062,,,,Ȗ،,s,ԏ
9,,3260328,,,,Ȗ،,s,
9,,3260823,,,,Ȗ،,s,q
9,,3260802,,,,Ȗ،,s,
9,,3260832,,,,Ȗ،,s,r
9,,3260834,,,,Ȗ،,s,Vh
9,,3260103,,,,Ȗ،,s,J
9,,3260803,,,,Ȗ،,s,ƕx
9,,3260014,,,,Ȗ،,s,Bؒ
9,,3260811,,,,Ȗ،,s,䑐
9,,3260053,,,,Ȗ،,s,ɐ
9,,3260054,,,,Ȗ،,s,ɐ쒬
9,,3260102,,,,Ȗ،,s,q
9,,3294212,,,,Ȗ،,s,
9,,3260842,,,,Ȗ،,s,
9,,3260046,,,,Ȗ،,s,䒬
9,,3260055,,,,Ȗ،,s,iy
9,,3260067,,,,Ȗ،,s,]쒬
9,,3260841,,,,Ȗ،,s,⒬
9,,3260012,,,,Ȗ،,s,vے
9,,3260005,,,,Ȗ،,s,匎
9,,3260011,,,,Ȗ،,s,c
9,,3260051,,,,Ȗ،,s,勴
9,,3260845,,,,Ȗ،,s,O
9,,3294215,,,,Ȗ،,s,˒
9,,3260326,,,,Ȗ،,s,]
9,,3260141,,,,Ȗ،,s,
9,,3260142,,,,Ȗ،,s,쒬
9,,3260006,,,,Ȗ،,s,ے
9,,3260844,,,,Ȗ،,s,
9,,3260004,,,,Ȗ،,s,蒬
9,,3260335,,,,Ȗ،,s,a
9,,3260826,,,,Ȗ،,s,؏h
9,,3260013,,,,Ȗ،,s,蒬
9,,3260324,,,,Ȗ،,s,vۓc
9,,3260016,,,,Ȗ،,s,іV
9,,3260025,,,,Ȗ،,s,
9,,3294217,,,,Ȗ،,s,꒬
9,,3260815,,,,Ȗ،,s,h
9,,3260835,,,,Ȗ،,s,꒬
9,,3260023,,,,Ȗ،,s,c
9,,3260337,,,,Ȗ،,s,c
9,,3260334,,,,Ȗ،,s,a
9,,3260813,,,,Ȗ،,s,
9,,3260063,,,,Ȗ،,s,VR
9,,3260031,,,,Ȗ،,s,L
9,,3260044,,,,Ȗ،,s,
9,,3260048,,,,Ȗ،,s,ˑ勴
9,,3260041,,,,Ȗ،,s,ːVR
9,,3260043,,,,Ȗ،,s,˒
9,,3260042,,,,Ȗ،,s,˓R
9,,3260007,,,,Ȗ،,s,c
9,,3260807,,,,Ȗ،,s,吳
9,,3260056,,,,Ȗ،,s,咬
9,,3260812,,,,Ȗ،,s,
9,,3260325,,,,Ȗ،,s,
9,,3260061,,,,Ȗ،,s,c
9,,3294214,,,,Ȗ،,s,cؒ
9,,3260066,,,,Ȗ،,s,c
9,,3260822,,,,Ȗ،,s,c
9,,3260045,,,,Ȗ،,s,Β
9,,3260068,,,,Ȗ،,s,J
9,,3260022,,,,Ȗ،,s,팩
9,,3294213,,,,Ȗ،,s,
9,,3260814,,,,Ȗ،,s,
9,,3260026,,,,Ȗ،,s,Ւ
9,,3260805,,,,Ȗ،,s,b
9,,3260333,,,,Ȗ،,s,≮
9,,3260825,,,,Ȗ،,s,쒬
9,,3260001,,,,Ȗ،,s,㒬
9,,3260002,,,,Ȗ،,s,
9,,3260003,,,,Ȗ،,s,
9,,3260837,,,,Ȗ،,s,V䒬
9,,3260047,,,,Ȗ،,s,ђ
9,,3260065,,,,Ȗ،,s,㒬
9,,3260817,,,,Ȗ،,s,{
9,,3294211,,,,Ȗ،,s,꒬
9,,3260322,,,,Ȗ،,s,c
9,,3260327,,,,Ȗ،,s,H
9,,3294216,,,,Ȗ،,s,Ԓ
9,,3260143,,,,Ȗ،,s,t
9,,3260144,,,,Ȗ،,s,t쒬
9,,3260033,,,,Ȗ،,s,ԉ
9,,3260064,,,,Ȗ،,s,㒬
9,,3260034,,,,Ȗ،,s,v
9,,3260338,,,,Ȗ،,s,
9,,3260332,,,,Ȗ،,s,xV
9,,3260331,,,,Ȗ،,s,x
9,,3260037,,,,Ȗ،,s,xm
9,,3260833,,,,Ȗ،,s,{
9,,3260831,,,,Ȗ،,s,x
9,,3260808,,,,Ȗ،,s,{
9,,3260032,,,,Ȗ،,s,^
9,,3260101,,,,Ȗ،,s,c
9,,3260057,,,,Ȗ،,s,ێR
9,,3260323,,,,Ȗ،,s,쒬
9,,3260816,,,,Ȗ،,s,Β
9,,3260836,,,,Ȗ،,s,咬
9,,3260821,,,,Ȗ،,s,쒬
9,,3260027,,,,Ȗ،,s,{k
9,,3260058,,,,Ȗ،,s,w
9,,3260336,,,,Ȗ،,s,S
9,,3260015,,,,Ȗ،,s,
9,,3260806,,,,Ȗ،,s,
9,,3260321,,,,Ȗ،,s,c
9,,3260021,,,,Ȗ،,s,R쒬
9,,3260846,,,,Ȗ،,s,R
9,,3260036,,,,Ȗ،,s,퐶
9,,3260824,,,,Ȗ،,s,
9,,3260801,,,,Ȗ،,s,Ly
9,,3260804,,,,Ȗ،,s,֒
9,,3260035,,,,Ȗ،,s,F
9,,3260843,,,,Ȗ،,s,܏\
9,,3260024,,,,Ȗ،,s,ᑐ
9,,3280000,,,,Ȗ،,Ȗ؎s,ȉɌfڂȂꍇ
9,,3280035,,,,Ȗ،,Ȗ؎s,
9,,3280131,,,,Ȗ،,Ȗ؎s,
9,,3280061,,,,Ȗ،,Ȗ؎s,V䒬
9,,3280062,,,,Ȗ،,Ȗ؎s,쒬
9,,3280014,,,,Ȗ،,Ȗ؎s,
9,,3280206,,,,Ȗ،,Ȗ؎s,o
9,,3280027,,,,Ȗ،,Ȗ؎s,
9,,3280016,,,,Ȗ،,Ȗ؎s,M
9,,3280052,,,,Ȗ،,Ȗ؎s,j
9,,3280063,,,,Ȗ،,Ȗ؎s,o
9,,3294302,,,,Ȗ،,Ȗ؎s,M܏\
9,,3294303,,,,Ȗ،,Ȗ؎s,Ma
9,,3294314,,,,Ȗ،,Ȗ؎s,M쎛
9,,3294313,,,,Ȗ،,Ȗ؎s,M㉪
9,,3294307,,,,Ȗ،,Ȗ؎s,M
9,,3294305,,,,Ȗ،,Ȗ؎s,MÌ
9,,3294304,,,,Ȗ،,Ȗ؎s,MØa
9,,3294312,,,,Ȗ،,Ȗ؎s,M
9,,3294308,,,,Ȗ،,Ȗ؎s,MÌ
9,,3294309,,,,Ȗ،,Ȗ؎s,M
9,,3294316,,,,Ȗ،,Ȗ؎s,MV
9,,3294311,,,,Ȗ،,Ȗ؎s,MÍ]
9,,3294306,,,,Ȗ،,Ȗ؎s,MȃP
9,,3294315,,,,Ȗ،,Ȗ؎s,MOJ
9,,3294301,,,,Ȗ،,Ȗ؎s,Mh
9,,3280204,,,,Ȗ،,Ȗ؎s,~
9,,3280202,,,,Ȗ،,Ȗ؎s,vے
9,,3280007,,,,Ȗ،,Ȗ؎s,˒
9,,3294425,,,,Ȗ،,Ȗ؎s,啽V
9,,3294401,,,,Ȗ،,Ȗ؎s,啽v
9,,3294422,,,,Ȗ،,Ȗ؎s,啽|{
9,,3294413,,,,Ȗ،,Ȗ؎s,啽㍂
9,,3294407,,,,Ȗ،,Ȗ؎s,啽A
9,,3294412,,,,Ȗ،,Ȗ؎s,啽k
9,,3294403,,,,Ȗ،,Ȗ؎s,啽
9,,3294414,,,,Ȗ،,Ȗ؎s,啽
9,,3294406,,,,Ȗ،,Ȗ؎s,啽F
9,,3294404,,,,Ȗ،,Ȗ؎s,啽xc
9,,3294402,,,,Ȗ،,Ȗ؎s,啽y^
9,,3294421,,,,Ȗ،,Ȗ؎s,啽c
9,,3294423,,,,Ȗ،,Ȗ؎s,啽
9,,3294405,,,,Ȗ،,Ȗ؎s,啽Rc
9,,3294424,,,,Ȗ،,Ȗ؎s,啽
9,,3294415,,,,Ȗ،,Ȗ؎s,啽^|
9,,3294411,,,,Ȗ،,Ȗ؎s,啽x
9,,3280068,,,,Ȗ،,Ȗ؎s,F쒬
9,,3280011,,,,Ȗ،,Ȗ؎s,{
9,,3280133,,,,Ȗ،,Ȗ؎s,X
9,,3280065,,,,Ȗ،,Ȗ؎s,
9,,3280072,,,,Ȗ،,Ȗ؎s,ÉEq咬
9,,3280066,,,,Ȗ،,Ȗ؎s,q
9,,3280053,,,,Ȗ،,Ȗ؎s,Ж
9,,3280041,,,,Ȗ،,Ȗ؎s,͍
9,,3280123,,,,Ȗ،,Ȗ؎s,쌴c
9,,3280032,,,,Ȗ،,Ȗ؎s,_c
9,,3280122,,,,Ȗ،,Ȗ؎s,ؖn
9,,3280021,,,,Ȗ،,Ȗ؎s,vۓc
9,,3280006,,,,Ȗ،,Ȗ؎s,{
9,,3280023,,,,Ȗ،,Ȗ؎s,J
9,,3280073,,,,Ȗ،,Ȗ؎s,
9,,3280043,,,,Ȗ،,Ȗ؎s,
9,,3280064,,,,Ȗ،,Ȗ؎s,u
9,,3280033,,,,Ȗ،,Ȗ؎s,
9,,3280013,,,,Ȗ،,Ȗ؎s,a
9,,3280203,,,,Ȗ،,Ȗ؎s,K
9,,3280002,,,,Ȗ،,Ȗ؎s,yВ
9,,3280074,,,,Ȗ،,Ȗ؎s,
9,,3280003,,,,Ȗ،,Ȗ؎s,
9,,3280071,,,,Ȗ،,Ȗ؎s,咬
9,,3280004,,,,Ȗ،,Ȗ؎s,c
9,,3280135,,,,Ȗ،,Ȗ؎s,˒
9,,3280111,,,,Ȗ،,Ȗ؎s,s꒬ƒ
9,,3280105,,,,Ȗ،,Ȗ؎s,s꒬Pv
9,,3280101,,,,Ȗ،,Ȗ؎s,s꒬`
9,,3280106,,,,Ȗ،,Ȗ؎s,s꒬勴
9,,3280113,,,,Ȗ،,Ȗ؎s,s꒬
9,,3280104,,,,Ȗ،,Ȗ؎s,s꒬
9,,3280102,,,,Ȗ،,Ȗ؎s,s꒬x
9,,3280103,,,,Ȗ،,Ȗ؎s,s꒬h
9,,3280112,,,,Ȗ،,Ȗ؎s,s꒬
9,,3280107,,,,Ȗ،,Ȗ؎s,s꒬[
9,,3280114,,,,Ȗ،,Ȗ؎s,s꒬
9,,3280132,,,,Ȗ،,Ȗ؎s,
9,,3280025,,,,Ȗ،,Ȗ؎s,d㒬
9,,3280205,,,,Ȗ،,Ȗ؎s,R
9,,3220602,,,,Ȗ،,Ȗ؎s,
9,,3220601,,,,Ȗ،,Ȗ؎s,
9,,3220603,,,,Ȗ،,Ȗ؎s,{
9,,3220606,,,,Ȗ،,Ȗ؎s,{
9,,3220605,,,,Ȗ،,Ȗ؎s,^q
9,,3220604,,,,Ȗ،,Ȗ؎s,
9,,3280017,,,,Ȗ،,Ȗ؎s,ђ
9,,3280042,,,,Ȗ،,Ȗ؎s,ac
9,,3280124,,,,Ȗ،,Ȗ؎s,쒆
9,,3280075,,,,Ȗ،,Ȗ؎s,X
9,,3280024,,,,Ȗ،,Ȗ؎s,m
9,,3280031,,,,Ȗ،,Ȗ؎s,mo
9,,3280054,,,,Ȗ،,Ȗ؎s,䒬
9,,3280012,,,,Ȗ،,Ȗ؎s,
9,,3280125,,,,Ȗ،,Ȗ؎s,㒬
9,,3231102,,,,Ȗ،,Ȗ؎s,Ԗ
9,,3290316,,,,Ȗ،,Ȗ؎s,ΐ
9,,3231103,,,,Ȗ،,Ȗ؎s,
9,,3231108,,,,Ȗ،,Ȗ؎s,c
9,,3231107,,,,Ȗ،,Ȗ؎s,ca
9,,3231101,,,,Ȗ،,Ȗ؎s,O
9,,3231105,,,,Ȗ،,Ȗ؎s,b
9,,3491221,,,,Ȗ،,Ȗ؎s,{
9,,3290317,,,,Ȗ،,Ȗ؎s,ѓ
9,,3231106,,,,Ȗ،,Ȗ؎s,s
9,,3290311,,,,Ȗ،,Ȗ؎s,xg
9,,3290319,,,,Ȗ،,Ȗ؎s,
9,,3290318,,,,Ȗ،,Ȗ؎s,O
9,,3290314,,,,Ȗ،,Ȗ؎s,Vg
9,,3290312,,,,Ȗ،,Ȗ؎s,g
9,,3231104,,,,Ȗ،,Ȗ؎s,
9,,3290315,,,,Ȗ،,Ȗ؎s,
9,,3290313,,,,Ȗ،,Ȗ؎s,ΐ
9,,3280026,,,,Ȗ،,Ȗ؎s,c
9,,3280044,,,,Ȗ،,Ȗ؎s,xm
9,,3280201,,,,Ȗ،,Ȗ؎s,쒬
9,,3280121,,,,Ȗ،,Ȗ؎s,זx
9,,3280034,,,,Ȗ،,Ȗ؎s,{
9,,3280067,,,,Ȗ،,Ȗ؎s,F
9,,3280045,,,,Ȗ،,Ȗ؎s,
9,,3280022,,,,Ȗ،,Ȗ؎s,{c
9,,3280134,,,,Ȗ،,Ȗ؎s,{
9,,3280036,,,,Ȗ،,Ȗ؎s,
9,,3280051,,,,Ȗ،,Ȗ؎s,
9,,3280001,,,,Ȗ،,Ȗ؎s,
9,,3280037,,,,Ȗ،,Ȗ؎s,`
9,,3280005,,,,Ȗ،,Ȗ؎s,񋏒
9,,3280015,,,,Ȗ،,Ȗ؎s,
9,,3270000,,,,Ȗ،,s,ȉɌfڂȂꍇ
9,,3270023,,,,Ȗ،,s,
9,,3270511,,,,Ȗ،,s,
9,,3270004,,,,Ȗ،,s,ԍ⒬
9,,3270104,,,,Ȗ،,s,Ԍ
9,,3270517,,,,Ȗ،,s,HR
9,,3270525,,,,Ȗ،,s,ƒ
9,,3270831,,,,Ȗ،,s,
9,,3270011,,,,Ȗ،,s,
9,,3270815,,,,Ȗ،,s,˒
9,,3270825,,,,Ȗ،,s,ѓc
9,,3270021,,,,Ȗ،,s,ɉ꒬
9,,3270103,,,,Ȗ،,s,Β˒
9,,3270102,,,,Ȗ،,s,o
9,,3270817,,,,Ȗ،,s,ɐR
9,,3270806,,,,Ȗ،,s,㒬
9,,3270805,,,,Ȗ،,s,
9,,3270804,,,,Ȗ،,s,
9,,3270803,,,,Ȗ،,s,V
9,,3270034,,,,Ȗ،,s,ɕۓ
9,,3270307,,,,Ȗ،,s,蒬
9,,3270832,,,,Ȗ،,s,A㒬
9,,3270835,,,,Ȗ،,s,A
9,,3270837,,,,Ȗ،,s,A쒬
9,,3270322,,,,Ȗ،,s,~
9,,3270012,,,,Ȗ،,s,呠
9,,3270807,,,,Ȗ،,s,I
9,,3270033,,,,Ȗ،,s,É
9,,3270003,,,,Ȗ،,s,勴
9,,3270316,,,,Ȗ،,s,
9,,3270515,,,,Ȗ،,s,`
9,,3270523,,,,Ȗ،,s,ÑR
9,,3270015,,,,Ȗ،,s,㒬
9,,3270007,,,,Ȗ،,s,
9,,3270025,,,,Ȗ،,s,
9,,3270026,,,,Ȗ،,s,
9,,3270032,,,,Ȗ،,s,M\˒
9,,3270006,,,,Ȗ،,s,䒬
9,,3270042,,,,Ȗ،,s,Hc
9,,3270024,,,,Ȗ،,s,T䒬
9,,3270321,,,,Ȗ،,s,Քn
9,,3270827,,,,Ȗ،,s,kΘC
9,,3270043,,,,Ȗ،,s,Nc
9,,3270507,,,,Ȗ،,s,
9,,3270501,,,,Ȗ،,s,
9,,3270845,,,,Ȗ،,s,vے
9,,3270813,,,,Ȗ،,s,ђ
9,,3270822,,,,Ȗ،,s,z
9,,3270001,,,,Ȗ،,s,
9,,3270816,,,,Ȗ،,s,h
9,,3270301,,,,Ȗ،,s,쌴
9,,3270005,,,,Ȗ،,s,
9,,3270836,,,,Ȗ،,s,
9,,3270044,,,,Ȗ،,s,Hc
9,,3270325,,,,Ȗ،,s,FԒ
9,,3270302,,,,Ȗ،,s,⒬
9,,3270314,,,,Ȗ،,s,Vg
9,,3270811,,,,Ȗ،,s,֐쒬
9,,3280221,,,,Ȗ،,s,giⓌAPj
9,,3270514,,,,Ȗ،,s,gȋj
9,,3270016,,,,Ȗ،,s,j
9,,3270017,,,,Ȗ،,s,咬
9,,3270022,,,,Ȗ،,s,
9,,3270821,,,,Ȗ،,s,
9,,3270045,,,,Ȗ،,s,
9,,3270823,,,,Ȗ،,s,R
9,,3270031,,,,Ȗ،,s,c
9,,3270311,,,,Ȗ،,s,c
9,,3270317,,,,Ȗ،,s,c
9,,3270841,,,,Ȗ،,s,cV
9,,3270502,,,,Ȗ،,s,zn
9,,3270101,,,,Ȗ،,s,vے
9,,3270847,,,,Ȗ،,s,V_
9,,3270014,,,,Ȗ،,s,V
9,,3270312,,,,Ȗ،,s,Ȗ{
9,,3270323,,,,Ȗ،,s,˓ޗǒ
9,,3270844,,,,Ȗ،,s,x
9,,3270306,,,,Ȗ،,s,ˎ
9,,3270512,,,,Ȗ،,s,L㒬
9,,3270524,,,,Ȗ،,s,⒬
9,,3270504,,,,Ȗ،,s,
9,,3270002,,,,Ȗ،,s,ؒ
9,,3270842,,,,Ȗ،,s,ޗǟ
9,,3270814,,,,Ȗ،,s,Y
9,,3270802,,,,Ȗ،,s,B쒬
9,,3270303,,,,Ȗ،,s,J꒬
9,,3270508,,,,Ȗ،,s,ؒ
9,,3270231,,,,Ȗ،,s,
9,,3270801,,,,Ȗ،,s,xm
9,,3270503,,,,Ȗ،,s,xm
9,,3270305,,,,Ȗ،,s,Dz
9,,3270035,,,,Ȗ،,s,DÐ쒬
9,,3270843,,,,Ȗ،,s,xĒ
9,,3270013,,,,Ȗ،,s,{
9,,3270824,,,,Ȗ،,s,n咬
9,,3270513,,,,Ȗ،,s,q
9,,3270812,,,,Ȗ،,s,J
9,,3270304,,,,Ȗ،,s,_y
9,,3270516,,,,Ȗ،,s,ؒ
9,,3270509,,,,Ȗ،,s,{
9,,3270046,,,,Ȗ،,s,㒬
9,,3270041,,,,Ȗ،,s,ƒ
9,,3270826,,,,Ȗ،,s,ΘCR
9,,3270324,,,,Ȗ،,s,R`
9,,3270318,,,,Ȗ،,s,Rz
9,,3270505,,,,Ȗ،,s,R
9,,3270027,,,,Ȗ،,s,a
9,,3270315,,,,Ȗ،,s,gwO
9,,3270313,,,,Ȗ،,s,g
9,,3270818,,,,Ȗ،,s,ĎR쒬
9,,3270028,,,,Ȗ،,s,
9,,3270846,,,,Ȗ،,s,ᏼ
9,,3270833,,,,Ȗ،,s,{㒬
9,,3270834,,,,Ȗ،,s,{
9,,3220000,,,,Ȗ،,s,ȉɌfڂȂꍇ
9,,3220058,,,,Ȗ،,s,
9,,3220345,,,,Ȗ،,s,u
9,,3220035,,,,Ȗ،,s,
9,,3220022,,,,Ȗ،,s,
9,,3220342,,,,Ȗ،,s,c
9,,3220018,,,,Ȗ،,s,rmX
9,,3220055,,,,Ȗ،,s,΋
9,,3220062,,,,Ȗ،,s,
9,,3220536,,,,Ȗ،,s,钬
9,,3211111,,,,Ȗ،,s,
9,,3220068,,,,Ȗ،,s,{
9,,3220307,,,,Ȗ،,s,
9,,3220021,,,,Ȗ،,s,쒬
9,,3220525,,,,Ȗ،,s,ac
9,,3220005,,,,Ȗ،,s,䐬
9,,3220027,,,,Ȗ،,s,L
9,,3220304,,,,Ȗ،,s,
9,,3220252,,,,Ȗ،,s,
9,,3220015,,,,Ȗ،,s,ΐ
9,,3220102,,,,Ȗ،,s,v
9,,3220423,,,,Ȗ،,s,㔔
9,,3220254,,,,Ȗ،,s,v
9,,3220065,,,,Ȗ،,s,ޖؒ
9,,3220066,,,,Ȗ،,s,c
9,,3220045,,,,Ȗ،,s,a
9,,3280211,,,,Ȗ،,s,i
9,,3220522,,,,Ȗ،,s,ޗǕ
9,,3220346,,,,Ȗ،,s,얀
9,,3220076,,,,Ȗ،,s,
9,,3220534,,,,Ȗ،,s,Tac
9,,3220533,,,,Ȗ،,s,kԒ˒
9,,3220301,,,,Ȗ،,s,kc
9,,3220052,,,,Ȗ،,s,
9,,3220101,,,,Ȗ،,s,v
9,,3220305,,,,Ȗ،,s,
9,,3220303,,,,Ȗ،,s,v
9,,3220051,,,,Ȗ،,s,vے
9,,3220024,,,,Ȗ،,s,W]
9,,3220009,,,,Ȗ،,s,J
9,,3220008,,,,Ȗ،,s,Éu
9,,3220023,,,,Ȗ،,s,K
9,,3220028,,,,Ȗ،,s,h
9,,3220069,,,,Ȗ،,s,cR
9,,3220047,,,,Ȗ،,s,J
9,,3220078,,,,Ȗ،,s,c
9,,3220014,,,,Ȗ،,s,
9,,3220343,,,,Ȗ،,s,ڒ
9,,3220041,,,,Ȗ،,s,OK
9,,3220527,,,,Ȗ،,s,R
9,,3220017,,,,Ȗ،,s,ΐ
9,,3220103,,,,Ȗ،,s,v
9,,3220421,,,,Ȗ،,s,
9,,3220253,,,,Ȗ،,s,v
9,,3220056,,,,Ȗ،,s,ޖؒ
9,,3220256,,,,Ȗ،,s,
9,,3220004,,,,Ȗ،,s,q
9,,3220036,,,,Ȗ،,s,c
9,,3220079,,,,Ȗ،,s,
9,,3280212,,,,Ȗ،,s,i
9,,3220523,,,,Ȗ،,s,ޗǕ
9,,3220341,,,,Ȗ،,s,얀
9,,3220075,,,,Ȗ،,s,
9,,3220054,,,,Ȗ،,s,
9,,3220011,,,,Ȗ،,s,Kc
9,,3220038,,,,Ȗ،,s,L
9,,3220061,,,,Ȗ،,s,蒬
9,,3220002,,,,Ȗ،,s,n
9,,3220007,,,,Ȗ،,s,q
9,,3220072,,,,Ȗ،,s,ʓc
9,,3220057,,,,Ȗ،,s,
9,,3220067,,,,Ȗ،,s,V_
9,,3220001,,,,Ȗ،,s,ȌE
9,,3220063,,,,Ȗ،,s,˒
9,,3220006,,,,Ȗ،,s,x
9,,3220044,,,,Ȗ،,s,Ւ
9,,3220306,,,,Ȗ،,s,
9,,3220422,,,,Ȗ،,s,
9,,3220037,,,,Ȗ،,s,c
9,,3220053,,,,Ȗ،,s,
9,,3220528,,,,Ȗ،,s,ލ
9,,3220003,,,,Ȗ،,s,m_
9,,3220073,,,,Ȗ،,s,
9,,3220344,,,,Ȗ،,s,
9,,3220029,,,,Ȗ،,s,ΘC
9,,3220521,,,,Ȗ،,s,ޗǕ
9,,3220526,,,,Ȗ،,s,ؒ
9,,3220535,,,,Ȗ،,s,
9,,3220251,,,,Ȗ،,s,K
9,,3220049,,,,Ȗ،,s,ԉ
9,,3220039,,,,Ȗ،,s,L
9,,3220255,,,,Ȗ،,s,c
9,,3220074,,,,Ȗ،,s,g
9,,3220077,,,,Ȗ،,s,[
9,,3220013,,,,Ȗ،,s,[
9,,3220302,,,,Ȗ،,s,[
9,,3220532,,,,Ȗ،,s,]
9,,3220034,,,,Ȗ،,s,{
9,,3220033,,,,Ȗ،,s,{
9,,3220032,,,,Ȗ،,s,{{
9,,3220064,,,,Ȗ،,s,
9,,3220042,,,,Ȗ،,s,H
9,,3220012,,,,Ȗ،,s,
9,,3220025,,,,Ȗ،,s,Β
9,,3220531,,,,Ȗ،,s,쒬
9,,3220524,,,,Ȗ،,s,݂Ȃݒ
9,,3220071,,,,Ȗ،,s,
9,,3220031,,,,Ȗ،,s,r
9,,3220048,,,,Ȗ،,s,䒬
9,,3220046,,,,Ȗ،,s,R
9,,3220026,,,,Ȗ،,s,ΘC
9,,3220043,,,,Ȗ،,s,
9,,3220016,,,,Ȗ،,s,ʃZ^[
9,,3211400,,,,Ȗ،,s,ȉɌfڂȂꍇ
9,,3211413,,,,Ȗ،,s,
9,,3212604,,,,Ȗ،,s,ԉ
9,,3211511,,,,Ȗ،,s,
9,,3211502,,,,Ȗ،,s,ԑq
9,,3211524,,,,Ȗ،,s,ԑ
9,,3211501,,,,Ȗ،,s,
9,,3211505,,,,Ȗ،,s,̕
9,,3211512,,,,Ȗ،,s,|
9,,3211504,,,,Ȗ،,s,ԓ
9,,3211506,,,,Ȗ،,s,ԓ
9,,3211515,,,,Ȗ،,s,
9,,3211514,,,,Ȗ،,s,ʓ
9,,3211521,,,,Ȗ،,s,
9,,3211522,,,,Ȗ،,s,
9,,3211507,,,,Ȗ،,s,싴
9,,3211503,,,,Ȗ،,s,[
9,,3211508,,,,Ȗ،,s,{R
9,,3211523,,,,Ȗ،,s,
9,,3211513,,,,Ȗ،,s,
9,,3212615,,,,Ȗ،,s,܏\iRj
9,,3212806,,,,Ȗ،,s,܏\ȋj
9,,3211405,,,,Ȗ،,s,Ή
9,,3211425,,,,Ȗ،,s,a
9,,3211102,,,,Ȗ،,s,
9,,3211411,,,,Ȗ،,s,ג
9,,3212344,,,,Ȗ،,s,q
9,,3211261,,,,Ȗ،,s,s
9,,3211272,,,,Ȗ،,s,s{
9,,3211104,,,,Ȗ،,s,
9,,3212333,,,,Ȗ،,s,
9,,3212411,,,,Ȗ،,s,K
9,,3212341,,,,Ȗ،,s,
9,,3212332,,,,Ȗ،,s,厺
9,,3212402,,,,Ȗ،,s,n
9,,3212336,,,,Ȗ،,s,t
9,,3212354,,,,Ȗ،,s,Ñ
9,,3212715,,,,Ȗ،,s,IR
9,,3211401,,,,Ȗ،,s,㔫Β
9,,3212802,,,,Ȗ،,s,O
9,,3212524,,,,Ȗ،,s,q
9,,3212611,,,,Ȗ،,s,쎡쎡
9,,3212612,,,,Ȗ،,s,쎡򍂌
9,,3212614,,,,Ȗ،,s,쎡
9,,3212717,,,,Ȗ،,s,얓
9,,3212401,,,,Ȗ،,s,쎺
9,,3211273,,,,Ȗ،,s,g
9,,3212522,,,,Ȗ،,s,S{쉷匴
9,,3212526,,,,Ȗ،,s,S{쉷
9,,3211444,,,,Ȗ،,s,
9,,3211441,,,,Ȗ،,s,Ǒ
9,,3211443,,,,Ȗ،,s,Pu
9,,3211448,,,,Ȗ،,s,Vה
9,,3211442,,,,Ȗ،,s,O
9,,3211446,,,,Ȗ،,s,ꒆ˒
9,,3211447,,,,Ȗ،,s,ȃ㒬
9,,3212345,,,,Ȗ،,s,ؘac
9,,3211436,,,,Ȗ،,s,vǒ
9,,3212353,,,,Ȗ،,s,B|
9,,3212412,,,,Ȗ،,s,qP
9,,3212413,,,,Ȗ،,s,qPVc
9,,3212421,,,,Ȗ،,s,I
9,,3212713,,,,Ȗ،,s,
9,,3211106,,,,Ȗ،,s,q
9,,3211404,,,,Ȗ،,s,K
9,,3212525,,,,Ȗ،,s,z
9,,3211107,,,,Ȗ،,s,
9,,3212352,,,,Ȗ،,s,
9,,3212426,,,,Ȗ،,s,Siuj
9,,3212424,,,,Ȗ،,s,Sij
9,,3212425,,,,Ȗ،,s,Si茴j
9,,3211265,,,,Ȗ،,s,Sȋj
9,,3212427,,,,Ȗ،,s,
9,,3212355,,,,Ȗ،,s,
9,,3211431,,,,Ȗ،,s,R
9,,3212351,,,,Ȗ،,s,쎺
9,,3211423,,,,Ȗ،,s,
9,,3211276,,,,Ȗ،,s,̓
9,,3211403,,,,Ȗ،,s,Β
9,,3211263,,,,Ȗ،,s,
9,,3211264,,,,Ȗ،,s,
9,,3212804,,,,Ȗ،,s,ڑ
9,,3212405,,,,Ȗ،,s,ڏ
9,,3211277,,,,Ȗ،,s,{
9,,3212422,,,,Ȗ،,s,
9,,3212523,,,,Ȗ،,s,
9,,3212616,,,,Ȗ،,s,
9,,3211356,,,,Ȗ،,s,P
9,,3211433,,,,Ȗ،,s,
9,,3211449,,,,Ȗ،,s,O
9,,3211266,,,,Ȗ،,s,
9,,3211661,,,,Ȗ،,s,{K
9,,3211103,,,,Ȗ،,s,艪
9,,3211412,,,,Ȗ،,s,a
9,,3211421,,,,Ȗ،,s,
9,,3211274,,,,Ȗ،,s,y
9,,3212805,,,,Ȗ،,s,ƌؑ
9,,3212404,,,,Ȗ،,s,
9,,3212414,,,,Ȗ،,s,Lc
9,,3212714,,,,Ȗ،,s,yC
9,,3211354,,,,Ȗ،,s,
9,,3211108,,,,Ȗ،,s,
9,,3211402,,,,Ȗ،,s,Β
9,,3212803,,,,Ȗ،,s,O
9,,3211271,,,,Ȗ،,s,ؒ
9,,3211355,,,,Ȗ،,s,
9,,3212603,,,,Ȗ،,s,
9,,3211415,,,,Ȗ،,s,
9,,3212342,,,,Ȗ،,s,
9,,3212716,,,,Ȗ،,s,
9,,3211424,,,,Ȗ،,s,
9,,3211435,,,,Ȗ،,s,ԐΒ
9,,3212423,,,,Ȗ،,s,h
9,,3212331,,,,Ȗ،,s,jL
9,,3211414,,,,Ȗ،,s,_
9,,3212712,,,,Ȗ،,s,
9,,3211351,,,,Ȗ،,s,
9,,3212602,,,,Ȗ،,s,c
9,,3212711,,,,Ȗ،,s,
9,,3211262,,,,Ȗ،,s,P
9,,3212613,,,,Ȗ،,s,iPOSV`PQUWyщj
9,,3212521,,,,Ȗ،,s,ȋj
9,,3211105,,,,Ȗ،,s,p
9,,3211422,,,,Ȗ،,s,a
9,,3211445,,,,Ȗ،,s,ה
9,,3211434,,,,Ȗ،,s,{
9,,3212403,,,,Ȗ،,s,J
9,,3211406,,,,Ȗ،,s,
9,,3212334,,,,Ȗ،,s,
9,,3211353,,,,Ȗ،,s,쏬
9,,3211352,,,,Ȗ،,s,{
9,,3211101,,,,Ȗ،,s,_
9,,3211275,,,,Ȗ،,s,
9,,3212335,,,,Ȗ،,s,XF
9,,3211432,,,,Ȗ،,s,쒬
9,,3212356,,,,Ȗ،,s,
9,,3212343,,,,Ȗ،,s,R
9,,3211426,,,,Ȗ،,s,Rv
9,,3212601,,,,Ȗ،,s,
9,,3211662,,,,Ȗ،,s,
9,,3212801,,,,Ȗ،,s,
9,,3211407,,,,Ȗ،,s,ᐙ
9,,3212718,,,,Ȗ،,s,
9,,3230000,,,,Ȗ،,Rs,ȉɌfڂȂꍇ
9,,3290211,,,,Ȗ،,Rs,
9,,3290215,,,,Ȗ،,Rs,Ԍ
9,,3230826,,,,Ȗ،,Rs,JPJ
9,,3230824,,,,Ȗ،,Rs,JPJVc
9,,3230831,,,,Ȗ،,Rs,JPJ
9,,3230013,,,,Ȗ،,Rs,r
9,,3230006,,,,Ȗ،,Rs,r
9,,3290201,,,,Ȗ،,Rs,{
9,,3230017,,,,Ȗ،,Rs,ђ
9,,3230054,,,,Ȗ،,Rs,䉪
9,,3230051,,,,Ȗ،,Rs,
9,,3230045,,,,Ȗ،,Rs,΃m
9,,3230808,,,,Ȗ،,Rs,o
9,,3230021,,,,Ȗ،,Rs,t
9,,3230811,,,,Ȗ،,Rs,
9,,3230067,,,,Ȗ،,Rs,
9,,3290207,,,,Ȗ،,Rs,u
9,,3230022,,,,Ȗ،,Rs,wʂ
9,,3230822,,,,Ȗ،,Rs,w쒬
9,,3230058,,,,Ȗ،,Rs,쓇
9,,3230009,,,,Ȗ،,Rs,{
9,,3290228,,,,Ȗ،,Rs,
9,,3290214,,,,Ȗ،,Rs,
9,,3230001,,,,Ȗ،,Rs,
9,,3230825,,,,Ȗ،,Rs,R
9,,3290229,,,,Ȗ،,Rs,
9,,3230063,,,,Ȗ،,Rs,Β
9,,3230056,,,,Ȗ،,Rs,
9,,3230066,,,,Ȗ،,Rs,㍑{
9,,3290222,,,,Ȗ،,Rs,㐶
9,,3230069,,,,Ȗ،,Rs,㏉c
9,,3230828,,,,Ȗ،,Rs,_R
9,,3230804,,,,Ȗ،,Rs,
9,,3230014,,,,Ȗ،,Rs,
9,,3230803,,,,Ȗ،,Rs,kѓc
9,,3290221,,,,Ȗ،,Rs,
9,,3230002,,,,Ȗ،,Rs,{
9,,3230008,,,,Ȗ،,Rs,
9,,3230053,,,,Ȗ،,Rs,
9,,3290226,,,,Ȗ،,Rs,
9,,3230015,,,,Ȗ،,Rs,Oq
9,,3230043,,,,Ȗ،,Rs,
9,,3230005,,,,Ȗ،,Rs,a
9,,3230004,,,,Ȗ،,Rs,c
9,,3230064,,,,Ȗ،,Rs,Β
9,,3230055,,,,Ȗ،,Rs,
9,,3230052,,,,Ȗ،,Rs,͌c
9,,3230065,,,,Ȗ،,Rs,{
9,,3290223,,,,Ȗ،,Rs,
9,,3230068,,,,Ȗ،,Rs,c
9,,3230807,,,,Ȗ،,Rs,铌
9,,3230029,,,,Ȗ،,Rs,k
9,,3290224,,,,Ȗ،,Rs,
9,,3230025,,,,Ȗ،,Rs,R
9,,3230033,,,,Ȗ،,Rs,_
9,,3290202,,,,Ȗ،,Rs,ʒ
9,,3230061,,,,Ȗ،,Rs,
9,,3230041,,,,Ȗ،,Rs,s
9,,3230154,,,,Ȗ،,Rs,
9,,3230151,,,,Ȗ،,Rs,c
9,,3230815,,,,Ȗ،,Rs,
9,,3230062,,,,Ȗ،,Rs,
9,,3230814,,,,Ȗ،,Rs,c
9,,3230023,,,,Ȗ،,Rs,
9,,3230818,,,,Ȗ،,Rs,ˍ
9,,3230032,,,,Ȗ،,Rs,V_
9,,3230042,,,,Ȗ،,Rs,O
9,,3230812,,,,Ȗ،,Rs,y
9,,3230157,,,,Ȗ،,Rs,͌
9,,3230806,,,,Ȗ،,Rs,v
9,,3290227,,,,Ȗ،,Rs,
9,,3230156,,,,Ȗ،,Rs,
9,,3290216,,,,Ȗ،,Rs,
9,,3290203,,,,Ȗ،,Rs,c
9,,3230820,,,,Ȗ،,Rs,
9,,3230152,,,,Ȗ،,Rs,
9,,3230153,,,,Ȗ،,Rs,Vc
9,,3230046,,,,Ȗ،,Rs,
9,,3290225,,,,Ȗ،,Rs,ԓc
9,,3230801,,,,Ȗ،,Rs,`
9,,3230027,,,,Ȗ،,Rs,Ԋ_
9,,3230012,,,,Ȗ،,Rs,H
9,,3290204,,,,Ȗ،,Rs,c
9,,3230003,,,,Ȗ،,Rs,c
9,,3230829,,,,Ȗ،,Rs,
9,,3230817,,,,Ȗ،,Rs,c
9,,3290206,,,,Ȗ،,Rs,ԁXc
9,,3230802,,,,Ȗ،,Rs,Rc
9,,3230034,,,,Ȗ،,Rs,_Jiځj
9,,3230827,,,,Ȗ،,Rs,_JiԒnj
9,,3290212,,,,Ȗ،,Rs,a
9,,3230155,,,,Ȗ،,Rs,
9,,3230016,,,,Ȗ،,Rs,}K
9,,3230026,,,,Ȗ،,Rs,{
9,,3230007,,,,Ȗ،,Rs,
9,,3230044,,,,Ȗ،,Rs,Ԓ
9,,3290205,,,,Ȗ،,Rs,ԁXc
9,,3230821,,,,Ȗ،,Rs,O
9,,3290213,,,,Ȗ،,Rs,ѓc
9,,3230816,,,,Ȗ،,Rs,a
9,,3290217,,,,Ȗ،,Rs,쉳
9,,3230057,,,,Ȗ،,Rs,쏬
9,,3230011,,,,Ȗ،,Rs,씼c
9,,3230024,,,,Ȗ،,Rs,{{
9,,3230805,,,,Ȗ،,Rs,
9,,3230823,,,,Ȗ،,Rs,Vc
9,,3230158,,,,Ȗ،,Rs,
9,,3230031,,,,Ȗ،,Rs,
9,,3230813,,,,Ȗ،,Rs,q
9,,3230819,,,,Ȗ،,Rs,qVc
9,,3230028,,,,Ȗ،,Rs,ؒ
9,,3214300,,,,Ȗ،,^s,ȉɌfڂȂꍇ
9,,3214531,,,,Ȗ،,^s,c
9,,3214312,,,,Ȗ،,^s,J
9,,3214401,,,,Ȗ،,^s,ԉH
9,,3214512,,,,Ȗ،,^s,
9,,3214517,,,,Ȗ،,^s,i
9,,3214305,,,,Ȗ،,^s,r
9,,3214405,,,,Ȗ،,^s,ъL
9,,3214546,,,,Ȗ،,^s,P
9,,3214507,,,,Ȗ،,^s,Γ
9,,3214342,,,,Ȗ،,^s,ɐ
9,,3214356,,,,Ȗ،,^s,
9,,3214506,,,,Ȗ،,^s,卪c
9,,3214332,,,,Ȗ،,^s,JV
9,,3214338,,,,Ȗ،,^s,J䒬
9,,3214333,,,,Ȗ،,^s,J{
9,,3214508,,,,Ȗ،,^s,ac
9,,3214505,,,,Ȗ،,^s,
9,,3214347,,,,Ȗ،,^s,q
9,,3214353,,,,Ȗ،,^s,c
9,,3214366,,,,Ȗ،,^s,Z
9,,3214536,,,,Ȗ،,^s,]A
9,,3214542,,,,Ȗ،,^s,]
9,,3214411,,,,Ȗ،,^s,ca
9,,3214355,,,,Ȗ،,^s,
9,,3214337,,,,Ȗ،,^s,㍂Ԗ
9,,3214416,,,,Ȗ،,^s,J
9,,3214541,,,,Ȗ،,^s,JL
9,,3214363,,,,Ȗ،,^s,TR
9,,3214344,,,,Ȗ،,^s,
9,,3214367,,,,Ȗ،,^s,S{Pu
9,,3214316,,,,Ȗ،,^s,N
9,,3214406,,,,Ȗ،,^s,
9,,3214521,,,,Ȗ،,^s,vc
9,,3214522,,,,Ȗ،,^s,vc
9,,3214369,,,,Ȗ،,^s,Fq
9,,3214362,,,,Ȗ،,^s,Fq
9,,3214503,,,,Ȗ،,^s,Km
9,,3214343,,,,Ȗ،,^s,
9,,3214321,,,,Ȗ،,^s,
9,,3214535,,,,Ȗ،,^s,ÎR
9,,3214534,,,,Ȗ،,^s,
9,,3214523,,,,Ȗ،,^s,
9,,3214315,,,,Ȗ،,^s,cy
9,,3214504,,,,Ȗ،,^s,
9,,3214326,,,,Ȗ،,^s,
9,,3214402,,,,Ȗ،,^s,
9,,3214543,,,,Ȗ،,^s,]
9,,3214413,,,,Ȗ،,^s,ca
9,,3214357,,,,Ȗ،,^s,
9,,3214335,,,,Ȗ،,^s,Ԗ
9,,3214415,,,,Ȗ،,^s,ĒJ
9,,3214414,,,,Ȗ،,^s,J
9,,3214313,,,,Ȗ،,^s,{
9,,3214515,,,,Ȗ،,^s,
9,,3214545,,,,Ȗ،,^s,哹
9,,3214306,,,,Ȗ،,^s,䒬
9,,3214341,,,,Ȗ،,^s,
9,,3214511,,,,Ȗ،,^s,c
9,,3214404,,,,Ȗ،,^s,c
9,,3214325,,,,Ȗ،,^s,c
9,,3214302,,,,Ȗ،,^s,ߓc
9,,3214345,,,,Ȗ،,^s,
9,,3214368,,,,Ȗ،,^s,v
9,,3214354,,,,Ȗ،,^s,
9,,3214309,,,,Ȗ،,^s,
9,,3214351,,,,Ȗ،,^s,
9,,3214308,,,,Ȗ،,^s,
9,,3214532,,,,Ȗ،,^s,
9,,3214364,,,,Ȗ،,^s,c
9,,3214539,,,,Ȗ،,^s,
9,,3214361,,,,Ȗ،,^s,ؒ
9,,3214537,,,,Ȗ،,^s,哇
9,,3214336,,,,Ȗ،,^s,Ԗ
9,,3214307,,,,Ȗ،,^s,
9,,3214301,,,,Ȗ،,^s,c
9,,3214324,,,,Ȗ،,^s,
9,,3214516,,,,Ȗ،,^s,
9,,3214311,,,,Ȗ،,^s,{
9,,3214331,,,,Ȗ،,^s,zPu
9,,3214303,,,,Ȗ،,^s,
9,,3214403,,,,Ȗ،,^s,
9,,3214322,,,,Ȗ،,^s,哇
9,,3214304,,,,Ȗ،,^s,
9,,3214323,,,,Ȗ،,^s,
9,,3214533,,,,Ȗ،,^s,
9,,3214412,,,,Ȗ،,^s,x
9,,3214544,,,,Ȗ،,^s,x
9,,3214346,,,,Ȗ،,^s,R
9,,3214514,,,,Ȗ،,^s,˕
9,,3214314,,,,Ȗ،,^s,썂
9,,3214513,,,,Ȗ،,^s,OJ
9,,3214502,,,,Ȗ،,^s,
9,,3214547,,,,Ȗ،,^s,JLVc
9,,3214334,,,,Ȗ،,^s,؉
9,,3214365,,,,Ȗ،,^s,
9,,3214501,,,,Ȗ،,^s,c
9,,3214551,,,,Ȗ،,^s,ᗷiܒj
9,,3214352,,,,Ȗ،,^s,ᗷȋj
9,,3214538,,,,Ȗ،,^s,h
9,,3240000,,,,Ȗ،,cs,ȉɌfڂȂꍇ
9,,3240015,,,,Ȗ،,cs,Ԑ
9,,3240043,,,,Ȗ،,cs,
9,,3240061,,,,Ȗ،,cs,r
9,,3240413,,,,Ȗ،,cs,Vh
9,,3240006,,,,Ȗ،,cs,s
9,,3240064,,,,Ȗ،,cs,
9,,3240035,,,,Ȗ،,cs,t
9,,3240022,,,,Ȗ،,cs,Fc
9,,3240213,,,,Ȗ،,cs,_⎛
9,,3240025,,,,Ȗ،,cs,_
9,,3240204,,,,Ȗ،,cs,v
9,,3240242,,,,Ȗ،,cs,哤c
9,,3240236,,,,Ȗ،,cs,
9,,3240065,,,,Ȗ،,cs,
9,,3240027,,,,Ȗ،,cs,
9,,3240017,,,,Ȗ،,cs,
9,,3240001,,,,Ȗ،,cs,A
9,,3240046,,,,Ȗ،,cs,
9,,3240223,,,,Ȗ،,cs,Гc
9,,3240414,,,,Ȗ،,cs,Е{c
9,,3240013,,,,Ȗ،,cs,
9,,3240037,,,,Ȗ،,cs,Ώ
9,,3240018,,,,Ȗ،,cs,㉜
9,,3240221,,,,Ȗ،,cs,Tv
9,,3240214,,,,Ȗ،,cs,
9,,3240208,,,,Ȗ،,cs,c
9,,3240207,,,,Ȗ،,cs,͌
9,,3240202,,,,Ȗ،,cs,؍
9,,3240016,,,,Ȗ،,cs,kav
9,,3240011,,,,Ȗ،,cs,k
9,,3240224,,,,Ȗ،,cs,k
9,,3240231,,,,Ȗ،,cs,k
9,,3240205,,,,Ȗ،,cs,v얔
9,,3240014,,,,Ȗ،,cs,q
9,,3240233,,,,Ȗ،,cs,Hc
9,,3240241,,,,Ȗ،,cs,H
9,,3240003,,,,Ȗ،,cs,
9,,3240402,,,,Ȗ،,cs,Dn
9,,3240032,,,,Ȗ،,cs,vR
9,,3240246,,,,Ȗ،,cs,
9,,3240404,,,,Ȗ،,cs,Ǔy
9,,3240415,,,,Ȗ،,cs,i
9,,3240036,,,,Ȗ،,cs,Ώ
9,,3240052,,,,Ȗ،,cs,R
9,,3240055,,,,Ȗ،,cs,Vx
9,,3240042,,,,Ȗ،,cs,L
9,,3240211,,,,Ȗ،,cs,{
9,,3240212,,,,Ȗ،,cs,{
9,,3240057,,,,Ȗ،,cs,Zg
9,,3240401,,,,Ȗ،,cs,
9,,3240026,,,,Ȗ،,cs,ꉪ
9,,3240033,,,,Ȗ،,cs,
9,,3240044,,,,Ȗ،,cs,e
9,,3240056,,,,Ȗ،,cs,
9,,3240203,,,,Ȗ،,cs,h
9,,3240066,,,,Ȗ،,cs,˖
9,,3240004,,,,Ȗ،,cs,xr
9,,3240062,,,,Ȗ،,cs,c
9,,3240206,,,,Ȗ،,cs,
9,,3240405,,,,Ȗ،,cs,̌
9,,3240215,,,,Ȗ،,cs,
9,,3240005,,,,Ȗ،,cs,
9,,3240038,,,,Ȗ،,cs,
9,,3240244,,,,Ȗ،,cs,I
9,,3240023,,,,Ȗ،,cs,ԉ
9,,3240002,,,,Ȗ،,cs,Hc
9,,3240245,,,,Ȗ،,cs,Oؑ
9,,3240034,,,,Ȗ،,cs,
9,,3240412,,,,Ȗ،,cs,gc
9,,3240411,,,,Ȗ،,cs,g
9,,3240024,,,,Ȗ،,cs,
9,,3240031,,,,Ȗ،,cs,
9,,3240028,,,,Ȗ،,cs,xm
9,,3240235,,,,Ȗ،,cs,xV
9,,3240041,,,,Ȗ،,cs,{
9,,3240234,,,,Ȗ،,cs,Oc
9,,3240063,,,,Ȗ،,cs,
9,,3240045,,,,Ȗ،,cs,
9,,3240012,,,,Ȗ،,cs,
9,,3240047,,,,Ȗ،,cs,
9,,3240058,,,,Ȗ،,cs,
9,,3240053,,,,Ȗ،,cs,
9,,3240222,,,,Ȗ،,cs,q
9,,3240232,,,,Ȗ،,cs,
9,,3240051,,,,Ȗ،,cs,R̎
9,,3240403,,,,Ȗ،,cs,Ï
9,,3240243,,,,Ȗ،,cs,]
9,,3240201,,,,Ȗ،,cs,
9,,3240021,,,,Ȗ،,cs,ᑐ
9,,3240054,,,,Ȗ،,cs,ᏼ
9,,3292100,,,,Ȗ،,s,ȉɌfڂȂꍇ
9,,3292136,,,,Ȗ،,s,
9,,3292121,,,,Ȗ،,s,r
9,,3291572,,,,Ȗ،,s,
9,,3291576,,,,Ȗ،,s,Ί
9,,3292504,,,,Ȗ،,s,
9,,3292161,,,,Ȗ،,s,
9,,3291575,,,,Ȗ،,s,
9,,3291574,,,,Ȗ،,s,
9,,3292163,,,,Ȗ،,s,
9,,3291571,,,,Ȗ،,s,Љ
9,,3292155,,,,Ȗ،,s,Ж
9,,3292501,,,,Ȗ،,s,ɍ
9,,3292513,,,,Ȗ،,s,㑾c
9,,3292123,,,,Ȗ،,s,㒬
9,,3292144,,,,Ȗ،,s,蔽
9,,3292142,,,,Ȗ،,s,ؔ
9,,3292154,,,,Ȗ،,s,q|
9,,3292151,,,,Ȗ،,s,K
9,,3291573,,,,Ȗ،,s,z
9,,3291579,,,,Ȗ،,s,Ԃ
9,,3292143,,,,Ȗ،,s,
9,,3292132,,,,Ȗ،,s,
9,,3292156,,,,Ȗ،,s,c
9,,3292502,,,,Ȗ،,s,ɍ
9,,3292124,,,,Ȗ،,s,c
9,,3292162,,,,Ȗ،,s,L
9,,3292153,,,,Ȗ،,s,
9,,3292505,,,,Ȗ،,s,
9,,3292152,,,,Ȗ،,s,كm
9,,3292503,,,,Ȗ،,s,c쌴
9,,3291577,,,,Ȗ،,s,ʓc
9,,3292131,,,,Ȗ،,s,y
9,,3292145,,,,Ȗ،,s,xc
9,,3292133,,,,Ȗ،,s,Lc
9,,3292135,,,,Ȗ،,s,
9,,3292514,,,,Ȗ،,s,
9,,3292134,,,,Ȗ،,s,c
9,,3292141,,,,Ȗ،,s,쒬
9,,3292122,,,,Ȗ،,s,j
9,,3292512,,,,Ȗ،,s,
9,,3292506,,,,Ȗ،,s,
9,,3292164,,,,Ȗ،,s,{
9,,3292165,,,,Ȗ،,s,
9,,3292511,,,,Ȗ،,s,Rc
9,,3291578,,,,Ȗ،,s,Rc
9,,3250000,,,,Ȗ،,ߐ{s,ȉɌfڂȂꍇ
9,,3250103,,,,Ȗ،,ߐ{s,
9,,3292721,,,,Ȗ،,ߐ{s,
9,,3292725,,,,Ȗ،,ߐ{s,
9,,3250073,,,,Ȗ،,ߐ{s,g
9,,3250021,,,,Ȗ،,ߐ{s,
9,,3292763,,,,Ȗ،,ߐ{s,
9,,3292711,,,,Ȗ،,ߐ{s,Η
9,,3250111,,,,Ȗ،,ߐ{s,
9,,3292732,,,,Ȗ،,ߐ{s,撬
9,,3292816,,,,Ȗ،,ߐ{s,Fs
9,,3292726,,,,Ȗ،,ߐ{s,
9,,3293153,,,,Ȗ،,ߐ{s,匴
9,,3293157,,,,Ȗ،,ߐ{s,匴Ԑ
9,,3292803,,,,Ȗ،,ߐ{s,x
9,,3292804,,,,Ȗ،,ߐ{s,܌
9,,3250075,,,,Ȗ،,ߐ{s,t
9,,3292812,,,,Ȗ،,ߐ{s,
9,,3293121,,,,Ȗ،,ߐ{s,
9,,3250104,,,,Ȗ،,ߐ{s,Vc
9,,3292748,,,,Ȗ،,ߐ{s,ԓc
9,,3250026,,,,Ȗ،,ߐ{s,
9,,3293134,,,,Ȗ،,ߐ{s,ːVc
9,,3292814,,,,Ȗ،,ߐ{s,
9,,3293127,,,,Ȗ،,ߐ{s,㋽
9,,3292923,,,,Ȗ،,ߐ{s,㉖
9,,3293154,,,,Ȗ،,ߐ{s,㒆
9,,3292805,,,,Ȗ،,ߐ{s,㉡
9,,3250102,,,,Ȗ،,ߐ{s,TR
9,,3293131,,,,Ȗ،,ߐ{s,
9,,3293145,,,,Ȗ،,ߐ{s,ؑ\
9,,3292741,,,,Ȗ،,ߐ{s,kԓc
9,,3250039,,,,Ȗ،,ߐ{s,kh
9,,3292734,,,,Ȗ،,ߐ{s,k
9,,3293132,,,,Ȗ،,ߐ{s,kZ
9,,3293151,,,,Ȗ،,ߐ{s,kac
9,,3250027,,,,Ȗ،,ߐ{s,
9,,3250067,,,,Ȗ،,ߐ{s,Z
9,,3250116,,,,Ȗ،,ߐ{s,ؖȔ
9,,3293133,,,,Ȗ،,ߐ{s,B|
9,,3250017,,,,Ȗ،,ߐ{s,
9,,3250057,,,,Ȗ،,ߐ{s,K
9,,3250012,,,,Ȗ،,ߐ{s,zx
9,,3292753,,,,Ȗ،,ߐ{s,܌
9,,3250035,,,,Ȗ،,ߐ{s,
9,,3250048,,,,Ȗ،,ߐ{s,ޖؒ
9,,3250033,,,,Ȗ،,ߐ{s,
9,,3250042,,,,Ȗ،,ߐ{s,
9,,3293155,,,,Ȗ،,ߐ{s,
9,,3293142,,,,Ȗ،,ߐ{s,
9,,3292745,,,,Ȗ،,ߐ{s,O撬
9,,3293143,,,,Ȗ،,ߐ{s,O{
9,,3293122,,,,Ȗ،,ߐ{s,
9,,3293123,,,,Ȗ،,ߐ{s,Vc
9,,3292921,,,,Ȗ،,ߐ{s,
9,,3250118,,,,Ȗ،,ߐ{s,
9,,3293152,,,,Ȗ،,ߐ{s,
9,,3250025,,,,Ȗ،,ߐ{s,
9,,3292815,,,,Ȗ،,ߐ{s,
9,,3292811,,,,Ȗ،,ߐ{s,c
9,,3292712,,,,Ȗ،,ߐ{s,ic
9,,3293146,,,,Ȗ،,ߐ{s,
9,,3250054,,,,Ȗ،,ߐ{s,V
9,,3292704,,,,Ȗ،,ߐ{s,V
9,,3250071,,,,Ȗ،,ߐ{s,V
9,,3250066,,,,Ȗ،,ߐ{s,VΒ
9,,3250061,,,,Ȗ،,ߐ{s,L
9,,3250062,,,,Ȗ،,ߐ{s,Zg
9,,3292701,,,,Ȗ،,ߐ{s,֍
9,,3292801,,,,Ȗ،,ߐ{s,֒J
9,,3292747,,,,Ȗ،,ߐ{s,{
9,,3250046,,,,Ȗ،,ߐ{s,单
9,,3292813,,,,Ȗ،,ߐ{s,
9,,3250045,,,,Ȗ،,ߐ{s,
9,,3250107,,,,Ȗ،,ߐ{s,
9,,3292707,,,,Ȗ،,ߐ{s,
9,,3292735,,,,Ȗ،,ߐ{s,v
9,,3250052,,,,Ȗ،,ߐ{s,
9,,3292703,,,,Ȗ،,ߐ{s,Α
9,,3250011,,,,Ȗ،,ߐ{s,q
9,,3250016,,,,Ȗ،,ߐ{s,h
9,,3250106,,,,Ȗ،,ߐ{s,
9,,3250114,,,,Ȗ،,ߐ{s,˓c
9,,3250023,,,,Ȗ،,ߐ{s,LY
9,,3250038,,,,Ȗ،,ߐ{s,LYk
9,,3250064,,,,Ȗ،,ߐ{s,LY
9,,3250063,,,,Ȗ،,ߐ{s,LY
9,,3250065,,,,Ȗ،,ߐ{s,LY쒬
9,,3250072,,,,Ȗ،,ߐ{s,LZ
9,,3250036,,,,Ȗ،,ߐ{s,
9,,3293126,,,,Ȗ،,ߐ{s,
9,,3292924,,,,Ȗ،,ߐ{s,
9,,3292727,,,,Ȗ،,ߐ{s,ic
9,,3250013,,,,Ȗ،,ߐ{s,|
9,,3250031,,,,Ȗ،,ߐ{s,ؒ
9,,3292733,,,,Ȗ،,ߐ{s,撬
9,,3292744,,,,Ȗ،,ߐ{s,ԓc
9,,3292722,,,,Ȗ،,ߐ{s,
9,,3250101,,,,Ȗ،,ߐ{s,
9,,3292764,,,,Ȗ،,ߐ{s,x
9,,3250058,,,,Ȗ،,ߐ{s,ђ
9,,3292724,,,,Ȗ،,ߐ{s,K
9,,3292728,,,,Ȗ،,ߐ{s,h
9,,3250076,,,,Ȗ،,ߐ{s,V
9,,3292762,,,,Ȗ،,ߐ{s,xR
9,,3292755,,,,Ȗ،,ߐ{s,
9,,3292756,,,,Ȗ،,ߐ{s,O
9,,3292754,,,,Ȗ،,ߐ{s,a
9,,3292807,,,,Ȗ،,ߐ{s,ڍ
9,,3293144,,,,Ȗ،,ߐ{s,ca
9,,3250014,,,,Ȗ،,ߐ{s,
9,,3250043,,,,Ȗ،,ߐ{s,{
9,,3293124,,,,Ȗ،,ߐ{s,g
9,,3250015,,,,Ȗ،,ߐ{s,
9,,3292742,,,,Ȗ،,ߐ{s,ԓc
9,,3292761,,,,Ȗ،,ߐ{s,x
9,,3293147,,,,Ȗ،,ߐ{s,
9,,3292702,,,,Ȗ،,ߐ{s,֍
9,,3250022,,,,Ȗ،,ߐ{s,LY
9,,3250034,,,,Ȗ،,ߐ{s,
9,,3292751,,,,Ȗ،,ߐ{s,O
9,,3250041,,,,Ȗ،,ߐ{s,a
9,,3292802,,,,Ȗ،,ߐ{s,寏
9,,3292731,,,,Ȗ،,ߐ{s,
9,,3293156,,,,Ȗ،,ߐ{s,
9,,3250113,,,,Ȗ،,ߐ{s,ג|
9,,3250053,,,,Ȗ،,ߐ{s,{
9,,3250056,,,,Ȗ،,ߐ{s,{
9,,3293135,,,,Ȗ،,ߐ{s,OZ
9,,3293136,,,,Ȗ،,ߐ{s,OZ쒬
9,,3250074,,,,Ȗ،,ߐ{s,Y
9,,3292752,,,,Ȗ،,ߐ{s,O
9,,3292713,,,,Ȗ،,ߐ{s,
9,,3292743,,,,Ȗ،,ߐ{s,ԓc
9,,3292705,,,,Ȗ،,ߐ{s,싽
9,,3292723,,,,Ȗ،,ߐ{s,쒬
9,,3250105,,,,Ȗ،,ߐ{s,
9,,3250037,,,,Ȗ،,ߐ{s,
9,,3250055,,,,Ȗ،,ߐ{s,{
9,,3293125,,,,Ȗ،,ߐ{s,I
9,,3292706,,,,Ȗ،,ߐ{s,r
9,,3250115,,,,Ȗ،,ߐ{s,S
9,,3250108,,,,Ȗ،,ߐ{s,
9,,3293141,,,,Ȗ،,ߐ{s,RVc
9,,3250044,,,,Ȗ،,ߐ{s,퐶
9,,3250112,,,,Ȗ،,ߐ{s,
9,,3250117,,,,Ȗ،,ߐ{s,{
9,,3250051,,,,Ȗ،,ߐ{s,L
9,,3292922,,,,Ȗ،,ߐ{s,{
9,,3292806,,,,Ȗ،,ߐ{s,
9,,3292746,,,,Ȗ،,ߐ{s,l撬
9,,3250032,,,,Ȗ،,ߐ{s,ᑐ
9,,3250047,,,,Ȗ،,ߐ{s,t
9,,3250024,,,,Ȗ،,ߐ{s,n
9,,3291300,,,,Ȗ،,s,ȉɌfڂȂꍇ
9,,3291311,,,,Ȗ،,s,
9,,3291315,,,,Ȗ،,s,ƐVc
9,,3291323,,,,Ȗ،,s,K̗
9,,3291306,,,,Ȗ،,s,
9,,3291415,,,,Ȗ،,s,
9,,3291325,,,,Ȗ،,s,咆
9,,3291334,,,,Ȗ،,s,
9,,3291314,,,,Ȗ،,s,`ؑ
9,,3291313,,,,Ȗ،,s,`ؑVc
9,,3291304,,,,Ȗ،,s,bP
9,,3291413,,,,Ȗ،,s,
9,,3291405,,,,Ȗ،,s,}
9,,3291404,,,,Ȗ،,s,q
9,,3291332,,,,Ȗ،,s,{
9,,3291316,,,,Ȗ،,s,㈢v
9,,3291401,,,,Ȗ،,s,͌
9,,3291322,,,,Ȗ،,s,k
9,,3291412,,,,Ȗ،,s,A
9,,3291324,,,,Ȗ،,s,
9,,3291416,,,,Ȗ،,s,Pu
9,,3291312,,,,Ȗ،,s,N
9,,3291402,,,,Ȗ،,s,͌
9,,3291414,,,,Ȗ،,s,
9,,3291327,,,,Ȗ،,s,x쉪
9,,3291333,,,,Ȗ،,s,v
9,,3291301,,,,Ȗ،,s,XVc
9,,3291305,,,,Ȗ،,s,Êԓc
9,,3291321,,,,Ȗ،,s,n
9,,3291417,,,,Ȗ،,s,tBI[A
9,,3291403,,,,Ȗ،,s,
9,,3291331,,,,Ȗ،,s,
9,,3291303,,,,Ȗ،,s,R
9,,3291302,,,,Ȗ،,s,RVc
9,,3291406,,,,Ȗ،,s,ac
9,,3291326,,,,Ȗ،,s,͌
9,,3291411,,,,Ȗ،,s,hh
9,,3210600,,,,Ȗ،,ߐ{GRs,ȉɌfڂȂꍇ
9,,3210624,,,,Ȗ،,ߐ{GRs,
9,,3210629,,,,Ȗ،,ߐ{GRs,
9,,3210521,,,,Ȗ،,ߐ{GRs,q
9,,3210527,,,,Ȗ،,ߐ{GRs,F
9,,3210522,,,,Ȗ،,ߐ{GRs,
9,,3210613,,,,Ȗ،,ߐ{GRs,ؐ{
9,,3210602,,,,Ȗ،,ߐ{GRs,剱
9,,3210516,,,,Ȗ،,ߐ{GRs,嗢
9,,3210612,,,,Ȗ،,ߐ{GRs,
9,,3210528,,,,Ȗ،,ߐ{GRs,q
9,,3210636,,,,Ȗ،,ߐ{GRs,
9,,3210623,,,,Ȗ،,ߐ{GRs,\
9,,3210628,,,,Ȗ،,ߐ{GRs,
9,,3210632,,,,Ȗ،,ߐ{GRs,_
9,,3210505,,,,Ȗ،,ߐ{GRs,
9,,3210617,,,,Ȗ،,ߐ{GRs,㋫
9,,3210611,,,,Ȗ،,ߐ{GRs,
9,,3210502,,,,Ȗ،,ߐ{GRs,Fc
9,,3210534,,,,Ȗ،,ߐ{GRs,R
9,,3210511,,,,Ȗ،,ߐ{GRs,͌
9,,3210614,,,,Ȗ،,ߐ{GRs,ؐ{
9,,3210535,,,,Ȗ،,ߐ{GRs,
9,,3210513,,,,Ȗ،,ߐ{GRs,
9,,3210615,,,,Ȗ،,ߐ{GRs,
9,,3210531,,,,Ȗ،,ߐ{GRs,O
9,,3210501,,,,Ȗ،,ߐ{GRs,u
9,,3210504,,,,Ȗ،,ߐ{GRs,
9,,3210616,,,,Ȗ،,ߐ{GRs,
9,,3210622,,,,Ȗ،,ߐ{GRs,铌
9,,3210601,,,,Ȗ،,ߐ{GRs,v
9,,3210631,,,,Ȗ،,ߐ{GRs,R
9,,3210523,,,,Ȗ،,ߐ{GRs,Ȕ
9,,3210512,,,,Ȗ،,ߐ{GRs,
9,,3210633,,,,Ȗ،,ߐ{GRs,
9,,3210605,,,,Ȗ،,ߐ{GRs,c
9,,3210526,,,,Ȗ،,ߐ{GRs,cq
9,,3210621,,,,Ȗ،,ߐ{GRs,
9,,3210503,,,,Ȗ،,ߐ{GRs,
9,,3210517,,,,Ȗ،,ߐ{GRs,
9,,3210604,,,,Ȗ،,ߐ{GRs,R
9,,3210634,,,,Ȗ،,ߐ{GRs,
9,,3210626,,,,Ȗ،,ߐ{GRs,
9,,3210525,,,,Ȗ،,ߐ{GRs,
9,,3210532,,,,Ȗ،,ߐ{GRs,c
9,,3210515,,,,Ȗ،,ߐ{GRs,ȓc
9,,3210627,,,,Ȗ،,ߐ{GRs,
9,,3210533,,,,Ȗ،,ߐ{GRs,av
9,,3210625,,,,Ȗ،,ߐ{GRs,{
9,,3210635,,,,Ȗ،,ߐ{GRs,c
9,,3210514,,,,Ȗ،,ߐ{GRs,Xc
9,,3210603,,,,Ȗ،,ߐ{GRs,J
9,,3210524,,,,Ȗ،,ߐ{GRs,P
9,,3210618,,,,Ȗ،,ߐ{GRs,
9,,3290400,,,,Ȗ،,s,ȉɌfڂȂꍇ
9,,3290511,,,,Ȗ،,s,΋
9,,3230111,,,,Ȗ،,s,镔
9,,3290403,,,,Ȗ،,s,O
9,,3290413,,,,Ȗ،,s,w
9,,3290519,,,,Ȗ،,s,叼R
9,,3230103,,,,Ȗ،,s,쓇
9,,3290501,,,,Ȗ،,s,ÎR
9,,3290504,,,,Ȗ،,s,
9,,3290517,,,,Ȗ،,s,
9,,3230113,,,,Ȗ،,s,؎R
9,,3230102,,,,Ȗ،,s,gc
9,,3290411,,,,Ȗ،,s,GPX
9,,3290415,,,,Ȗ،,s,쒆q
9,,3290434,,,,Ȗ،,s,_
9,,3230114,,,,Ȗ،,s,
9,,3290414,,,,Ȗ،,s,
9,,3290417,,,,Ȗ،,s,
9,,3290402,,,,Ȗ،,s,
9,,3230101,,,,Ȗ،,s,OR
9,,3290412,,,,Ȗ،,s,
9,,3290512,,,,Ȗ،,s,΋
9,,3290502,,,,Ȗ،,s,ÎR
9,,3290513,,,,Ȗ،,s,
9,,3230115,,,,Ȗ،,s,؎R
9,,3290503,,,,Ȗ،,s,c
9,,3290424,,,,Ȗ،,s,
9,,3230106,,,,Ȗ،,s,gc
9,,3290516,,,,Ȗ،,s,
9,,3290425,,,,Ȗ،,s,c
9,,3230104,,,,Ȗ،,s,쓇
9,,3290515,,,,Ȗ،,s,
9,,3290421,,,,Ȗ،,s,c
9,,3290432,,,,Ȗ،,s,mǐ
9,,3290506,,,,Ȗ،,s,{
9,,3230116,,,,Ȗ،,s,ԓc
9,,3290518,,,,Ȗ،,s,Ԃ̖
9,,3230112,,,,Ȗ،,s,
9,,3290514,,,,Ȗ،,s,O
9,,3290507,,,,Ȗ،,s,
9,,3230107,,,,Ȗ،,s,ʓ͌
9,,3290505,,,,Ȗ،,s,גJ
9,,3290422,,,,Ȗ،,s,c
9,,3290433,,,,Ȗ،,s,
9,,3290401,,,,Ȗ،,s,
9,,3290418,,,,Ȗ،,s,
9,,3230105,,,,Ȗ،,s,{gc
9,,3290431,,,,Ȗ،,s,t
9,,3290423,,,,Ȗ،,s,Jn
9,,3290600,,,,Ȗ،,͓SO쒬,ȉɌfڂȂꍇ
9,,3290521,,,,Ȗ،,͓SO쒬,Γc
9,,3290606,,,,Ȗ،,͓SO쒬,鉪
9,,3290525,,,,Ȗ،,͓SO쒬,R
9,,3290617,,,,Ȗ،,͓SO쒬,㊗
9,,3290527,,,,Ȗ،,͓SO쒬,_
9,,3290604,,,,Ȗ،,͓SO쒬,㋽
9,,3290611,,,,Ȗ،,͓SO쒬,O
9,,3290601,,,,Ȗ،,͓SO쒬,㕶p
9,,3290522,,,,Ȗ،,͓SO쒬,쒆q
9,,3290614,,,,Ȗ،,͓SO쒬,ܕ
9,,3290613,,,,Ȗ،,͓SO쒬,
9,,3290526,,,,Ȗ،,͓SO쒬,⓰
9,,3290612,,,,Ȗ،,͓SO쒬,O{
9,,3290616,,,,Ȗ،,͓SO쒬,
9,,3290529,,,,Ȗ،,͓SO쒬,_
9,,3290618,,,,Ȗ،,͓SO쒬,炳
9,,3290524,,,,Ȗ،,͓SO쒬,
9,,3290530,,,,Ȗ،,͓SO쒬,V_
9,,3290608,,,,Ȗ،,͓SO쒬,ؑ
9,,3290605,,,,Ȗ،,͓SO쒬,
9,,3290607,,,,Ȗ،,͓SO쒬,
9,,3290603,,,,Ȗ،,͓SO쒬,
9,,3290602,,,,Ȗ،,͓SO쒬,
9,,3290615,,,,Ȗ،,͓SO쒬,O
9,,3290523,,,,Ȗ،,͓SO쒬,
9,,3290528,,,,Ȗ،,͓SO쒬,䂤u
9,,3214200,,,,Ȗ،,FSvq,ȉɌfڂȂꍇ
9,,3214102,,,,Ȗ،,FSvq,
9,,3214223,,,,Ȗ،,FSvq,~P
9,,3214221,,,,Ȗ،,FSvq,勽
9,,3214104,,,,Ȗ،,FSvq,
9,,3214103,,,,Ȗ،,FSvq,啽
9,,3214101,,,,Ȗ،,FSvq,
9,,3214212,,,,Ȗ،,FSvq,H
9,,3214226,,,,Ȗ،,FSvq,R
9,,3214105,,,,Ȗ،,FSvq,k
9,,3214222,,,,Ȗ،,FSvq,
9,,3214211,,,,Ȗ،,FSvq,H
9,,3214218,,,,Ȗ،,FSvq,
9,,3214225,,,,Ȗ،,FSvq,
9,,3214106,,,,Ȗ،,FSvq,
9,,3214107,,,,Ȗ،,FSvq,䒆
9,,3214215,,,,Ȗ،,FSvq,c
9,,3214216,,,,Ȗ،,FSvq,
9,,3214227,,,,Ȗ،,FSvq,c
9,,3214214,,,,Ȗ،,FSvq,O
9,,3214217,,,,Ȗ،,FSvq,vq
9,,3214224,,,,Ȗ،,FSvq,{
9,,3214213,,,,Ȗ،,FSvq,R{
9,,3213500,,,,Ȗ،,FSΖؒ,ȉɌfڂȂꍇ
9,,3213535,,,,Ȗ،,FSΖؒ,c
9,,3213621,,,,Ȗ،,FSΖؒ,Vq
9,,3213626,,,,Ȗ،,FSΖؒ,
9,,3213702,,,,Ȗ،,FSΖؒ,і
9,,3213705,,,,Ȗ،,FSΖؒ,
9,,3213541,,,,Ȗ،,FSΖؒ,Gc
9,,3213561,,,,Ȗ،,FSΖؒ,㋽
9,,3213534,,,,Ȗ،,FSΖؒ,~
9,,3213554,,,,Ȗ،,FSΖؒ,吣
9,,3213553,,,,Ȗ،,FSΖؒ,唨
9,,3213627,,,,Ȗ،,FSΖؒ,
9,,3213707,,,,Ȗ،,FSΖؒ,[
9,,3213624,,,,Ȗ،,FSΖؒ,R
9,,3213536,,,,Ȗ،,FSΖؒ,_
9,,3213543,,,,Ȗ،,FSΖؒ,㋽
9,,3213546,,,,Ȗ،,FSΖؒ,㐛
9,,3213703,,,,Ȗ،,FSΖؒ,͈
9,,3213706,,,,Ȗ،,FSΖؒ,͖
9,,3213622,,,,Ȗ،,FSΖؒ,k
9,,3213623,,,,Ȗ،,FSΖؒ,ؔ
9,,3213557,,,,Ȗ،,FSΖؒ,c
9,,3213566,,,,Ȗ،,FSΖؒ,
9,,3213544,,,,Ȗ،,FSΖؒ,
9,,3213542,,,,Ȗ،,FSΖؒ,
9,,3213565,,,,Ȗ،,FSΖؒ,c
9,,3213545,,,,Ȗ،,FSΖؒ,
9,,3213547,,,,Ȗ،,FSΖؒ,{
9,,3213552,,,,Ȗ،,FSΖؒ,|
9,,3213555,,,,Ȗ،,FSΖؒ,
9,,3213551,,,,Ȗ،,FSΖؒ,
9,,3213563,,,,Ȗ،,FSΖؒ,
9,,3114411,,,,Ȗ،,FSΖؒ,ORi؋j
9,,3213533,,,,Ȗ،,FSΖؒ,ORȋj
9,,3213628,,,,Ȗ،,FSΖؒ,[
9,,3213625,,,,Ȗ،,FSΖؒ,
9,,3213562,,,,Ȗ،,FSΖؒ,n
9,,3213704,,,,Ȗ،,FSΖؒ,q
9,,3213564,,,,Ȗ،,FSΖؒ,
9,,3213556,,,,Ȗ،,FSΖؒ,c
9,,3213532,,,,Ȗ،,FSΖؒ,O
9,,3213531,,,,Ȗ،,FSΖؒ,Ζ
9,,3213701,,,,Ȗ،,FSΖؒ,R
9,,3213400,,,,Ȗ،,FSsL,ȉɌfڂȂꍇ
9,,3213426,,,,Ȗ،,FSsL,ԉH
9,,3213422,,,,Ȗ،,FSsL,Ή
9,,3213423,,,,Ȗ،,FSsL,s
9,,3213405,,,,Ȗ،,FSsL,J
9,,3213424,,,,Ȗ،,FSsL,㍪
9,,3213411,,,,Ȗ،,FSsL,c
9,,3213421,,,,Ȗ،,FSsL,c
9,,3213406,,,,Ȗ،,FSsL,c
9,,3213414,,,,Ȗ،,FSsL,ŒJ
9,,3213415,,,,Ȗ،,FSsL,R
9,,3213401,,,,Ȗ،,FSsL,|
9,,3213425,,,,Ȗ،,FSsL,c
9,,3213412,,,,Ȗ،,FSsL,c
9,,3213404,,,,Ȗ،,FSsL,J
9,,3213403,,,,Ȗ،,FSsL,H
9,,3213413,,,,Ȗ،,FSsL,J
9,,3213402,,,,Ȗ،,FSsL,
9,,3213300,,,,Ȗ،,FSF꒬,ȉɌfڂȂꍇ
9,,3213303,,,,Ȗ،,FSF꒬,ѓc
9,,3213314,,,,Ȗ،,FSF꒬,ŉzVc
9,,3213304,,,,Ȗ،,FSF꒬,c
9,,3213307,,,,Ȗ،,FSF꒬,c
9,,3213302,,,,Ȗ،,FSF꒬,ѓc
9,,3213311,,,,Ȗ،,FSF꒬,㉄
9,,3213323,,,,Ȗ،,FSF꒬,k
9,,3213301,,,,Ȗ،,FSF꒬,
9,,3213321,,,,Ȗ،,FSF꒬,
9,,3213312,,,,Ȗ،,FSF꒬,
9,,3213315,,,,Ȗ،,FSF꒬,
9,,3213324,,,,Ȗ،,FSF꒬,
9,,3213325,,,,Ȗ،,FSF꒬,F
9,,3213313,,,,Ȗ،,FSF꒬,
9,,3213322,,,,Ȗ،,FSF꒬,
9,,3213305,,,,Ȗ،,FSF꒬,Fu
9,,3213306,,,,Ȗ،,FSF꒬,b
9,,3213316,,,,Ȗ،,FSF꒬,^\
9,,3210200,,,,Ȗ،,sSp,ȉɌfڂȂꍇ
9,,3210206,,,,Ȗ،,sSp,ڂ̒
9,,3210213,,,,Ȗ،,sSp,ݒ
9,,3210222,,,,Ȗ،,sSp,w
9,,3210218,,,,Ȗ،,sSp,
9,,3210202,,,,Ȗ،,sSp,̂܂
9,,3210224,,,,Ȗ،,sSp,\
9,,3210236,,,,Ȗ،,sSp,t
9,,3210231,,,,Ȗ،,sSp,c
9,,3210207,,,,Ȗ،,sSp,k
9,,3210211,,,,Ȗ،,sSp,J
9,,3210212,,,,Ȗ،,sSp,
9,,3210203,,,,Ȗ،,sSp,K
9,,3210217,,,,Ȗ،,sSp,
9,,3210237,,,,Ȗ،,sSp,t
9,,3210233,,,,Ȗ،,sSp,J
9,,3210228,,,,Ȗ،,sSp,t
9,,3210226,,,,Ȗ،,sSp,
9,,3210227,,,,Ȗ،,sSp,ʒ
9,,3210232,,,,Ȗ،,sSp,
9,,3210235,,,,Ȗ،,sSp,c
9,,3210234,,,,Ȗ،,sSp,Hc
9,,3210219,,,,Ȗ،,sSp,ac
9,,3210221,,,,Ȗ،,sSp,
9,,3210225,,,,Ȗ،,sSp,{
9,,3210204,,,,Ȗ،,sSp,Β
9,,3210214,,,,Ȗ،,sSp,pb
9,,3210215,,,,Ȗ،,sSp,p
9,,3210216,,,,Ȗ،,sSp,p
9,,3210238,,,,Ȗ،,sSp,݂ԉHcYƒcn
9,,3210223,,,,Ȗ،,sSp,
9,,3210201,,,,Ȗ،,sSp,
9,,3210205,,,,Ȗ،,sSp,ᑐ
9,,3290100,,,,Ȗ،,sSؒ,ȉɌfڂȂꍇ
9,,3290102,,,,Ȗ،,sSؒ,
9,,3290105,,,,Ȗ،,sSؒ,c
9,,3290104,,,,Ȗ،,sSؒ,
9,,3290101,,,,Ȗ،,sSؒ,F
9,,3290113,,,,Ȗ،,sSؒ,J
9,,3290114,,,,Ȗ،,sSؒ,
9,,3290115,,,,Ȗ،,sSؒ,n
9,,3290111,,,,Ȗ،,sSؒ,ۗ
9,,3290112,,,,Ȗ،,sSؒ,Ԓ
9,,3290103,,,,Ȗ،,sSؒ,
9,,3292200,,,,Ȗ،,JSJ,ȉɌfڂȂꍇ
9,,3292225,,,,Ȗ،,JSJ,щ
9,,3292337,,,,Ȗ،,JSJ,
9,,3292339,,,,Ȗ،,JSJ,
9,,3292335,,,,Ȗ،,JSJ,㕽
9,,3292334,,,,Ȗ،,JSJ,v
9,,3292332,,,,Ȗ،,JSJ,{
9,,3292336,,,,Ȗ،,JSJ,
9,,3292338,,,,Ȗ،,JSJ,Rc
9,,3292224,,,,Ȗ،,JSJ,}
9,,3212501,,,,Ȗ،,JSJ,㎛iPUTRAPUUPAPUVWAPUXSԒnj
9,,3292216,,,,Ȗ،,JSJ,㎛ȋj
9,,3292212,,,,Ȗ،,JSJ,썲
9,,3292213,,,,Ȗ،,JSJ,Fm
9,,3292442,,,,Ȗ،,JSJ,
9,,3292215,,,,Ȗ،,JSJ,
9,,3292331,,,,Ȗ،,JSJ,c
9,,3292221,,,,Ȗ،,JSJ,ʐ
9,,3292222,,,,Ȗ،,JSJ,
9,,3292211,,,,Ȗ،,JSJ,HVc
9,,3292223,,,,Ȗ،,JSJ,
9,,3292214,,,,Ȗ،,JSJ,[
9,,3292333,,,,Ȗ،,JSJ,I
9,,3292441,,,,Ȗ،,JSJ,D
9,,3292226,,,,Ȗ،,JSJ,Vc
9,,3291200,,,,Ȗ،,JS,ȉɌfڂȂꍇ
9,,3291205,,,,Ȗ،,JS,ю
9,,3291225,,,,Ȗ،,JS,Ζ
9,,3291217,,,,Ȗ،,JS,c
9,,3291226,,,,Ȗ،,JS,J
9,,3291201,,,,Ȗ،,JS,`ؑ
9,,3291235,,,,Ȗ،,JS,㈢v
9,,3291212,,,,Ȗ،,JS,㔐
9,,3291224,,,,Ȗ،,JS,㍂
9,,3291211,,,,Ȗ،,JS,T
9,,3291215,,,,Ȗ،,JS,
9,,3291223,,,,Ȗ،,JS,IP
9,,3291216,,,,Ȗ،,JS,KE
9,,3291232,,,,Ȗ،,JS,z
9,,3291213,,,,Ȗ،,JS,
9,,3291222,,,,Ȗ،,JS,n
9,,3291234,,,,Ȗ،,JS,v
9,,3291214,,,,Ȗ،,JS,
9,,3291221,,,,Ȗ،,JS,J
9,,3291202,,,,Ȗ،,JS,ԓc
9,,3291207,,,,Ȗ،,JS,ԉ
9,,3291206,,,,Ȗ،,JS,c
9,,3291203,,,,Ȗ،,JS,v
9,,3291204,,,,Ȗ،,JS,p
9,,3291233,,,,Ȗ،,JS,ώ
9,,3291231,,,,Ȗ،,JS,Α
9,,3293200,,,,Ȗ،,ߐ{Sߐ{,ȉɌfڂȂꍇ
9,,3293443,,,,Ȗ،,ߐ{Sߐ{,
9,,3293432,,,,Ȗ،,ߐ{Sߐ{,
9,,3293436,,,,Ȗ،,ߐ{Sߐ{,ɉ
9,,3293447,,,,Ȗ،,ߐ{Sߐ{,
9,,3293221,,,,Ȗ،,ߐ{Sߐ{,
9,,3293223,,,,Ȗ،,ߐ{Sߐ{,哇
9,,3293431,,,,Ȗ،,ߐ{Sߐ{,唨
9,,3293433,,,,Ȗ،,ߐ{Sߐ{,a{
9,,3250304,,,,Ȗ،,ߐ{Sߐ{,vbiQWWWATQTU`UPSOAURQWAUSRVj
9,,3250001,,,,Ȗ،,ߐ{Sߐ{,vbȋj
9,,3250303,,,,Ȗ،,ߐ{Sߐ{,v
9,,3250002,,,,Ȗ،,ߐ{Sߐ{,viρARqj
9,,3250302,,,,Ȗ،,ߐ{Sߐ{,vȋj
9,,3293444,,,,Ȗ،,ߐ{Sߐ{,qiVO`PWOԒnj
9,,3250003,,,,Ȗ،,ߐ{Sߐ{,qiVQOԒnj
9,,3293215,,,,Ȗ،,ߐ{Sߐ{,qȋj
9,,3293222,,,,Ȗ،,ߐ{Sߐ{,q
9,,3293212,,,,Ȗ،,ߐ{Sߐ{,x
9,,3293213,,,,Ȗ،,ߐ{Sߐ{,L
9,,3293211,,,,Ȗ،,ߐ{Sߐ{,Lb
9,,3293224,,,,Ȗ،,ߐ{Sߐ{,L
9,,3293225,,,,Ȗ،,ߐ{Sߐ{,L
9,,3293446,,,,Ȗ،,ߐ{Sߐ{,
9,,3293445,,,,Ȗ،,ߐ{Sߐ{,
9,,3293437,,,,Ȗ،,ߐ{Sߐ{,
9,,3293435,,,,Ȗ،,ߐ{Sߐ{,r
9,,3293434,,,,Ȗ،,ߐ{Sߐ{,
9,,3250301,,,,Ȗ،,ߐ{Sߐ{,{
9,,3293214,,,,Ȗ،,ߐ{Sߐ{,iPTURAPUUOAPUVOAPVQWAPVRUAPVS
9,,3293214,,,,Ȗ،,ߐ{Sߐ{,WAPVUV|SԒnj
9,,3293442,,,,Ȗ،,ߐ{Sߐ{,ȋj
9,,3293441,,,,Ȗ،,ߐ{Sߐ{,
9,,3240600,,,,Ȗ،,ߐ{S߉ϐ쒬,ȉɌfڂȂꍇ
9,,3240605,,,,Ȗ،,ߐ{S߉ϐ쒬,
9,,3240606,,,,Ȗ،,ߐ{S߉ϐ쒬,ߒn
9,,3240601,,,,Ȗ،,ߐ{S߉ϐ쒬,Rc㋽
9,,3240602,,,,Ȗ،,ߐ{S߉ϐ쒬,Rc
9,,3240501,,,,Ȗ،,ߐ{S߉ϐ쒬,
9,,3240503,,,,Ȗ،,ߐ{S߉ϐ쒬,c
9,,3240515,,,,Ȗ،,ߐ{S߉ϐ쒬,Е
9,,3240617,,,,Ȗ،,ߐ{S߉ϐ쒬,kc
9,,3240504,,,,Ȗ،,ߐ{S߉ϐ쒬,
9,,3240614,,,,Ȗ،,ߐ{S߉ϐ쒬,vߐ
9,,3240611,,,,Ȗ،,ߐ{S߉ϐ쒬,
9,,3240618,,,,Ȗ،,ߐ{S߉ϐ쒬,
9,,3240506,,,,Ȗ،,ߐ{S߉ϐ쒬,@
9,,3240513,,,,Ȗ،,ߐ{S߉ϐ쒬,v
9,,3240514,,,,Ȗ،,ߐ{S߉ϐ쒬,
9,,3240608,,,,Ȗ،,ߐ{S߉ϐ쒬,
9,,3240616,,,,Ȗ،,ߐ{S߉ϐ쒬,xR
9,,3240613,,,,Ȗ،,ߐ{S߉ϐ쒬,n
9,,3240516,,,,Ȗ،,ߐ{S߉ϐ쒬,˓c
9,,3240615,,,,Ȗ،,ߐ{S߉ϐ쒬,
9,,3240502,,,,Ȗ،,ߐ{S߉ϐ쒬,O
9,,3240604,,,,Ȗ،,ߐ{S߉ϐ쒬,
9,,3240603,,,,Ȗ،,ߐ{S߉ϐ쒬,J
9,,3240512,,,,Ȗ،,ߐ{S߉ϐ쒬,Jc
9,,3240607,,,,Ȗ،,ߐ{S߉ϐ쒬,
9,,3240505,,,,Ȗ،,ߐ{S߉ϐ쒬,F
9,,3240511,,,,Ȗ،,ߐ{S߉ϐ쒬,gc
9,,3240612,,,,Ȗ،,ߐ{S߉ϐ쒬,a
