144,M׸̪fe180ml,׸̪,144,144,׸̪,144,׸̪,M׸̪fe180ml,׸̪
140,M޽ 180ml,޽,140,140,޽,140,޽,M޽ 180ml,޽
129,Mݍ| 125ml,ݍ|,129,129,ݍ|,129,ݍ|,Mݍ| 125ml,ݍ|
129,MJ_ְ,炾Y,129,129,炾Y,129,炾Y,MJ_ְ,炾Y
129,Mְ̂110g,ވY,129,129,ވY,129,ވY,Mְ̂110g,ވY
129,M[125,[,129,129,[,129,[,M[125,[
129,M180,Xi,129,129,Xi,129,Xi,M180,Xi
129,M˰ 180ml,Xi˰,129,129,Xi˰,129,Xi˰,M˰ 180ml,Xi˰
129,Mٸ 180ml,Xi,129,129,Xi,129,Xi,Mٸ 180ml,Xi
140,MQ10l125,Q10l,140,140,Q10l,140,Q10l,MQ10l125,Q10l
140,Mٺݥ۲125,ٺ݂ƺ,140,140,ٺ݂ƺ,140,ٺ݂ƺ,Mٺݥ۲125,ٺ݂ƺ
140,Mu125,u,140,140,u,140,u,Mu125,u
129,Mа180,а,129,129,а,129,а,Mа180,а
129,M200,,129,129,,129,,M200,
119,M߯200ml,XiAB200m,119,119,XiAB200m,119,XiAB200m,M߯200ml,XiAB200m
292,گē_ې`3P,گ `,292,292,گ `,292,گ `,گē_ې`3P,گ `
140,Mбٸ125ml,бٸ1,140,140,бٸ1,140,бٸ1,Mбٸ125ml,бٸ1
129,MΒK125,Β,129,129,Β,129,Β,MΒK125,Β
129,qɂY180,q ,129,129,q ,129,q ,qɂY180,q 
172,Pnݸد̨݇C,̨݇C,172,172,̨݇C,172,̨݇C,Pnݸد̨݇C,̨݇C
103,߽ ̨݇A,̨݇A,103,103,̨݇A,103,̨݇A,߽ ̨݇A,̨݇A
144,M290,,144,144,,144,,M290,
125,߽ ڰگއB,ڰگ,125,125,ڰگ,125,ڰگ,߽ ڰگއB,ڰگ
194,߽ nH݇C,H݇C,194,194,H݇C,194,H݇C,߽ nH݇C,H݇C
119, A_130, 130,119,119, 130,119, 130, A_130, 130
194,M۴ְ2P,۴2P,194,194,۴2P,194,۴2P,M۴ְ2P,۴2P
0,`Vzz,`Vzz,0,0,`Vzz,0,`Vzz,`Vzz,`Vzz
267,M1l,,267,267,,267,,M1l,
103,߽ n۰هB,n۰هB,103,103,n۰هB,103,n۰هB,߽ n۰هB,n۰هB
2700,M~ɂɂ ,~ɂɂ,2700,2700,~ɂɂ,2700,~ɂɂ,M~ɂɂ ,~ɂɂ
194,߽ nH݇D,߽nD,194,194,߽nD,194,߽nD,߽ nH݇D,߽nD
129,M)׸̪ 180ml, ׸̪,129,129, ׸̪,129, ׸̪,M)׸̪ 180ml, ׸̪
543,Mv,v,543,543,v,543,v,Mv,v
75,MAB100mi,XiAB100,75,75,XiAB100,75,XiAB100,MAB100mi,XiAB100
129,M)u125ml,(),129,129,(),129,(),M)u125ml,()
129,ؑ)ְ100,() ,129,129,() ,129,() ,ؑ)ְ100,() 
129,q ذְ90ml,q ְ,129,129,q ְ,129,q ְ,q ذְ90ml,q ְ
308,M300~(),300~(,308,308,300~(,308,300~(,M300~(),300~(
247,MᎉbPL,,247,247,,247,,MᎉbPL,
144,M290,,144,144,,144,,M290,
308,M300(˰),300~(,308,308,300~(,308,300~(,M300(˰),300~(
2036,JMײ,ײ,2036,2036,ײ,2036,ײ,JMײ,ײ
515,M500~(аEY),500~(R,515,515,500~(R,515,500~(R,M500~(аEY),500~(R
308,M300~(K),300~(,308,308,300~(,308,300~(,M300~(K),300~(
3024,JMݽ޶ް,,3024,3024,,3024,,JMݽ޶ް,
3780,JM׶Ȱ޶װذ,ذ,3780,3780,ذ,3780,ذ,JM׶Ȱ޶װذ,ذ
246,G&1L,&,246,246,&,246,&,G&1L,&
216,GCȂᎉb1L,ᎉb1l,216,216,ᎉb1l,216,ᎉb1l,GCȂᎉb1L,ᎉb1l
237,G1L,غ,237,237,غ,237,غ,G1L,غ
129,Gְ,,129,129,,129,,Gְ,
1728,GؑĂ܂24{,ԻϽ,1728,1728,ԻϽ,1728,ԻϽ,GؑĂ܂24{,ԻϽ
204,GHְ400g,Hְ,204,204,Hְ,204,Hְ,GHְ400g,Hְ
237,GS̑1L,G CAƓS,237,237,G CAƓS,237,G CAƓS,GS̑1L,G CAƓS
192,G޵1L,޵,192,192,޵,192,޵,G޵1L,޵
617,G70*6,6,617,617,6,617,6,G70*6,6
1555,GؑĂ܂12{,ؑ,1555,1555,ؑ,1555,ؑ,GؑĂ܂12{,ؑ
165,GMB500ml,MB,165,165,MB,165,MB,GMB500ml,MB
129,GؑĂ܂125,ؑ,129,129,ؑ,129,ؑ,GؑĂ܂125,ؑ
0,GPL,غ1L,0,0,غ1L,0,غ1L,GPL,غ1L
140,ܲē_׽SP,_׽,140,140,_׽,140,_׽,ܲē_׽SP,_׽
108,ܲĸ,,108,108,,108,,ܲĸ,
103,߽ nH݇B,n H,103,103,n H,103,n H,߽ nH݇B,n H
513,qɔ̖720,̖,513,513,̖,513,̖,qɔ̖720,̖
152,qɔ̖180ml,q,152,152,q,152,q,qɔ̖180ml,q
113,qɈǐm90ml,q ǐm,113,113,q ǐm,113,q ǐm,qɈǐm90ml,q ǐm
