9200273,ܹ,θݳ,,ΐ쌧,͖kS咬,AJVA,53,,y
9200275,ܹ,θݳ,˶޵,ΐ쌧,͖kS咬,Pu,53,,y
9200266,ܹ,θݳ,,ΐ쌧,͖kS咬,卪z,53,,y
9200272,ܹ,θݳ,ֳ޲,ΐ쌧,͖kS咬,z,53,,y
9200263,ܹ,θݳ,,ΐ쌧,͖kS咬,ΐ,53,,y
9200269,ܹ,θݳ,޲,ΐ쌧,͖kS咬,,53,,y
9200265,ܹ,θݳ,޲޸,ΐ쌧,͖kS咬,w,53,,y
9200267,ܹ,θݳ,޲,ΐ쌧,͖kS咬,吴,53,,y
9200277,ܹ,θݳ,޲,ΐ쌧,͖kS咬,璹,53,,y
9200271,ܹ,θݳ,ٶ޵,ΐ쌧,͖kS咬,߃Pu,53,,y
9200262,ܹ,θݳ,Ƽ,ΐ쌧,͖kS咬,r,53,,y
9200268,ܹ,θݳ,Ž,ΐ쌧,͖kS咬,n}iX,53,,y
9200276,ܹ,θݳ,޲,ΐ쌧,͖kS咬,Α,53,,y
9200264,ܹ,θݳ,Ի,ΐ쌧,͖kS咬,{,53,,y
9200274,ܹ,θݳ,Ѷܶ޻,ΐ쌧,͖kS咬,,53,,y
9200261,ܹ,θݳ,,ΐ쌧,͖kS咬,,53,,y
